Hour,Volume (NmL),Flow (nML/h)
0,0,0
0.25,0,0
0.5,0,0
0.75,0,0
1,0,0
1.25,0,0
1.5,0,0
1.75,0,0
2,0,0
2.25,0,0
2.5,0,0
2.75,0,0
3,0,0
3.25,0,0
3.5,0,0
3.75,0,0
4,0,0
4.25,0,0
4.5,0,0
4.75,0,0
5,0,0
5.25,0,0
5.5,0,0
5.75,0,0
6,0,0
6.25,0,0
6.5,0,0
6.75,0,0
7,0,0
7.25,0,0
7.5,0,0
7.75,0,0
8,0,0
8.25,0,0
8.5,0,0
8.75,0,0
9,0,0
9.25,0,0
9.5,0,0
9.75,0,0
10,0,0
10.25,0,0
10.5,0,0
10.75,0,0
11,0,0
11.25,0,0
11.5,0,0
11.75,0,0
12,0,0
12.25,0,0
12.5,0,0
12.75,0,0
13,0,0
13.25,0,0
13.5,0,0
13.75,0,0
14,0,0
14.25,0,0
14.5,0,0
14.75,0,0
15,0,0
15.25,0,0
15.5,0,0
15.75,0,0
16,0,0
16.25,0,0
16.5,0,0
16.75,0,0
17,0,0
17.25,0,0
17.5,0,0
17.75,0,0
18,0,0
18.25,0,0
18.5,0,0
18.75,0,0
19,0,0
19.25,0,0
19.5,0,0
19.75,0,0
20,0,0
20.25,0,0
20.5,0,0
20.75,0,0
21,0,0
21.25,0,0
21.5,0,0
21.75,0,0
22,0,0
22.25,0,0
22.5,0,0
22.75,0,0
23,0,0
23.25,0,0
23.5,0,0
23.75,0,0
24,0,0
24.25,0,0
24.5,0,0
24.75,0,0
25,0,0
25.25,0,0
25.5,0,0
25.75,0,0
26,0,0
26.25,0,0
26.5,0,0
26.75,0,0
27,0,0
27.25,0,0
27.5,0,0
27.75,0,0
28,0,0
28.25,0,0
28.5,0,0
28.75,0,0
29,0,0
29.25,0,0
29.5,0,0
29.75,0,0
30,0,0
30.25,0,0
30.5,0,0
30.75,0,0
31,0,0
31.25,0,0
31.5,0,0
31.75,0,0
32,0,0
32.25,0,0
32.5,0,0
32.75,0,0
33,0,0
33.25,0,0
33.5,0,0
33.75,0,0
34,0,0
34.25,0,0
34.5,0,0
34.75,0,0
35,0,0
35.25,0,0
35.5,0,0
35.75,0,0
36,0,0
36.25,0,0
36.5,0,0
36.75,0,0
37,0,0
37.25,0,0
37.5,0,0
37.75,0,0
38,0,0
38.25,0,0
38.5,0,0
38.75,0,0
39,0,0
39.25,0,0
39.5,0,0
39.75,0,0
40,0,0
40.25,0,0
40.5,0,0
40.75,0,0
41,0,0
41.25,0,0
41.5,0,0
41.75,0,0
42,0,0
42.25,0,0
42.5,0,0
42.75,0,0
43,0,0
43.25,0,0
43.5,0,0
43.75,0,0
44,0,0
44.25,0,0
44.5,0,0
44.75,0,0
45,0,0
45.25,0,0
45.5,0,0
45.75,0,0
46,0,0
46.25,0,0
46.5,0,0
46.75,0,0
47,0,0
47.25,0,0
47.5,0,0
47.75,0,0
48,0,0
48.25,0,0
48.5,0,0
48.75,0,0
49,0,0
49.25,0,0
49.5,0,0
49.75,0,0
50,0,0
50.25,0,0
50.5,0,0
50.75,0,0
51,0,0
51.25,0,0
51.5,0,0
51.75,0,0
52,0,0
52.25,0,0
52.5,0,0
52.75,0,0
53,0,0
53.25,0,0
53.5,0,0
53.75,0,0
54,0,0
54.25,0,0
54.5,0,0
54.75,0,0
55,0,0
55.25,0,0
55.5,0,0
55.75,0,0
56,0,0
56.25,0,0
56.5,0,0
56.75,0,0
57,0,0
57.25,0,0
57.5,0,0
57.75,0,0
58,0,0
58.25,0,0
58.5,0,0
58.75,0,0
59,0,0
59.25,0,0
59.5,0,0
59.75,0,0
60,0,0
60.25,0,0
60.5,0,0
60.75,0,0
61,0,0
61.25,0,0
61.5,0,0
61.75,0,0
62,0,0
62.25,0,0
62.5,0,0
62.75,0,0
63,0,0
63.25,0,0
63.5,0,0
63.75,0,0
64,0,0
64.25,0,0
64.5,0,0
64.75,0,0
65,0,0
65.25,0,0
65.5,0,0
65.75,0,0
66,0,0
66.25,0,0
66.5,0,0
66.75,0,0
67,0,0
67.25,0,0
67.5,0,0
67.75,0,0
68,0,0
68.25,0,0
68.5,0,0
68.75,0,0
69,0,0
69.25,0,0
69.5,0.1,0.2
69.75,0.2,0.7
70,0.4,0.6
70.25,0.5,0.5
70.5,0.6,0.5
70.75,0.8,0.5
71,0.9,0.5
71.25,1,0.5
71.5,1,0.2
71.75,1.1,0.1
72,1.1,0.1
72.25,1.1,0.1
72.5,1.1,0.1
72.75,1.1,0.1
73,1.1,0.1
73.25,1.1,0.1
73.5,1.2,0.1
73.75,1.2,0.1
74,1.2,0.1
74.25,1.2,0.1
74.5,1.2,0.1
74.75,1.2,0.1
75,1.2,0.1
75.25,1.2,0.1
75.5,1.3,0.1
75.75,1.3,0.1
76,1.3,0.1
76.25,1.3,0.1
76.5,1.3,0.1
76.75,1.3,0.1
77,1.3,0.1
77.25,1.3,0.1
77.5,1.4,0.1
77.75,1.4,0.1
78,1.4,0.1
78.25,1.4,0.1
78.5,1.4,0.1
78.75,1.4,0.1
79,1.4,0.1
79.25,1.4,0.1
79.5,1.5,0.1
79.75,1.5,0.1
80,1.5,0.1
80.25,1.5,0.1
80.5,1.5,0.1
80.75,1.5,0.1
81,1.5,0.1
81.25,1.5,0.1
81.5,1.6,0.1
81.75,1.6,0.1
82,1.6,0.1
82.25,1.6,0.1
82.5,1.6,0.1
82.75,1.6,0.1
83,1.6,0.1
83.25,1.6,0.1
83.5,1.7,0.1
83.75,1.7,0.1
84,1.7,0.1
84.25,1.7,0.1
84.5,1.7,0.1
84.75,1.7,0.1
85,1.7,0.1
85.25,1.7,0.1
85.5,1.8,0.1
85.75,1.8,0.1
86,1.8,0.1
86.25,1.8,0.1
86.5,1.8,0.1
86.75,1.8,0.1
87,1.8,0.1
87.25,1.8,0.1
87.5,1.9,0.1
87.75,1.9,0.1
88,1.9,0.1
88.25,1.9,0.1
88.5,1.9,0.1
88.75,1.9,0.1
89,1.9,0.1
89.25,1.9,0.1
89.5,2,0.1
89.75,2,0.1
90,2,0.1
90.25,2,0.1
90.5,2,0.1
90.75,2,0.1
91,2,0.1
91.25,2.1,0.2
91.5,2.2,0.6
91.75,2.4,0.6
92,2.5,0.6
92.25,2.7,0.6
92.5,2.8,0.6
92.75,3,0.6
93,3.1,0.6
93.25,3.3,0.6
93.5,5.1,7.2
93.75,5.3,1.1
94,5.6,1.1
94.25,5.9,1.1
94.5,6.1,1.1
94.75,6.4,1.1
95,6.7,1.1
95.25,9,9.3
95.5,9,0.1
95.75,9,0.1
96,9.1,0.1
96.25,9.1,0.1
96.5,9.1,0.1
96.75,9.1,0.1
97,9.2,0.1
97.25,9.2,0.1
97.5,9.2,0.1
97.75,9.2,0.1
98,9.3,0.1
98.25,9.3,0.1
98.5,9.3,0.1
98.75,9.3,0.1
99,9.4,0.1
99.25,9.4,0.1
99.5,9.4,0.1
99.75,9.4,0.1
100,9.5,0.1
100.25,9.5,0.1
100.5,9.5,0.1
100.75,9.5,0.1
101,9.6,0.1
101.25,9.6,0.1
101.5,9.6,0.1
101.75,9.6,0.1
102,9.7,0.1
102.25,9.7,0.1
102.5,9.7,0.1
102.75,9.7,0.1
103,9.8,0.1
103.25,9.8,0.1
103.5,9.8,0.1
103.75,9.8,0.1
104,9.9,0.1
104.25,9.9,0.1
104.5,9.9,0.1
104.75,9.9,0.1
105,10,0.1
105.25,10,0.1
105.5,10,0.1
105.75,10,0.1
106,10.1,0.1
106.25,10.1,0.1
106.5,10.1,0.1
106.75,10.1,0.1
107,10.2,0.1
107.25,10.2,0.1
107.5,10.2,0.1
107.75,10.2,0.1
108,10.3,0.1
108.25,10.3,0.1
108.5,10.3,0.1
108.75,10.3,0.1
109,10.4,0.1
109.25,10.4,0.1
109.5,10.4,0.1
109.75,10.4,0.1
110,10.5,0.1
110.25,10.5,0.1
110.5,10.5,0.1
110.75,10.5,0.1
111,10.6,0.1
111.25,10.6,0.1
111.5,10.6,0.1
111.75,10.6,0.1
112,10.7,0.1
112.25,10.7,0.1
112.5,10.7,0.1
112.75,10.8,0.1
113,10.8,0.1
113.25,10.8,0.1
113.5,10.8,0.1
113.75,10.9,0.1
114,10.9,0.1
114.25,10.9,0.1
114.5,10.9,0.1
114.75,11,0.1
115,11,0.1
115.25,11,0.1
115.5,11,0.1
115.75,11.1,0.1
116,11.1,0.1
116.25,11.1,0.1
116.5,11.1,0.1
116.75,11.2,0.1
117,11.2,0.1
117.25,11.2,0.1
117.5,11.2,0.1
117.75,11.3,0.1
118,11.3,0.1
118.25,11.3,0.1
118.5,11.3,0.1
118.75,11.4,0.1
119,11.5,0.5
119.25,12,2
119.5,12.5,2
119.75,13,2
120,13.4,2
120.25,13.9,2
120.5,14.4,1.8
120.75,14.8,1.8
121,15.3,1.8
121.25,15.7,1.8
121.5,16.2,1.8
121.75,16.7,1.8
122,16.9,0.9
122.25,16.9,0.2
122.5,16.9,0.2
122.75,17,0.2
123,17,0.2
123.25,17.1,0.2
123.5,17.1,0.2
123.75,17.1,0.2
124,17.2,0.2
124.25,17.2,0.2
124.5,17.3,0.2
124.75,17.3,0.2
125,17.3,0.2
125.25,17.4,0.2
125.5,17.4,0.2
125.75,17.5,0.2
126,17.5,0.2
126.25,17.5,0.2
126.5,17.6,0.2
126.75,17.6,0.2
127,17.7,0.2
127.25,17.7,0.2
127.5,17.7,0.2
127.75,17.8,0.2
128,17.8,0.2
128.25,17.8,0.2
128.5,17.9,0.2
128.75,17.9,0.2
129,18,0.2
129.25,18,0.2
129.5,18,0.2
129.75,18.1,0.2
130,18.1,0.2
130.25,18.2,0.2
130.5,18.2,0.2
130.75,18.2,0.2
131,18.3,0.2
131.25,18.3,0.2
131.5,18.4,0.2
131.75,18.4,0.2
132,18.4,0.2
132.25,18.5,0.2
132.5,18.5,0.2
132.75,18.6,0.2
133,18.6,0.2
133.25,18.6,0.2
133.5,18.7,0.2
133.75,18.7,0.2
134,18.8,0.2
134.25,18.8,0.2
134.5,18.8,0.2
134.75,18.9,0.2
135,18.9,0.2
135.25,18.9,0.2
135.5,19,0.2
135.75,19,0.2
136,19.1,0.2
136.25,19.1,0.2
136.5,19.1,0.2
136.75,19.2,0.2
137,19.2,0.2
137.25,19.3,0.2
137.5,19.3,0.2
137.75,19.3,0.2
138,19.4,0.2
138.25,19.4,0.2
138.5,19.5,0.2
138.75,19.5,0.2
139,19.5,0.2
139.25,19.6,0.2
139.5,19.6,0.2
139.75,19.7,0.2
140,19.7,0.2
140.25,19.7,0.2
140.5,19.8,0.2
140.75,19.8,0.2
141,19.8,0.2
141.25,19.9,0.2
141.5,23.4,14.1
141.75,24.1,2.5
142,24.7,2.5
142.25,25.3,2.5
142.5,26,2.5
142.75,26.6,2.5
143,27.2,2.6
143.25,27.9,2.6
143.5,28.5,2.6
143.75,29.2,2.6
144,29.8,2.6
144.25,30.5,2.7
144.5,31.3,3.1
144.75,32.1,3.1
145,32.8,3.1
145.25,33.6,3.1
145.5,34.2,2.5
145.75,34.3,0.2
146,34.3,0.2
146.25,34.4,0.2
146.5,34.4,0.2
146.75,34.5,0.2
147,34.5,0.2
147.25,34.6,0.2
147.5,34.6,0.2
147.75,34.7,0.2
148,34.7,0.2
148.25,34.8,0.2
148.5,34.8,0.2
148.75,34.9,0.2
149,34.9,0.2
149.25,35,0.2
149.5,35,0.2
149.75,35.1,0.2
150,35.1,0.2
150.25,35.2,0.2
150.5,35.2,0.2
150.75,35.3,0.2
151,35.3,0.2
151.25,35.4,0.2
151.5,35.5,0.2
151.75,35.5,0.2
152,35.6,0.2
152.25,35.6,0.2
152.5,35.7,0.2
152.75,35.7,0.2
153,35.8,0.2
153.25,35.8,0.2
153.5,35.9,0.2
153.75,35.9,0.2
154,36,0.2
154.25,36,0.2
154.5,36.1,0.2
154.75,36.1,0.2
155,36.2,0.2
155.25,36.2,0.2
155.5,36.3,0.2
155.75,36.3,0.2
156,36.4,0.2
156.25,36.4,0.2
156.5,36.5,0.2
156.75,36.5,0.2
157,36.6,0.2
157.25,36.6,0.2
157.5,36.7,0.2
157.75,36.7,0.2
158,36.8,0.2
158.25,36.8,0.2
158.5,36.9,0.2
158.75,36.9,0.2
159,37,0.2
159.25,37,0.2
159.5,37.1,0.2
159.75,37.2,0.2
160,37.2,0.2
160.25,37.3,0.2
160.5,37.3,0.2
160.75,37.4,0.2
161,37.4,0.2
161.25,37.5,0.2
161.5,37.5,0.2
161.75,37.6,0.2
162,37.6,0.2
162.25,37.7,0.2
162.5,37.7,0.2
162.75,37.8,0.2
163,37.8,0.2
163.25,37.9,0.2
163.5,37.9,0.2
163.75,38,0.2
164,38,0.2
164.25,38.1,0.2
164.5,38.1,0.2
164.75,38.2,0.2
165,38.9,2.9
165.25,41.1,8.8
165.5,47.2,24.3
165.75,48.3,4.6
166,49.5,4.6
166.25,50.7,4.6
166.5,51.6,3.8
166.75,52.3,2.8
167,53,2.8
167.25,53.7,2.8
167.5,54.4,2.8
167.75,55.1,2.8
168,55.8,2.8
168.25,56,0.8
168.5,56.1,0.3
168.75,56.1,0.3
169,56.2,0.3
169.25,56.3,0.3
169.5,56.4,0.3
169.75,56.5,0.3
170,56.6,0.3
170.25,56.6,0.3
170.5,56.7,0.3
170.75,56.8,0.3
171,56.9,0.3
171.25,57,0.3
171.5,57,0.3
171.75,57.1,0.3
172,57.2,0.3
172.25,57.3,0.3
172.5,57.4,0.3
172.75,57.5,0.3
173,57.5,0.3
173.25,57.6,0.3
173.5,57.7,0.3
173.75,57.8,0.3
174,57.9,0.3
174.25,58,0.3
174.5,58,0.3
174.75,58.1,0.3
175,58.2,0.3
175.25,58.3,0.3
175.5,58.4,0.3
175.75,58.4,0.3
176,58.5,0.3
176.25,58.6,0.3
176.5,58.7,0.3
176.75,58.8,0.3
177,58.9,0.3
177.25,58.9,0.3
177.5,59,0.3
177.75,59.1,0.3
178,59.2,0.3
178.25,59.3,0.3
178.5,59.4,0.3
178.75,59.4,0.3
179,59.5,0.3
179.25,59.6,0.3
179.5,59.7,0.3
179.75,59.8,0.3
180,59.9,0.3
180.25,59.9,0.3
180.5,60,0.3
180.75,60.1,0.3
181,60.2,0.3
181.25,60.3,0.3
181.5,60.3,0.3
181.75,60.4,0.3
182,60.5,0.3
182.25,60.6,0.3
182.5,60.7,0.3
182.75,60.9,0.7
183,61,0.7
183.25,61.2,0.7
183.5,61.4,0.7
183.75,61.6,0.7
184,61.7,0.7
184.25,61.9,0.7
184.5,62.1,0.7
184.75,62.3,0.7
185,62.4,0.7
185.25,62.6,0.7
185.5,62.8,0.7
185.75,63,0.7
186,63.2,0.7
186.25,63.3,0.7
186.5,63.5,0.7
186.75,63.7,0.7
187,63.9,0.7
187.25,64,0.7
187.5,64.2,0.7
187.75,64.4,0.7
188,64.6,0.7
188.25,64.7,0.7
188.5,64.9,0.7
188.75,65.1,0.7
189,65.3,0.7
189.25,65.4,0.7
189.5,71.1,22.7
189.75,72.6,6.1
190,74.1,6.1
190.25,75.7,6.1
190.5,107.8,128.4
190.75,111.8,16.2
191,116.8,20.2
191.25,118.8,7.8
191.5,120.7,7.8
191.75,122.7,7.8
192,124.6,7.9
192.25,126.6,7.9
192.5,128.5,7.5
192.75,128.6,0.3
193,128.6,0.3
193.25,128.7,0.3
193.5,128.8,0.3
193.75,128.9,0.3
194,128.9,0.3
194.25,129,0.3
194.5,129.1,0.3
194.75,129.1,0.3
195,129.2,0.3
195.25,129.3,0.3
195.5,129.3,0.3
195.75,129.4,0.3
196,129.5,0.3
196.25,129.6,0.3
196.5,129.6,0.3
196.75,129.7,0.3
197,129.8,0.3
197.25,129.8,0.3
197.5,129.9,0.3
197.75,130,0.3
198,130.1,0.3
198.25,130.1,0.3
198.5,130.2,0.3
198.75,130.3,0.3
199,130.3,0.3
199.25,130.4,0.3
199.5,130.5,0.3
199.75,130.6,0.3
200,130.6,0.3
200.25,130.7,0.3
200.5,130.8,0.3
200.75,130.8,0.3
201,130.9,0.3
201.25,131,0.3
201.5,131,0.3
201.75,131.1,0.3
202,131.2,0.3
202.25,131.3,0.3
202.5,131.3,0.3
202.75,131.4,0.3
203,131.5,0.3
203.25,131.5,0.3
203.5,131.6,0.3
203.75,131.7,0.3
204,131.8,0.3
204.25,131.8,0.3
204.5,131.9,0.3
204.75,132,0.3
205,132,0.3
205.25,132.1,0.3
205.5,132.2,0.3
205.75,132.3,0.3
206,132.3,0.3
206.25,132.4,0.3
206.5,132.5,0.3
206.75,132.5,0.3
207,132.6,0.3
207.25,132.7,0.3
207.5,132.7,0.3
207.75,132.8,0.3
208,132.9,0.3
208.25,133,0.3
208.5,133,0.3
208.75,133.1,0.3
209,133.2,0.3
209.25,133.2,0.3
209.5,133.3,0.3
209.75,133.4,0.3
210,133.5,0.3
210.25,133.5,0.3
210.5,133.6,0.3
210.75,133.7,0.3
211,133.7,0.3
211.25,133.8,0.3
211.5,133.9,0.3
211.75,133.9,0.3
212,134,0.3
212.25,134.1,0.3
212.5,134.2,0.3
212.75,134.2,0.3
213,134.3,0.3
213.25,134.4,0.3
213.5,134.4,0.3
213.75,134.5,0.3
214,136.7,8.9
214.25,139,8.9
214.5,141,8
214.75,142.3,5.5
215,143.7,5.5
215.25,145.1,5.5
215.5,146.5,5.5
215.75,147.8,5.2
216,149.1,5.2
216.25,150.4,5.2
216.5,151.7,5.2
216.75,153,5.2
217,153.8,3.5
217.25,154.7,3.5
217.5,155.6,3.5
217.75,156.5,3.5
218,157.3,3.5
218.25,158.2,3.5
218.5,159.1,3.5
218.75,159.8,2.8
219,160.5,2.7
219.25,161.1,2.7
219.5,161.8,2.7
219.75,162.5,2.7
220,163.1,2.7
220.25,163.8,2.7
220.5,164.5,2.7
220.75,165.2,2.7
221,165.7,2.3
221.25,166.2,1.8
221.5,166.6,1.8
221.75,167.1,1.8
222,167.5,1.8
222.25,168,1.8
222.5,168.5,1.8
222.75,168.9,1.8
223,169.4,1.8
223.25,169.8,1.8
223.5,170.3,1.8
223.75,170.7,1.8
224,171.2,1.8
224.25,171.6,1.8
224.5,172,1.4
224.75,172.2,0.7
225,172.4,0.7
225.25,172.5,0.7
225.5,172.7,0.7
225.75,172.9,0.7
226,173.1,0.7
226.25,173.3,0.7
226.5,173.5,0.7
226.75,173.7,0.7
227,173.9,0.7
227.25,174,0.7
227.5,174.2,0.7
227.75,174.4,0.7
228,174.6,0.7
228.25,174.8,0.7
228.5,175,0.7
228.75,175.2,0.7
229,175.4,0.7
229.25,175.5,0.7
229.5,175.7,0.7
229.75,175.9,0.7
230,176.1,0.7
230.25,176.3,0.7
230.5,176.5,0.7
230.75,176.7,0.7
231,176.9,0.7
231.25,177,0.7
231.5,177.2,0.7
231.75,177.4,0.7
232,177.6,0.7
232.25,177.8,0.7
232.5,178,0.7
232.75,178.2,0.7
233,178.4,0.8
233.25,178.7,1.5
233.5,179.1,1.5
233.75,179.5,1.5
234,179.8,1.5
234.25,180.2,1.5
234.5,180.6,1.5
234.75,180.9,1.5
235,181.3,1.5
235.25,181.7,1.5
235.5,182,1.5
235.75,182.4,1.5
236,182.8,1.5
236.25,183.2,1.5
236.5,183.5,1.5
236.75,183.9,1.5
237,184.3,1.5
237.25,184.6,1.5
237.5,192.4,31
237.75,195.4,11.9
238,198.3,11.6
238.25,200.6,9.4
238.5,203,9.4
238.75,205.4,9.5
239,207.8,9.7
239.25,210.2,9.7
239.5,212.6,9.6
239.75,215,9.5
240,217.4,9.5
240.25,218.9,6.1
240.5,220.2,5.3
240.75,221.5,5.3
241,222.8,5.3
241.25,224.2,5.3
241.5,225.1,3.9
241.75,226,3.3
242,226.8,3.3
242.25,227.7,3.3
242.5,228.5,3.3
242.75,229.3,3.3
243,230.2,3.3
243.25,231,3.3
243.5,231.7,2.6
243.75,232.2,2.2
244,232.8,2.2
244.25,233.3,2.2
244.5,233.9,2.2
244.75,234.5,2.2
245,235,2.2
245.25,235.6,2.2
245.5,236.2,2.2
245.75,236.7,2.2
246,237.3,2.2
246.25,237.8,2.2
246.5,238.2,1.5
246.75,238.4,1
247,238.7,1
247.25,238.9,1
247.5,239.2,1
247.75,239.4,1
248,239.6,1
248.25,239.9,1
248.5,240.1,1
248.75,240.4,1
249,240.6,1
249.25,240.8,1
249.5,241.1,1
249.75,241.3,1
250,241.6,1
250.25,241.8,1
250.5,242,1
250.75,242.3,1
251,242.5,1
251.25,242.8,1
251.5,243,1
251.75,243.2,1
252,243.5,1
252.25,243.7,1
252.5,244,1
252.75,244.2,1
253,244.4,1
253.25,244.7,1
253.5,244.9,0.9
253.75,245.1,0.9
254,245.4,0.9
254.25,245.6,0.9
254.5,245.8,0.9
254.75,246,0.9
255,246.2,0.9
255.25,246.4,0.9
255.5,246.6,0.9
255.75,246.9,0.9
256,247.1,0.9
256.25,247.3,0.9
256.5,247.5,0.9
256.75,247.7,0.9
257,247.9,0.9
257.25,248.1,0.9
257.5,248.4,0.9
257.75,248.6,0.9
258,248.8,0.9
258.25,249,0.9
258.5,249.2,0.9
258.75,249.4,0.9
259,249.6,0.9
259.25,249.9,0.9
259.5,250.1,0.9
259.75,250.3,0.9
260,250.5,0.9
260.25,250.7,0.9
260.5,250.9,0.9
260.75,251.1,0.9
261,251.4,0.9
261.25,251.6,0.9
261.5,252.5,3.6
261.75,254.7,8.9
262,256.9,8.9
262.25,259.2,9
262.5,261.5,9.3
262.75,263.8,9.3
263,265.6,7.2
263.25,266.2,2.3
263.5,266.8,2.3
263.75,267.3,2.3
264,267.9,2.3
264.25,268.5,2.3
264.5,269,2.3
264.75,269.6,2.3
265,270.2,2.3
265.25,270.7,2.3
265.5,271.3,2.3
265.75,271.8,2.3
266,272.4,2.2
266.25,272.5,0.5
266.5,272.6,0.5
266.75,272.8,0.5
267,272.9,0.5
267.25,273,0.5
267.5,273.2,0.5
267.75,273.3,0.5
268,273.4,0.5
268.25,273.5,0.5
268.5,273.7,0.5
268.75,273.8,0.5
269,273.9,0.5
269.25,274,0.5
269.5,274.2,0.5
269.75,274.3,0.5
270,274.4,0.5
270.25,274.5,0.5
270.5,274.7,0.5
270.75,274.8,0.5
271,274.9,0.5
271.25,275,0.5
271.5,275.2,0.5
271.75,275.3,0.5
272,275.4,0.5
272.25,275.6,0.5
272.5,275.7,0.5
272.75,275.8,0.5
273,275.9,0.5
273.25,276.1,0.5
273.5,276.2,0.5
273.75,276.3,0.5
274,276.4,0.5
274.25,276.6,0.5
274.5,276.7,0.5
274.75,276.8,0.5
275,276.9,0.5
275.25,277.1,0.5
275.5,277.2,0.5
275.75,277.3,0.5
276,277.5,0.5
276.25,277.6,0.5
276.5,277.7,0.5
276.75,277.8,0.5
277,278,0.5
277.25,278.1,0.5
277.5,278.2,0.5
277.75,278.3,0.5
278,278.5,0.5
278.25,278.6,0.5
278.5,278.7,0.5
278.75,278.8,0.5
279,279,0.5
279.25,279.1,0.5
279.5,279.2,0.5
279.75,279.4,0.5
280,279.7,1.2
280.25,280,1.2
280.5,280.3,1.2
280.75,280.6,1.2
281,280.9,1.2
281.25,281.2,1.2
281.5,281.5,1.2
281.75,281.8,1.2
282,282.1,1.2
282.25,282.4,1.2
282.5,282.8,1.2
282.75,283.1,1.2
283,283.4,1.2
283.25,283.7,1.2
283.5,284,1.2
283.75,284.3,1.2
284,284.6,1.2
284.25,284.9,1.2
284.5,285.2,1.2
284.75,285.5,1.2
285,285.8,1.2
285.25,286.1,1.2
285.5,293.7,30.3
285.75,295.1,5.3
286,296.4,5.3
286.25,297.7,5.3
286.5,299,5.3
286.75,300.3,5.3
287,301.4,4.4
287.25,302.5,4.4
287.5,303.6,4.4
287.75,304.7,4.4
288,305.8,4.4
288.25,306.9,4.4
288.5,307.6,2.7
288.75,307.9,1.4
289,308.3,1.4
289.25,308.6,1.4
289.5,309,1.4
289.75,309.3,1.4
290,309.7,1.4
290.25,310,1.4
290.5,310.4,1.4
290.75,310.7,1.4
291,311.1,1.4
291.25,311.4,1.4
291.5,311.8,1.4
291.75,312.1,1.4
292,312.5,1.4
292.25,312.8,1.4
292.5,313.2,1.4
292.75,313.6,1.4
293,313.9,1.4
293.25,314.3,1.4
293.5,314.5,1
293.75,314.7,0.7
294,314.9,0.7
294.25,315,0.7
294.5,315.2,0.7
294.75,315.4,0.7
295,315.6,0.7
295.25,315.7,0.7
295.5,315.9,0.7
295.75,316.1,0.7
296,316.3,0.7
296.25,316.4,0.7
296.5,316.6,0.7
296.75,316.8,0.7
297,317,0.7
297.25,317.1,0.7
297.5,317.3,0.7
297.75,317.5,0.7
298,317.7,0.7
298.25,317.8,0.7
298.5,318,0.7
298.75,318.2,0.7
299,318.4,0.7
299.25,318.5,0.7
299.5,318.7,0.7
299.75,318.9,0.7
300,319.1,0.7
300.25,319.3,0.7
300.5,319.4,0.7
300.75,319.6,0.7
301,319.8,0.7
301.25,320,0.7
301.5,320.1,0.7
301.75,320.3,0.7
302,320.5,0.7
302.25,320.7,0.7
302.5,320.8,0.7
302.75,321,0.7
303,321.2,0.7
303.25,321.4,0.7
303.5,321.6,0.9
303.75,321.9,1.2
304,322.2,1.2
304.25,322.5,1.2
304.5,322.8,1.2
304.75,323.1,1.2
305,323.4,1.2
305.25,323.7,1.2
305.5,324,1.2
305.75,324.3,1.2
306,324.6,1.2
306.25,324.9,1.2
306.5,325.2,1.2
306.75,325.5,1.2
307,325.7,1.2
307.25,326,1.2
307.5,326.3,1.2
307.75,326.6,1.2
308,326.9,1.2
308.25,327.2,1.2
308.5,327.5,1.2
308.75,327.8,1.2
309,328.1,1.2
309.25,328.4,1.2
309.5,336.4,31.9
309.75,338.4,8.1
310,340.5,8.1
310.25,342.5,8.1
310.5,343.8,5.2
310.75,344.9,4.5
311,346.1,4.5
311.25,347.2,4.5
311.5,348.3,4.5
311.75,349.5,4.5
312,350.2,3.1
312.25,350.7,1.8
312.5,351.1,1.8
312.75,351.6,1.8
313,352,1.8
313.25,352.5,1.8
313.5,353,1.8
313.75,353.4,1.8
314,353.9,1.8
314.25,354.3,1.8
314.5,354.8,1.8
314.75,355.2,1.8
315,355.7,1.8
315.25,356.1,1.8
315.5,356.6,1.8
315.75,357,1.8
316,357.3,1.1
316.25,357.5,0.9
316.5,357.8,0.9
316.75,358,0.9
317,358.2,0.9
317.25,358.4,0.9
317.5,358.6,0.9
317.75,358.9,0.9
318,359.1,0.9
318.25,359.3,0.9
318.5,359.5,0.9
318.75,359.8,0.9
319,360,0.9
319.25,360.2,0.9
319.5,360.4,0.9
319.75,360.7,0.9
320,360.9,0.9
320.25,361.1,0.9
320.5,361.3,0.9
320.75,361.5,0.9
321,361.8,0.9
321.25,362,0.9
321.5,362.2,0.9
321.75,362.4,0.9
322,362.7,0.9
322.25,362.9,0.9
322.5,363.1,0.9
322.75,363.3,0.9
323,363.6,0.9
323.25,363.8,0.9
323.5,364,0.9
323.75,364.2,0.9
324,364.5,1
324.25,364.8,1.1
324.5,365,1.1
324.75,365.3,1.1
325,365.6,1.1
325.25,365.9,1.1
325.5,366.2,1.1
325.75,366.4,1.1
326,366.7,1.1
326.25,367,1.1
326.5,367.3,1.1
326.75,367.6,1.1
327,367.9,1.1
327.25,368.1,1.1
327.5,368.4,1.1
327.75,368.7,1.1
328,369,1.1
328.25,369.3,1.1
328.5,369.5,1.1
328.75,369.8,1.1
329,370.1,1.1
329.25,370.4,1.1
329.5,370.7,1.1
329.75,370.9,1.1
330,371.2,1.1
330.25,371.5,1.1
330.5,372.1,2.3
330.75,372.7,2.3
331,373.2,2.3
331.25,373.8,2.3
331.5,374.4,2.3
331.75,374.9,2.3
332,375.5,2.3
332.25,376.1,2.3
332.5,376.7,2.3
332.75,377.2,2.3
333,377.8,2.3
333.25,378.4,2.3
333.5,386.4,32
333.75,388.1,6.9
334,389.8,6.9
334.25,391.6,6.9
334.5,393.1,6.3
334.75,393.2,0.4
335,393.3,0.4
335.25,393.4,0.4
335.5,393.5,0.4
335.75,393.6,0.4
336,393.7,0.4
336.25,393.8,0.4
336.5,393.9,0.4
336.75,394,0.4
337,394,0.4
337.25,394.1,0.4
337.5,394.2,0.4
337.75,394.3,0.4
338,394.4,0.4
338.25,394.5,0.4
338.5,394.6,0.4
338.75,394.7,0.4
339,394.8,0.4
339.25,394.9,0.4
339.5,395,0.4
339.75,395.1,0.4
340,395.2,0.4
340.25,395.3,0.4
340.5,395.4,0.4
340.75,395.4,0.4
341,395.5,0.4
341.25,395.6,0.4
341.5,395.7,0.4
341.75,395.8,0.4
342,395.9,0.4
342.25,396,0.4
342.5,396.1,0.4
342.75,396.2,0.4
343,396.3,0.4
343.25,396.4,0.4
343.5,396.5,0.4
343.75,396.6,0.4
344,396.7,0.4
344.25,396.7,0.4
344.5,396.8,0.4
344.75,396.9,0.4
345,397,0.4
345.25,397.1,0.4
345.5,397.2,0.4
345.75,397.3,0.4
346,397.4,0.4
346.25,397.5,0.4
346.5,397.6,0.4
346.75,397.7,0.4
347,397.8,0.4
347.25,397.9,0.4
347.5,398,0.4
347.75,398,0.4
348,398.1,0.4
348.25,398.2,0.4
348.5,398.3,0.4
348.75,398.4,0.4
349,398.5,0.4
349.25,398.6,0.4
349.5,398.7,0.4
349.75,398.8,0.4
350,398.9,0.4
350.25,399,0.4
350.5,399.1,0.4
350.75,399.2,0.4
351,399.3,0.4
351.25,399.3,0.4
351.5,399.4,0.4
351.75,399.5,0.4
352,399.6,0.4
352.25,399.7,0.4
352.5,399.8,0.4
352.75,399.9,0.4
353,400,0.4
353.25,400.1,0.4
353.5,400.2,0.4
353.75,400.3,0.4
354,400.4,0.6
354.25,401,2.1
354.5,401.5,2.1
354.75,402,2.1
355,402.6,2.1
355.25,403.1,2.1
355.5,403.6,2.1
355.75,404.1,2.1
356,404.7,2.1
356.25,405.2,2.1
356.5,405.7,2.1
356.75,406.3,2.1
357,406.8,2.1
357.25,407.3,2.1
357.5,415.6,33.2
357.75,417.9,8.9
358,420.1,8.9
358.25,422.3,8.7
358.5,423.8,6.2
358.75,425.3,6.2
359,426.9,6.2
359.25,428.4,6.2
359.5,429.6,4.8
359.75,430.2,2.1
360,430.7,2.1
360.25,431.2,2.1
360.5,431.8,2.1
360.75,432.3,2.1
361,432.8,2.1
361.25,433.4,2.1
361.5,433.9,2.1
361.75,434.4,2.1
362,434.9,2.1
362.25,435.5,2.1
362.5,436,2.1
362.75,436.5,2.1
363,436.9,1.5
363.25,437.2,1.2
363.5,437.5,1.2
363.75,437.8,1.2
364,438.1,1.2
364.25,438.5,1.2
364.5,438.8,1.2
364.75,439.1,1.2
365,439.4,1.2
365.25,439.7,1.2
365.5,440,1.2
365.75,440.3,1.2
366,440.6,1.2
366.25,440.9,1.2
366.5,441.2,1.2
366.75,441.5,1.2
367,441.8,1.2
367.25,442.1,1.2
367.5,442.4,1.2
367.75,442.7,1.2
368,443,1.2
368.25,443.3,1.2
368.5,443.6,1.2
368.75,443.9,1.2
369,444.2,1.1
369.25,444.5,1.1
369.5,444.8,1.1
369.75,445.1,1.1
370,445.3,1.1
370.25,445.6,1.1
370.5,445.9,1.1
370.75,446.2,1.1
371,446.4,1.1
371.25,446.7,1.1
371.5,447,1.1
371.75,447.3,1.1
372,447.6,1.1
372.25,447.8,1.1
372.5,448.1,1.1
372.75,448.4,1.1
373,448.7,1.1
373.25,448.9,1.1
373.5,449.2,1.1
373.75,449.5,1.1
374,449.8,1.1
374.25,450.1,1.1
374.5,450.3,1.1
374.75,450.6,1.1
375,450.9,1.1
375.25,451.2,1.1
375.5,451.5,1.1
375.75,451.8,1.4
376,452.1,1.4
376.25,452.5,1.4
376.5,452.8,1.4
376.75,453.2,1.4
377,453.5,1.4
377.25,453.9,1.4
377.5,454.2,1.4
377.75,454.6,1.4
378,454.9,1.4
378.25,455.2,1.4
378.5,455.6,1.4
378.75,455.9,1.4
379,456.3,1.4
379.25,456.6,1.4
379.5,457,1.4
379.75,457.3,1.4
380,457.7,1.4
380.25,458,1.4
380.5,458.3,1.4
380.75,458.7,1.4
381,461.2,10.1
381.25,464.3,12.1
381.5,467,10.8
381.75,469.1,8.8
382,471.3,8.8
382.25,473.5,8.6
382.5,474.2,2.8
382.75,474.9,2.8
383,475.6,2.8
383.25,476.3,2.8
383.5,477,2.8
383.75,477.7,2.8
384,478.4,2.8
384.25,479.1,2.8
384.5,479.8,2.8
384.75,480.6,2.8
385,481,1.7
385.25,481.3,1.2
385.5,481.6,1.2
385.75,481.9,1.2
386,482.2,1.2
386.25,482.5,1.2
386.5,482.8,1.2
386.75,483.1,1.2
387,483.4,1.2
387.25,483.7,1.2
387.5,484,1.2
387.75,484.3,1.2
388,484.6,1.2
388.25,484.9,1.2
388.5,485.2,1.2
388.75,485.5,1.2
389,485.8,1.2
389.25,486.1,1.2
389.5,486.4,1.2
389.75,486.7,1.2
390,487,1.2
390.25,487.3,1.2
390.5,487.6,1.2
390.75,487.9,1.2
391,488.2,1.2
391.25,488.5,1.1
391.5,488.7,1.1
391.75,489,1.1
392,489.3,1.1
392.25,489.5,1.1
392.5,489.8,1.1
392.75,490.1,1.1
393,490.3,1.1
393.25,490.6,1.1
393.5,490.9,1.1
393.75,491.2,1.1
394,491.4,1.1
394.25,491.7,1.1
394.5,492,1.1
394.75,492.2,1.1
395,492.5,1.1
395.25,492.8,1.1
395.5,493,1.1
395.75,493.3,1.1
396,493.6,1.1
396.25,493.9,1.1
396.5,494.1,1.1
396.75,494.4,1.1
397,494.7,1.1
397.25,494.9,1.1
397.5,495.2,1.1
397.75,495.5,1.1
398,495.8,1.2
398.25,496.1,1.2
398.5,496.4,1.2
398.75,496.7,1.2
399,497,1.2
399.25,497.3,1.2
399.5,497.6,1.2
399.75,497.9,1.2
400,498.3,1.2
400.25,498.6,1.2
400.5,498.9,1.2
400.75,499.2,1.2
401,499.5,1.2
401.25,499.8,1.2
401.5,500.1,1.2
401.75,500.4,1.2
402,500.7,1.2
402.25,501,1.2
402.5,501.3,1.2
402.75,501.6,1.2
403,502,1.2
403.25,502.3,1.2
403.5,502.6,1.2
403.75,502.9,1.2
404,504,4.3
404.25,505.1,4.6
404.5,506.2,4.6
404.75,507.4,4.6
405,508.5,4.6
405.25,509.7,4.6
405.5,511.9,8.8
405.75,515.5,14.5
406,518,9.9
406.25,518.6,2.5
406.5,519.2,2.5
406.75,519.8,2.5
407,520.4,2.5
407.25,521,2.5
407.5,521.7,2.5
407.75,522.3,2.5
408,522.9,2.5
408.25,523.5,2.5
408.5,524.1,2.5
408.75,524.7,2.5
409,525.3,2.1
409.25,525.6,1.5
409.5,526,1.5
409.75,526.4,1.5
410,526.8,1.5
410.25,527.1,1.5
410.5,527.5,1.5
410.75,527.9,1.5
411,528.3,1.5
411.25,528.7,1.5
411.5,529,1.5
411.75,529.4,1.5
412,529.8,1.5
412.25,530.2,1.5
412.5,530.5,1.5
412.75,530.9,1.5
413,531.3,1.5
413.25,531.7,1.5
413.5,532,1.5
413.75,532.4,1.5
414,532.7,1.1
414.25,532.9,0.9
414.5,533.2,0.9
414.75,533.4,0.9
415,533.6,0.9
415.25,533.8,0.9
415.5,534.1,0.9
415.75,534.3,0.9
416,534.5,0.9
416.25,534.8,0.9
416.5,535,0.9
416.75,535.2,0.9
417,535.4,0.9
417.25,535.7,0.9
417.5,535.9,0.9
417.75,536.1,0.9
418,536.4,0.9
418.25,536.6,0.9
418.5,536.8,0.9
418.75,537.1,0.9
419,537.3,0.9
419.25,537.5,0.9
419.5,537.7,0.9
419.75,538,0.9
420,538.2,0.9
420.25,538.4,0.9
420.5,538.7,0.9
420.75,538.9,0.9
421,539.1,0.9
421.25,539.4,0.9
421.5,539.6,0.9
421.75,539.8,0.9
422,540.1,1
422.25,540.4,1.4
422.5,540.8,1.4
422.75,541.1,1.4
423,541.5,1.4
423.25,541.8,1.4
423.5,542.2,1.4
423.75,542.5,1.4
424,542.9,1.4
424.25,543.2,1.4
424.5,543.6,1.4
424.75,543.9,1.4
425,544.3,1.4
425.25,544.6,1.4
425.5,545,1.4
425.75,545.3,1.4
426,545.7,1.4
426.25,546,1.4
426.5,546.4,1.4
426.75,546.7,1.4
427,547.1,1.4
427.25,547.4,1.4
427.5,548.2,3.1
427.75,549.1,3.6
428,550,3.6
428.25,550.9,3.6
428.5,551.8,3.6
428.75,552.7,3.6
429,553.6,3.6
429.25,554.5,3.6
429.5,555.9,5.8
429.75,558,8.4
430,560.1,8.4
430.25,562.2,8.4
430.5,563.2,4
430.75,564.1,3.5
431,565,3.5
431.25,565.8,3.5
431.5,566.7,3.5
431.75,567.6,3.5
432,568.4,3.5
432.25,569.3,3.5
432.5,570.1,3.3
432.75,570.8,2.9
433,571.6,2.9
433.25,572.3,2.9
433.5,573,2.9
433.75,573.8,2.9
434,574.5,2.9
434.25,575.2,2.9
434.5,575.9,2.9
434.75,576.7,2.9
435,577.4,2.8
435.25,577.7,1.2
435.5,578,1.2
435.75,578.3,1.2
436,578.6,1.2
436.25,578.9,1.2
436.5,579.2,1.2
436.75,579.5,1.2
437,579.8,1.2
437.25,580,1.2
437.5,580.3,1.2
437.75,580.6,1.2
438,580.9,1.2
438.25,581.2,1.2
438.5,581.5,1.2
438.75,581.8,1.2
439,582.1,1.2
439.25,582.4,1.2
439.5,582.7,1.2
439.75,583,1.2
440,583.3,1.2
440.25,583.6,1.2
440.5,583.9,1.2
440.75,584.2,1.2
441,584.5,1.2
441.25,584.8,1.2
441.5,585,0.8
441.75,585.2,0.7
442,585.4,0.7
442.25,585.5,0.7
442.5,585.7,0.7
442.75,585.9,0.7
443,586.1,0.7
443.25,586.3,0.7
443.5,586.4,0.7
443.75,586.6,0.7
444,586.8,0.7
444.25,587,0.7
444.5,587.2,0.7
444.75,587.3,0.7
445,587.5,0.7
445.25,587.7,0.7
445.5,587.9,0.7
445.75,588,0.7
446,588.2,0.7
446.25,588.4,0.7
446.5,588.6,0.7
446.75,588.8,0.7
447,588.9,0.7
447.25,589.1,0.7
447.5,589.3,0.7
447.75,589.5,0.7
448,589.7,0.7
448.25,589.8,0.7
448.5,590,0.7
448.75,590.2,0.7
449,590.4,0.7
449.25,590.6,0.7
449.5,590.7,0.7
449.75,590.9,0.7
450,591.1,0.7
450.25,591.3,0.7
450.5,591.5,0.7
450.75,591.6,0.7
451,591.8,0.7
451.25,592,0.7
451.5,592.2,0.7
451.75,592.4,0.7
452,593.4,4.2
452.25,594.6,4.7
452.5,595.7,4.7
452.75,596.9,4.7
453,598.1,4.7
453.25,599.2,4.7
453.5,600.9,6.5
453.75,603,8.7
454,605.2,8.7
454.25,607.4,8.7
454.5,607.9,2.1
454.75,608.4,2
455,608.9,2
455.25,609.5,2
455.5,610,2
455.75,610.5,2
456,611,2
456.25,611.5,2
456.5,612,2
456.75,612.5,2
457,613,2
457.25,613.6,2
457.5,614.1,2
457.75,614.6,2
458,615,1.6
458.25,615.1,0.7
458.5,615.3,0.7
458.75,615.5,0.7
459,615.7,0.7
459.25,615.8,0.7
459.5,616,0.7
459.75,616.2,0.7
460,616.3,0.7
460.25,616.5,0.7
460.5,616.7,0.7
460.75,616.8,0.7
461,617,0.7
461.25,617.2,0.7
461.5,617.3,0.7
461.75,617.5,0.7
462,617.7,0.7
462.25,617.9,0.7
462.5,618,0.7
462.75,618.2,0.7
463,618.4,0.7
463.25,618.5,0.7
463.5,618.7,0.7
463.75,618.9,0.7
464,619,0.7
464.25,619.2,0.7
464.5,619.4,0.7
464.75,619.5,0.7
465,619.7,0.7
465.25,619.9,0.7
465.5,620.1,0.7
465.75,620.2,0.7
466,620.4,0.7
466.25,620.6,0.7
466.5,620.7,0.7
466.75,620.9,0.7
467,621.1,0.7
467.25,621.2,0.7
467.5,621.4,0.7
467.75,621.6,0.7
468,621.7,0.7
468.25,621.9,0.7
468.5,622.1,0.7
468.75,622.3,0.7
469,622.4,0.7
469.25,622.7,0.9
469.5,622.9,1
469.75,623.1,1
470,623.4,1
470.25,623.6,1
470.5,623.9,1
470.75,624.1,1
471,624.4,1
471.25,624.6,1
471.5,624.8,1
471.75,625.1,1
472,625.3,1
472.25,625.6,1
472.5,625.8,1
472.75,626,1
473,626.3,1
473.25,626.5,1
473.5,626.8,1
473.75,627,1
474,627.3,1
474.25,627.5,1
474.5,627.7,1
474.75,628,1
475,628.2,1
475.25,628.5,1
475.5,628.7,1
475.75,629,1
476,629.2,1
476.25,629.4,1
476.5,629.7,1
476.75,629.9,1
477,632.4,9.9
477.25,635.6,12.9
477.5,638.1,9.7
477.75,639.4,5.2
478,640.7,5.2
478.25,642,5.2
478.5,643.3,5.2
478.75,644.6,5.2
479,645.2,2.5
479.25,645.4,1
479.5,645.7,1
479.75,645.9,1
480,646.2,1
480.25,646.4,1
480.5,646.7,1
480.75,646.9,1
481,647.2,1
481.25,647.4,1
481.5,647.6,1
481.75,647.9,1
482,648.1,1
482.25,648.4,1
482.5,648.6,1
482.75,648.9,1
483,649.1,1
483.25,649.4,1
483.5,649.6,1
483.75,649.9,1
484,650.1,1
484.25,650.4,1
484.5,650.6,1
484.75,650.8,1
485,651.1,1
485.25,651.3,1
485.5,651.6,1
485.75,651.8,1
486,652.1,1
486.25,652.3,1
486.5,652.6,0.9
486.75,652.7,0.6
487,652.8,0.6
487.25,653,0.6
487.5,653.1,0.6
487.75,653.3,0.6
488,653.4,0.6
488.25,653.5,0.6
488.5,653.7,0.6
488.75,653.8,0.6
489,654,0.6
489.25,654.1,0.6
489.5,654.2,0.6
489.75,654.4,0.6
490,654.5,0.6
490.25,654.7,0.6
490.5,654.8,0.6
490.75,654.9,0.6
491,655.1,0.6
491.25,655.2,0.6
491.5,655.4,0.6
491.75,655.5,0.6
492,655.6,0.6
492.25,655.8,0.6
492.5,655.9,0.6
492.75,656.1,0.6
493,656.2,0.6
493.25,656.3,0.6
493.5,656.5,0.6
493.75,656.6,0.6
494,656.7,0.6
494.25,656.9,0.6
494.5,657,0.6
494.75,657.2,0.6
495,657.3,0.6
495.25,657.4,0.6
495.5,657.6,0.6
495.75,657.7,0.6
496,657.9,0.6
496.25,658,0.6
496.5,658.1,0.6
496.75,658.3,0.6
497,658.4,0.6
497.25,658.6,0.6
497.5,658.7,0.6
497.75,658.8,0.6
498,659,0.6
498.25,659.1,0.6
498.5,659.3,0.6
498.75,659.4,0.6
499,659.5,0.6
499.25,659.7,0.6
499.5,659.8,0.6
499.75,660,0.6
500,660.6,2.4
500.25,661.8,5
500.5,663.1,5
500.75,664.3,5
501,665.5,5
501.25,666.8,5
501.5,668.4,6.4
501.75,670.6,9
502,672.9,9
502.25,675.1,8.9
502.5,675.8,2.9
502.75,676.5,2.9
503,677.3,2.9
503.25,678,2.9
503.5,678.7,2.9
503.75,679.4,2.9
504,680.1,2.9
504.25,680.8,2.9
504.5,681.6,2.9
504.75,682.3,2.9
505,682.7,1.5
505.25,682.8,0.5
505.5,682.9,0.5
505.75,683,0.5
506,683.2,0.5
506.25,683.3,0.5
506.5,683.4,0.5
506.75,683.5,0.5
507,683.7,0.5
507.25,683.8,0.5
507.5,683.9,0.5
507.75,684,0.5
508,684.1,0.5
508.25,684.3,0.5
508.5,684.4,0.5
508.75,684.5,0.5
509,684.6,0.5
509.25,684.8,0.5
509.5,684.9,0.5
509.75,685,0.5
510,685.1,0.5
510.25,685.3,0.5
510.5,685.4,0.5
510.75,685.5,0.5
511,685.6,0.5
511.25,685.8,0.5
511.5,685.9,0.5
511.75,686,0.5
512,686.1,0.5
512.25,686.3,0.5
512.5,686.4,0.5
512.75,686.5,0.5
513,686.6,0.5
513.25,686.8,0.5
513.5,686.9,0.5
513.75,687,0.5
514,687.1,0.5
514.25,687.3,0.5
514.5,687.4,0.5
514.75,687.5,0.5
515,687.6,0.5
515.25,687.8,0.5
515.5,687.9,0.5
515.75,688,0.5
516,688.1,0.5
516.25,688.3,0.5
516.5,688.4,0.5
516.75,688.5,0.5
517,688.6,0.5
517.25,688.8,0.5
517.5,688.9,0.5
517.75,689,0.5
518,689.1,0.5
518.25,689.2,0.5
518.5,689.4,0.5
518.75,689.5,0.5
519,689.6,0.5
519.25,689.7,0.5
519.5,689.9,0.5
519.75,690,0.5
520,690.1,0.5
520.25,690.5,1.4
520.5,690.8,1.4
520.75,691.2,1.4
521,691.5,1.4
521.25,691.9,1.4
521.5,692.2,1.4
521.75,692.6,1.4
522,692.9,1.4
522.25,693.3,1.4
522.5,693.6,1.4
522.75,694,1.4
523,694.3,1.4
523.25,694.7,1.4
523.5,695,1.4
523.75,695.4,1.4
524,695.7,1.4
524.25,696.1,1.4
524.5,696.4,1.4
524.75,696.8,1.4
525,697.1,1.4
525.25,697.5,1.4
525.5,705.3,31.2
525.75,705.4,0.6
526,705.6,0.6
526.25,705.7,0.6
526.5,705.9,0.6
526.75,706,0.6
527,706.2,0.6
527.25,706.3,0.6
527.5,706.5,0.6
527.75,706.6,0.6
528,706.8,0.6
528.25,706.9,0.6
528.5,707.1,0.6
528.75,707.2,0.6
529,707.4,0.6
529.25,707.5,0.6
529.5,707.7,0.6
529.75,707.8,0.6
530,708,0.6
530.25,708.1,0.6
530.5,708.3,0.6
530.75,708.4,0.6
531,708.6,0.6
531.25,708.7,0.6
531.5,708.9,0.6
531.75,709,0.6
532,709.2,0.6
532.25,709.3,0.6
532.5,709.5,0.6
532.75,709.6,0.6
533,709.8,0.6
533.25,709.9,0.6
533.5,710.1,0.6
533.75,710.2,0.6
534,710.4,0.6
534.25,710.5,0.6
534.5,710.7,0.6
534.75,710.8,0.6
535,711,0.6
535.25,711.1,0.6
535.5,711.3,0.6
535.75,711.4,0.6
536,711.6,0.6
536.25,711.7,0.6
536.5,711.9,0.6
536.75,712,0.6
537,712.2,0.6
537.25,712.3,0.6
537.5,712.5,0.6
537.75,712.6,0.6
538,712.8,0.6
538.25,712.9,0.7
538.5,713.1,0.7
538.75,713.3,0.7
539,713.4,0.7
539.25,713.6,0.7
539.5,713.7,0.7
539.75,713.9,0.7
540,714.1,0.7
540.25,714.2,0.7
540.5,714.4,0.7
540.75,714.6,0.7
541,714.7,0.7
541.25,714.9,0.7
541.5,715.1,0.7
541.75,715.2,0.7
542,715.4,0.7
542.25,715.6,0.7
542.5,715.7,0.7
542.75,715.9,0.7
543,716.1,0.7
543.25,716.2,0.7
543.5,716.4,0.7
543.75,716.6,0.7
544,716.7,0.7
544.25,716.9,0.7
544.5,717.1,0.7
544.75,717.2,0.7
545,717.4,0.7
545.25,717.6,0.7
545.5,717.7,0.7
545.75,717.9,0.7
546,718.1,0.7
546.25,718.2,0.7
546.5,718.4,0.7
546.75,718.6,0.7
547,718.7,0.7
547.25,718.9,0.7
547.5,719.1,0.7
547.75,719.2,0.7
548,719.4,0.7
548.25,719.6,0.7
548.5,719.7,0.7
548.75,719.9,0.7
549,720.1,0.7
549.25,720.2,0.7
549.5,728.2,31.8
549.75,728.8,2.6
550,729.5,2.6
550.25,730.1,2.6
550.5,730.7,2.6
550.75,731.4,2.6
551,732,2.6
551.25,732.6,2.6
551.5,733.3,2.6
551.75,733.9,2.6
552,734.6,2.6
552.25,735.2,2.6
552.5,735.5,1.3
552.75,735.6,0.4
553,735.7,0.4
553.25,735.8,0.4
553.5,735.9,0.4
553.75,736,0.4
554,736.1,0.4
554.25,736.2,0.4
554.5,736.3,0.4
554.75,736.3,0.4
555,736.4,0.4
555.25,736.5,0.4
555.5,736.6,0.4
555.75,736.7,0.4
556,736.8,0.4
556.25,736.9,0.4
556.5,737,0.4
556.75,737.1,0.4
557,737.2,0.4
557.25,737.2,0.4
557.5,737.3,0.4
557.75,737.4,0.4
558,737.5,0.4
558.25,737.6,0.4
558.5,737.7,0.4
558.75,737.8,0.4
559,737.9,0.4
559.25,738,0.4
559.5,738.1,0.4
559.75,738.1,0.4
560,738.2,0.4
560.25,738.3,0.4
560.5,738.4,0.4
560.75,738.5,0.4
561,738.6,0.4
561.25,738.7,0.4
561.5,738.8,0.4
561.75,738.9,0.4
562,739,0.4
562.25,739,0.4
562.5,739.1,0.4
562.75,739.2,0.4
563,739.3,0.4
563.25,739.4,0.4
563.5,739.5,0.4
563.75,739.6,0.4
564,739.7,0.4
564.25,739.8,0.4
564.5,739.9,0.4
564.75,740,0.4
565,740,0.4
565.25,740.1,0.4
565.5,740.2,0.4
565.75,740.3,0.4
566,740.4,0.4
566.25,740.5,0.4
566.5,740.6,0.4
566.75,740.7,0.4
567,740.8,0.4
567.25,740.9,0.4
567.5,740.9,0.4
567.75,741,0.4
568,741.1,0.4
568.25,741.2,0.4
568.5,741.3,0.4
568.75,741.4,0.4
569,741.5,0.4
569.25,741.6,0.4
569.5,741.7,0.4
569.75,741.8,0.4
570,741.8,0.4
570.25,741.9,0.4
570.5,742,0.4
570.75,742.1,0.4
571,742.2,0.4
571.25,742.3,0.4
571.5,742.4,0.4
571.75,742.5,0.4
572,742.6,0.4
572.25,742.7,0.4
572.5,742.8,0.4
572.75,742.8,0.4
573,742.9,0.4
573.25,743,0.4
573.5,751.2,32.7
573.75,752.4,4.7
574,753.5,4.7
574.25,754.7,4.7
574.5,755.9,4.7
574.75,757.1,4.7
575,758.2,4.7
575.25,758.4,0.9
575.5,758.6,0.7
575.75,758.8,0.7
576,758.9,0.7
576.25,759.1,0.7
576.5,759.3,0.7
576.75,759.4,0.7
577,759.6,0.7
577.25,759.8,0.7
577.5,759.9,0.7
577.75,760.1,0.7
578,760.3,0.7
578.25,760.4,0.7
578.5,760.6,0.7
578.75,760.8,0.7
579,760.9,0.7
579.25,761.1,0.7
579.5,761.3,0.7
579.75,761.4,0.7
580,761.6,0.7
580.25,761.8,0.7
580.5,761.9,0.7
580.75,762.1,0.7
581,762.3,0.7
581.25,762.4,0.7
581.5,762.6,0.7
581.75,762.8,0.7
582,762.9,0.7
582.25,763.1,0.7
582.5,763.3,0.7
582.75,763.4,0.7
583,763.6,0.7
583.25,763.8,0.7
583.5,763.9,0.7
583.75,764.1,0.7
584,764.3,0.7
584.25,764.4,0.7
584.5,764.6,0.7
584.75,764.8,0.7
585,764.9,0.7
585.25,765.1,0.7
585.5,765.3,0.7
585.75,765.4,0.7
586,765.6,0.7
586.25,765.8,0.7
586.5,765.9,0.7
586.75,766.1,0.7
587,766.3,0.7
587.25,766.5,0.7
587.5,766.6,0.7
587.75,766.8,0.7
588,767,0.7
588.25,767.2,0.7
588.5,767.3,0.7
588.75,767.5,0.7
589,767.7,0.7
589.25,767.8,0.7
589.5,768,0.7
589.75,768.2,0.7
590,768.4,0.7
590.25,768.5,0.7
590.5,768.7,0.7
590.75,768.9,0.7
591,769,0.7
591.25,769.2,0.7
591.5,769.4,0.7
591.75,769.6,0.7
592,769.7,0.7
592.25,769.9,0.7
592.5,770.1,0.7
592.75,770.2,0.7
593,770.4,0.7
593.25,770.6,0.7
593.5,770.8,0.7
593.75,770.9,0.7
594,771.1,0.7
594.25,771.3,0.7
594.5,771.4,0.7
594.75,771.6,0.7
595,771.8,0.7
595.25,772,0.7
595.5,772.1,0.7
595.75,772.3,0.7
596,772.5,0.7
596.25,772.7,0.7
596.5,772.8,0.7
596.75,773,0.7
597,773.2,0.7
597.25,773.3,0.7
597.5,781.8,34
597.75,783.7,7.6
598,785.7,7.6
598.25,787.6,7.6
598.5,789.5,7.7
598.75,791.5,7.8
599,793.4,7.8
599.25,795.4,7.8
599.5,796.6,4.8
599.75,797.3,2.9
600,798,2.9
600.25,798.7,2.9
600.5,799.5,2.9
600.75,800.2,2.9
601,800.9,2.9
601.25,801.6,2.9
601.5,802.3,2.9
601.75,803,2.9
602,803.7,2.7
602.25,803.8,0.4
602.5,803.9,0.4
602.75,804,0.4
603,804.1,0.4
603.25,804.2,0.4
603.5,804.3,0.4
603.75,804.4,0.4
604,804.5,0.4
604.25,804.6,0.4
604.5,804.7,0.4
604.75,804.8,0.4
605,804.9,0.4
605.25,805,0.4
605.5,805.1,0.4
605.75,805.2,0.4
606,805.3,0.4
606.25,805.3,0.4
606.5,805.4,0.4
606.75,805.5,0.4
607,805.6,0.4
607.25,805.7,0.4
607.5,805.8,0.4
607.75,805.9,0.4
608,806,0.4
608.25,806.1,0.4
608.5,806.2,0.4
608.75,806.3,0.4
609,806.4,0.4
609.25,806.5,0.4
609.5,806.6,0.4
609.75,806.7,0.4
610,806.8,0.4
610.25,806.9,0.4
610.5,807,0.4
610.75,807.1,0.4
611,807.2,0.4
611.25,807.3,0.4
611.5,807.4,0.4
611.75,807.5,0.4
612,807.6,0.4
612.25,807.7,0.4
612.5,807.8,0.4
612.75,807.9,0.4
613,808,0.4
613.25,808.1,0.4
613.5,808.2,0.4
613.75,808.3,0.4
614,808.3,0.4
614.25,808.4,0.4
614.5,808.5,0.4
614.75,808.6,0.4
615,808.7,0.4
615.25,808.8,0.4
615.5,808.9,0.4
615.75,809,0.4
616,809.1,0.4
616.25,809.2,0.4
616.5,809.3,0.4
616.75,809.4,0.4
617,809.5,0.4
617.25,809.6,0.4
617.5,809.7,0.4
617.75,809.8,0.4
618,809.9,0.4
618.25,810,0.4
618.5,810.1,0.4
618.75,810.2,0.4
619,810.3,0.4
619.25,810.4,0.4
619.5,810.5,0.4
619.75,810.6,0.4
620,810.7,0.4
620.25,810.8,0.4
620.5,810.9,0.4
620.75,811,0.4
621,811.1,0.4
621.25,811.2,0.4
621.5,818.8,30.6
621.75,818.9,0.6
622,819.1,0.6
622.25,819.2,0.6
622.5,819.4,0.6
622.75,819.5,0.6
623,819.7,0.6
623.25,819.8,0.6
623.5,819.9,0.6
623.75,820.1,0.6
624,820.2,0.6
624.25,820.4,0.6
624.5,820.5,0.6
624.75,820.7,0.6
625,820.8,0.6
625.25,820.9,0.6
625.5,821.1,0.6
625.75,821.2,0.6
626,821.4,0.6
626.25,821.5,0.6
626.5,821.6,0.6
626.75,821.8,0.6
627,821.9,0.6
627.25,822.1,0.6
627.5,822.2,0.6
627.75,822.4,0.6
628,822.5,0.6
628.25,822.6,0.6
628.5,822.8,0.6
628.75,822.9,0.6
629,823.1,0.6
629.25,823.2,0.6
629.5,823.3,0.6
629.75,823.5,0.6
630,823.6,0.6
630.25,823.8,0.6
630.5,823.9,0.6
630.75,824.1,0.6
631,824.2,0.6
631.25,824.3,0.6
631.5,824.5,0.6
631.75,824.6,0.6
632,824.8,0.6
632.25,824.9,0.6
632.5,825,0.6
632.75,825.2,0.6
633,825.3,0.6
633.25,825.5,0.6
633.5,825.6,0.6
633.75,825.8,0.6
634,825.9,0.6
634.25,826,0.6
634.5,826.2,0.6
634.75,826.3,0.7
635,826.5,0.7
635.25,826.7,0.7
635.5,826.9,0.7
635.75,827,0.7
636,827.2,0.7
636.25,827.4,0.7
636.5,827.6,0.7
636.75,827.7,0.7
637,827.9,0.7
637.25,828.1,0.7
637.5,828.2,0.7
637.75,828.4,0.7
638,828.6,0.7
638.25,828.8,0.7
638.5,828.9,0.7
638.75,829.1,0.7
639,829.3,0.7
639.25,829.4,0.7
639.5,829.6,0.7
639.75,829.8,0.7
640,830,0.7
640.25,830.1,0.7
640.5,830.3,0.7
640.75,830.5,0.7
641,830.7,0.7
641.25,830.8,0.7
641.5,831,0.7
641.75,831.2,0.7
642,831.3,0.7
642.25,831.5,0.7
642.5,831.7,0.7
642.75,831.9,0.7
643,832,0.7
643.25,832.2,0.7
643.5,832.4,0.7
643.75,832.5,0.7
644,832.7,0.7
644.25,832.9,0.7
644.5,833.1,0.7
644.75,833.2,0.7
645,833.4,0.7
645.25,833.6,0.7
645.5,841.3,31.1
645.75,841.9,2.1
646,842.4,2.1
646.25,842.9,2.1
646.5,843.4,2.1
646.75,843.9,2.1
647,844.5,2.1
647.25,845,2.1
647.5,845.5,2.1
647.75,846,2.1
648,846.5,2.1
648.25,847.1,2.1
648.5,847.6,2.1
648.75,848.1,2.1
649,848.6,2
649.25,848.7,0.4
649.5,848.8,0.4
649.75,848.9,0.4
650,849,0.4
650.25,849.1,0.4
650.5,849.1,0.4
650.75,849.2,0.4
651,849.3,0.4
651.25,849.4,0.4
651.5,849.5,0.4
651.75,849.6,0.4
652,849.7,0.4
652.25,849.8,0.4
652.5,849.9,0.4
652.75,850,0.4
653,850.1,0.4
653.25,850.2,0.4
653.5,850.2,0.4
653.75,850.3,0.4
654,850.4,0.4
654.25,850.5,0.4
654.5,850.6,0.4
654.75,850.7,0.4
655,850.8,0.4
655.25,850.9,0.4
655.5,851,0.4
655.75,851.1,0.4
656,851.2,0.4
656.25,851.2,0.4
656.5,851.3,0.4
656.75,851.4,0.4
657,851.5,0.4
657.25,851.6,0.4
657.5,851.7,0.4
657.75,851.8,0.4
658,851.9,0.4
658.25,852,0.4
658.5,852.1,0.4
658.75,852.2,0.4
659,852.2,0.4
659.25,852.3,0.4
659.5,852.4,0.4
659.75,852.5,0.4
660,852.6,0.4
660.25,852.7,0.4
660.5,852.8,0.4
660.75,852.9,0.4
661,853,0.4
661.25,853.1,0.4
661.5,853.2,0.4
661.75,853.2,0.4
662,853.3,0.4
662.25,853.4,0.4
662.5,853.5,0.4
662.75,853.6,0.4
663,853.7,0.4
663.25,853.8,0.4
663.5,853.9,0.4
663.75,854,0.4
664,854.1,0.4
664.25,854.2,0.4
664.5,854.3,0.4
664.75,854.3,0.4
665,854.4,0.4
665.25,854.5,0.4
665.5,854.6,0.4
665.75,854.7,0.4
666,854.8,0.4
666.25,854.9,0.4
666.5,855,0.4
666.75,855.1,0.4
667,855.2,0.4
667.25,855.3,0.4
667.5,855.3,0.4
667.75,855.4,0.4
668,855.5,0.4
668.25,855.6,0.4
668.5,855.7,0.4
668.75,855.8,0.4
669,855.9,0.4
669.25,856,0.4
669.5,863.8,31.3
669.75,864.7,3.7
670,865.7,3.7
670.25,866.6,3.7
670.5,867.5,3.7
670.75,868.5,3.7
671,869.4,3.7
671.25,870.3,3.7
671.5,871,2.7
671.75,871.1,0.3
672,871.2,0.3
672.25,871.2,0.3
672.5,871.3,0.3
672.75,871.4,0.3
673,871.5,0.3
673.25,871.6,0.3
673.5,871.7,0.3
673.75,871.8,0.3
674,871.8,0.3
674.25,871.9,0.3
674.5,872,0.3
674.75,872.1,0.3
675,872.2,0.3
675.25,872.3,0.3
675.5,872.3,0.3
675.75,872.4,0.3
676,872.5,0.3
676.25,872.6,0.3
676.5,872.7,0.3
676.75,872.8,0.3
677,872.9,0.3
677.25,872.9,0.3
677.5,873,0.3
677.75,873.1,0.3
678,873.2,0.3
678.25,873.3,0.3
678.5,873.4,0.3
678.75,873.4,0.3
679,873.5,0.3
679.25,873.6,0.3
679.5,873.7,0.3
679.75,873.8,0.3
680,873.9,0.3
680.25,874,0.3
680.5,874,0.3
680.75,874.1,0.3
681,874.2,0.3
681.25,874.3,0.3
681.5,874.4,0.3
681.75,874.5,0.3
682,874.5,0.3
682.25,874.6,0.3
682.5,874.7,0.3
682.75,874.8,0.3
683,874.9,0.3
683.25,875,0.3
683.5,875.1,0.3
683.75,875.1,0.3
684,875.2,0.3
684.25,875.3,0.3
684.5,875.4,0.3
684.75,875.5,0.3
685,875.6,0.3
685.25,875.6,0.3
685.5,875.7,0.3
685.75,875.8,0.3
686,875.9,0.3
686.25,876,0.3
686.5,876.1,0.3
686.75,876.2,0.3
687,876.2,0.3
687.25,876.3,0.3
687.5,876.4,0.3
687.75,876.5,0.3
688,876.6,0.3
688.25,876.7,0.3
688.5,876.8,0.3
688.75,876.8,0.3
689,876.9,0.3
689.25,877,0.3
689.5,877.1,0.3
689.75,877.2,0.3
690,877.3,0.3
690.25,877.3,0.3
690.5,877.4,0.3
690.75,877.5,0.3
691,877.6,0.3
691.25,877.7,0.3
691.5,877.8,0.3
691.75,877.9,0.3
692,877.9,0.3
692.25,878,0.3
692.5,878.1,0.3
692.75,878.2,0.3
693,878.3,0.3
693.25,878.4,0.3
693.5,886.7,33.3
693.75,888.5,7.5
694,890.4,7.5
694.25,892.3,7.5
694.5,893.6,5.4
694.75,894.3,2.8
695,895.1,2.8
695.25,895.8,2.8
695.5,896.5,2.8
695.75,897.2,2.8
696,897.9,2.8
696.25,898.6,2.8
696.5,899.3,2.8
696.75,900,2.8
697,900.7,2.8
697.25,900.8,0.4
697.5,900.9,0.4
697.75,901,0.4
698,901.1,0.4
698.25,901.2,0.4
698.5,901.3,0.4
698.75,901.4,0.4
699,901.4,0.4
699.25,901.5,0.4
699.5,901.6,0.4
699.75,901.7,0.4
700,901.8,0.4
700.25,901.9,0.4
700.5,902,0.4
700.75,902.1,0.4
701,902.2,0.4
701.25,902.3,0.4
701.5,902.4,0.4
701.75,902.4,0.4
702,902.5,0.4
702.25,902.6,0.4
702.5,902.7,0.4
702.75,902.8,0.4
703,902.9,0.4
703.25,903,0.4
703.5,903.1,0.4
703.75,903.2,0.4
704,903.3,0.4
704.25,903.4,0.4
704.5,903.4,0.4
704.75,903.5,0.4
705,903.6,0.4
705.25,903.7,0.4
705.5,903.8,0.4
705.75,903.9,0.4
706,904,0.4
706.25,904.1,0.4
706.5,904.2,0.4
706.75,904.3,0.4
707,904.4,0.4
707.25,904.4,0.4
707.5,904.5,0.4
707.75,904.6,0.4
708,904.7,0.4
708.25,904.8,0.4
708.5,904.9,0.4
708.75,905,0.4
709,905.1,0.4
709.25,905.2,0.4
709.5,905.3,0.4
709.75,905.3,0.4
710,905.4,0.4
710.25,905.5,0.4
710.5,905.6,0.4
710.75,905.7,0.4
711,905.8,0.4
711.25,905.9,0.4
711.5,906,0.4
711.75,906.1,0.4
712,906.2,0.4
712.25,906.3,0.4
712.5,906.3,0.4
712.75,906.4,0.4
713,906.5,0.4
713.25,906.6,0.4
713.5,906.7,0.4
713.75,906.8,0.4
714,906.9,0.4
714.25,907,0.4
714.5,907.1,0.4
714.75,907.2,0.4
715,907.3,0.4
715.25,907.3,0.4
715.5,907.4,0.4
715.75,907.5,0.4
716,907.6,0.4
716.25,907.7,0.4
716.5,907.8,0.4
716.75,907.9,0.4
717,908,0.4
717.25,908.1,0.4
717.5,915.9,31.4
717.75,916.9,3.8
718,917.8,3.8
718.25,918.8,3.8
718.5,919.7,3.8
718.75,920.6,3.8
719,921.6,3.8
719.25,922.5,3.8
719.5,923,2.1
719.75,923.2,0.6
720,923.4,0.6
720.25,923.5,0.6
720.5,923.7,0.6
720.75,923.8,0.6
721,924,0.6
721.25,924.2,0.6
721.5,924.3,0.6
721.75,924.5,0.6
722,924.6,0.6
722.25,924.8,0.6
722.5,924.9,0.6
722.75,925.1,0.6
723,925.3,0.6
723.25,925.4,0.6
723.5,925.6,0.6
723.75,925.7,0.6
724,925.9,0.6
724.25,926.1,0.6
724.5,926.2,0.6
724.75,926.4,0.6
725,926.5,0.6
725.25,926.7,0.6
725.5,926.8,0.6
725.75,927,0.6
726,927.2,0.6
726.25,927.3,0.6
726.5,927.5,0.6
726.75,927.6,0.6
727,927.8,0.6
727.25,928,0.6
727.5,928.1,0.6
727.75,928.3,0.6
728,928.4,0.6
728.25,928.6,0.6
728.5,928.7,0.6
728.75,928.9,0.6
729,929.1,0.6
729.25,929.2,0.6
729.5,929.4,0.6
729.75,929.5,0.6
730,929.7,0.6
730.25,929.9,0.6
730.5,930,0.6
730.75,930.2,0.6
731,930.3,0.6
731.25,930.5,0.7
731.5,930.7,0.7
731.75,930.9,0.7
732,931,0.7
732.25,931.2,0.7
732.5,931.4,0.7
732.75,931.6,0.7
733,931.8,0.7
733.25,931.9,0.7
733.5,932.1,0.7
733.75,932.3,0.7
734,932.5,0.7
734.25,932.7,0.7
734.5,932.8,0.7
734.75,933,0.7
735,933.2,0.7
735.25,933.4,0.7
735.5,933.5,0.7
735.75,933.7,0.7
736,933.9,0.7
736.25,934.1,0.7
736.5,934.3,0.7
736.75,934.4,0.7
737,934.6,0.7
737.25,934.8,0.7
737.5,935,0.7
737.75,935.2,0.7
738,935.3,0.7
738.25,935.5,0.7
738.5,935.7,0.7
738.75,935.9,0.7
739,936.1,0.7
739.25,936.2,0.7
739.5,936.4,0.7
739.75,936.6,0.7
740,936.8,0.7
740.25,936.9,0.7
740.5,937.1,0.7
740.75,937.3,0.7
741,937.5,0.7
741.25,937.7,0.7
741.5,946,33.5
741.75,948.1,8.2
742,950.1,8.2
742.25,952.2,8.2
742.5,953.5,5.4
742.75,954.7,4.7
743,955.9,4.7
743.25,957.1,4.7
743.5,958.3,4.7
743.75,959.4,4.7
744,960.1,2.8
744.25,960.5,1.4
744.5,960.9,1.4
744.75,961.2,1.4
745,961.6,1.4
745.25,961.9,1.4
745.5,962.3,1.4
745.75,962.6,1.4
746,963,1.4
746.25,963.3,1.4
746.5,963.7,1.4
746.75,964,1.4
747,964.4,1.4
747.25,964.7,1.4
747.5,965.1,1.4
747.75,965.5,1.4
748,965.8,1.4
748.25,966.2,1.4
748.5,966.5,1.4
748.75,966.9,1.4
749,967.2,1.4
749.25,967.5,1.1
749.5,967.8,1.1
749.75,968,1.1
750,968.3,1.1
750.25,968.6,1.1
750.5,968.8,1.1
750.75,969.1,1.1
751,969.4,1.1
751.25,969.6,1.1
751.5,969.9,1.1
751.75,970.2,1.1
752,970.4,1.1
752.25,970.7,1.1
752.5,971,1.1
752.75,971.2,1.1
753,971.5,1.1
753.25,971.8,1.1
753.5,972,1.1
753.75,972.3,1.1
754,972.6,1.1
754.25,972.8,1.1
754.5,973.1,1.1
754.75,973.4,1.1
755,973.6,1.1
755.25,973.9,1.1
755.5,974.2,1.1
755.75,974.4,1.1
756,974.7,1.1
756.25,975,1.1
756.5,975.3,1.2
756.75,975.5,1.2
757,975.8,1.2
757.25,976.1,1.2
757.5,976.4,1.2
757.75,976.7,1.2
758,977,1.2
758.25,977.3,1.2
758.5,977.6,1.2
758.75,977.9,1.2
759,978.1,1.2
759.25,978.4,1.2
759.5,978.7,1.2
759.75,979,1.2
760,979.3,1.2
760.25,979.6,1.2
760.5,979.9,1.2
760.75,980.2,1.2
761,980.4,1.2
761.25,980.7,1.2
761.5,981,1.2
761.75,981.3,1.2
762,981.6,1.2
762.25,981.9,1.2
762.5,982.3,1.6
762.75,982.9,2.5
763,983.5,2.5
763.25,984.1,2.5
763.5,984.8,2.5
763.75,985.4,2.5
764,986,2.5
764.25,986.6,2.5
764.5,987.3,2.5
764.75,987.9,2.5
765,988.5,2.5
765.25,989.1,2.5
765.5,997.6,33.9
765.75,999.7,8.7
766,1001.9,8.7
766.25,1004.1,8.7
766.5,1007.1,12.3
766.75,1010.3,12.6
767,1011.7,5.7
767.25,1011.9,0.6
767.5,1012,0.6
767.75,1012.2,0.6
768,1012.3,0.6
768.25,1012.5,0.6
768.5,1012.6,0.6
768.75,1012.8,0.6
769,1012.9,0.6
769.25,1013.1,0.6
769.5,1013.2,0.6
769.75,1013.4,0.6
770,1013.5,0.6
770.25,1013.7,0.6
770.5,1013.8,0.6
770.75,1014,0.6
771,1014.1,0.6
771.25,1014.3,0.6
771.5,1014.4,0.6
771.75,1014.6,0.6
772,1014.7,0.6
772.25,1014.9,0.6
772.5,1015,0.6
772.75,1015.2,0.6
773,1015.3,0.6
773.25,1015.5,0.6
773.5,1015.6,0.6
773.75,1015.8,0.6
774,1015.9,0.6
774.25,1016.1,0.6
774.5,1016.2,0.6
774.75,1016.4,0.6
775,1016.5,0.6
775.25,1016.7,0.6
775.5,1016.8,0.6
775.75,1017,0.6
776,1017.1,0.6
776.25,1017.3,0.6
776.5,1017.4,0.6
776.75,1017.6,0.6
777,1017.7,0.6
777.25,1017.9,0.6
777.5,1018,0.6
777.75,1018.2,0.6
778,1018.3,0.6
778.25,1018.5,0.6
778.5,1018.6,0.6
778.75,1018.8,0.6
779,1018.9,0.6
779.25,1019.1,0.7
779.5,1019.3,0.9
779.75,1019.6,0.9
780,1019.8,0.9
780.25,1020,0.9
780.5,1020.3,0.9
780.75,1020.5,0.9
781,1020.7,0.9
781.25,1021,0.9
781.5,1021.2,0.9
781.75,1021.4,0.9
782,1021.7,0.9
782.25,1021.9,0.9
782.5,1022.1,0.9
782.75,1022.4,0.9
783,1022.6,0.9
783.25,1022.8,0.9
783.5,1023.1,0.9
783.75,1023.3,0.9
784,1023.6,0.9
784.25,1023.8,0.9
784.5,1024,0.9
784.75,1024.3,0.9
785,1024.5,0.9
785.25,1024.7,0.9
785.5,1025,0.9
785.75,1025.2,0.9
786,1025.4,0.9
786.25,1025.7,0.9
786.5,1025.9,0.9
786.75,1026.1,0.9
787,1026.4,0.9
787.25,1027.1,2.7
787.5,1027.8,3.2
787.75,1028.6,3.2
788,1029.4,3.2
788.25,1030.2,3.2
788.5,1031,3.2
788.75,1031.8,3.2
789,1032.6,3.2
789.25,1033.4,3.2
789.5,1041.4,31.9
789.75,1041.8,1.5
790,1042.1,1.5
790.25,1042.5,1.5
790.5,1042.9,1.5
790.75,1043.2,1.5
791,1043.6,1.5
791.25,1044,1.5
791.5,1044.4,1.5
791.75,1044.7,1.5
792,1045.1,1.5
792.25,1045.5,1.5
792.5,1045.8,1.5
792.75,1046.2,1.5
793,1046.6,1.5
793.25,1047,1.5
793.5,1047.3,1.5
793.75,1047.7,1.5
794,1048.1,1.5
794.25,1048.5,1.5
794.5,1048.8,1.6
794.75,1049.3,1.7
795,1049.7,1.7
795.25,1050.1,1.7
795.5,1050.5,1.7
795.75,1050.9,1.7
796,1051.3,1.7
796.25,1051.8,1.7
796.5,1052.2,1.7
796.75,1052.6,1.7
797,1053,1.7
797.25,1053.4,1.7
797.5,1053.8,1.7
797.75,1054.2,1.7
798,1054.7,1.7
798.25,1055.1,1.7
798.5,1055.5,1.7
798.75,1055.9,1.7
799,1056.3,1.5
799.25,1056.6,1.4
799.5,1057,1.4
799.75,1057.3,1.4
800,1057.7,1.4
800.25,1058,1.4
800.5,1058.3,1.4
800.75,1058.7,1.4
801,1059,1.4
801.25,1059.4,1.4
801.5,1059.7,1.4
801.75,1060.1,1.4
802,1060.4,1.4
802.25,1060.8,1.4
802.5,1061.1,1.4
802.75,1061.5,1.4
803,1061.8,1.4
803.25,1062.2,1.4
803.5,1062.5,1.4
803.75,1062.9,1.4
804,1063.2,1.4
804.25,1063.5,1.3
804.5,1063.8,1.1
804.75,1064.1,1.1
805,1064.4,1.1
805.25,1064.7,1.1
805.5,1064.9,1.1
805.75,1065.2,1.1
806,1065.5,1.1
806.25,1065.8,1.1
806.5,1066.1,1.1
806.75,1066.4,1.1
807,1066.6,1.1
807.25,1066.9,1.1
807.5,1067.2,1.1
807.75,1067.5,1.1
808,1067.8,1.1
808.25,1068.1,1.1
808.5,1068.3,1.1
808.75,1068.6,1.1
809,1068.9,1.1
809.25,1069.2,1.1
809.5,1069.5,1.1
809.75,1069.8,1.1
810,1070,1.1
810.25,1070.3,1.1
810.5,1070.6,1.1
810.75,1071.1,1.8
811,1071.7,2.7
811.25,1072.4,2.7
811.5,1073.1,2.7
811.75,1073.8,2.7
812,1074.4,2.7
812.25,1075.1,2.7
812.5,1075.8,2.7
812.75,1076.5,2.7
813,1077.2,2.7
813.25,1077.8,2.7
813.5,1085.8,31.9
813.75,1086.3,2.2
814,1086.9,2.2
814.25,1087.4,2.2
814.5,1088,2.2
814.75,1088.5,2.2
815,1089,2.2
815.25,1089.6,2.2
815.5,1090.1,2.2
815.75,1090.7,2.2
816,1091.2,2.2
816.25,1091.7,2.2
816.5,1092.3,2.2
816.75,1092.8,2.2
817,1093.3,2
817.25,1093.8,2
817.5,1094.3,2
817.75,1094.8,2
818,1095.3,2
818.25,1095.8,2
818.5,1096.3,2
818.75,1096.8,2
819,1097.3,2
819.25,1097.8,2
819.5,1098.3,2
819.75,1098.8,2
820,1099.3,2
820.25,1099.8,2
820.5,1100.3,2
820.75,1100.7,1.6
821,1101.1,1.5
821.25,1101.5,1.5
821.5,1101.9,1.5
821.75,1102.2,1.5
822,1102.6,1.5
822.25,1103,1.5
822.5,1103.4,1.5
822.75,1103.8,1.5
823,1104.2,1.5
823.25,1104.6,1.5
823.5,1104.9,1.5
823.75,1105.3,1.5
824,1105.7,1.5
824.25,1106.1,1.5
824.5,1106.5,1.5
824.75,1106.9,1.5
825,1107.2,1.5
825.25,1107.6,1.5
825.5,1107.9,1.2
825.75,1108.2,1.2
826,1108.5,1.2
826.25,1108.8,1.2
826.5,1109.1,1.2
826.75,1109.4,1.2
827,1109.7,1.2
827.25,1110,1.2
827.5,1110.3,1.2
827.75,1110.6,1.2
828,1110.9,1.2
828.25,1111.2,1.2
828.5,1111.5,1.2
828.75,1111.8,1.2
829,1112.1,1.2
829.25,1112.4,1.2
829.5,1112.7,1.2
829.75,1113,1.2
830,1113.3,1.2
830.25,1113.6,1.2
830.5,1113.9,1.2
830.75,1114.2,1.2
831,1114.5,1.2
831.25,1114.8,1.2
831.5,1115,1.2
831.75,1115.7,2.5
832,1116.3,2.6
832.25,1117,2.6
832.5,1117.6,2.6
832.75,1118.2,2.6
833,1118.9,2.6
833.25,1119.5,2.6
833.5,1120.2,2.6
833.75,1120.8,2.6
834,1121.4,2.6
834.25,1122.1,2.6
834.5,1122.7,2.5
834.75,1123.3,2.5
835,1123.9,2.5
835.25,1124.5,2.5
835.5,1125.2,2.5
835.75,1125.8,2.5
836,1126.4,2.5
836.25,1127,2.5
836.5,1127.6,2.5
836.75,1128.2,2.5
837,1128.8,2.5
837.25,1129.5,2.5
837.5,1138.5,36.1
837.75,1142,14
838,1145.6,14.4
838.25,1149.5,15.6
838.5,1152.7,13
838.75,1155,9.2
839,1157.3,9.2
839.25,1159.4,8.2
839.5,1160.5,4.5
839.75,1161.6,4.5
840,1162.8,4.5
840.25,1163.9,4.5
840.5,1165,4.5
840.75,1166.1,4.5
841,1167,3.4
841.25,1167.8,3
841.5,1168.5,3
841.75,1169.3,3
842,1170,3
842.25,1170.8,3
842.5,1171.6,3
842.75,1172.3,3
843,1173.1,3
843.25,1173.8,3
843.5,1174.5,2.5
843.75,1175.1,2.5
844,1175.7,2.5
844.25,1176.3,2.5
844.5,1176.9,2.5
844.75,1177.5,2.5
845,1178.2,2.5
845.25,1178.8,2.5
845.5,1179.4,2.5
845.75,1180,2.5
846,1180.6,2.5
846.25,1181.1,1.9
846.5,1181.3,0.7
846.75,1181.5,0.7
847,1181.7,0.7
847.25,1181.9,0.7
847.5,1182.1,0.7
847.75,1182.2,0.7
848,1182.4,0.7
848.25,1182.6,0.7
848.5,1182.8,0.7
848.75,1183,0.7
849,1183.2,0.7
849.25,1183.4,0.7
849.5,1183.5,0.7
849.75,1183.7,0.7
850,1183.9,0.7
850.25,1184.1,0.7
850.5,1184.3,0.7
850.75,1184.5,0.7
851,1184.7,0.7
851.25,1184.9,0.7
851.5,1185,0.7
851.75,1185.2,0.7
852,1185.4,0.7
852.25,1185.6,0.7
852.5,1185.8,0.7
852.75,1186,0.7
853,1186.2,0.7
853.25,1186.3,0.7
853.5,1186.5,0.7
853.75,1186.7,0.7
854,1186.9,0.7
854.25,1187.1,0.7
854.5,1187.3,0.7
854.75,1187.5,0.7
855,1187.6,0.7
855.25,1187.8,0.7
855.5,1188,0.7
855.75,1188.2,0.7
856,1188.4,0.7
856.25,1188.8,1.6
856.5,1189.2,1.7
856.75,1189.6,1.7
857,1190.1,1.7
857.25,1190.5,1.7
857.5,1190.9,1.7
857.75,1191.3,1.7
858,1191.8,1.7
858.25,1192.2,1.7
858.5,1192.6,1.7
858.75,1193,1.7
859,1193.4,1.7
859.25,1193.9,1.7
859.5,1194.3,1.7
859.75,1194.7,1.7
860,1195.1,1.7
860.25,1195.6,1.7
860.5,1196.8,5.1
860.75,1198.6,7
861,1200.3,7
861.25,1202.1,7
861.5,1210.5,33.5
861.75,1210.8,1.5
862,1211.2,1.5
862.25,1211.6,1.5
862.5,1212,1.5
862.75,1212.4,1.5
863,1212.7,1.5
863.25,1213.1,1.5
863.5,1213.5,1.5
863.75,1213.9,1.5
864,1214.3,1.5
864.25,1214.6,1.5
864.5,1215,1.5
864.75,1215.4,1.5
865,1215.8,1.5
865.25,1216.2,1.5
865.5,1216.5,1.5
865.75,1216.9,1.5
866,1217.3,1.5
866.25,1217.7,1.8
866.5,1218.5,3
866.75,1219.2,3
867,1220,3
867.25,1220.7,3
867.5,1221.5,3
867.75,1222.2,3
868,1222.9,3
868.25,1223.7,3
868.5,1224.4,3
868.75,1225.1,2.7
869,1225.7,2.3
869.25,1226.2,2.3
869.5,1226.8,2.3
869.75,1227.4,2.3
870,1227.9,2.3
870.25,1228.5,2.3
870.5,1229.1,2.3
870.75,1229.6,2.3
871,1230.2,2.3
871.25,1230.8,2.3
871.5,1231.3,2.3
871.75,1231.9,2.3
872,1232.4,1.9
872.25,1232.8,1.6
872.5,1233.1,1.6
872.75,1233.5,1.6
873,1233.9,1.6
873.25,1234.3,1.6
873.5,1234.7,1.6
873.75,1235.1,1.6
874,1235.5,1.6
874.25,1235.9,1.6
874.5,1236.2,1.6
874.75,1236.6,1.6
875,1237,1.6
875.25,1237.4,1.6
875.5,1237.8,1.6
875.75,1238.2,1.6
876,1238.6,1.6
876.25,1239,1.6
876.5,1239.3,1.6
876.75,1239.7,1.5
877,1240.1,1.5
877.25,1240.4,1.5
877.5,1240.8,1.5
877.75,1241.2,1.5
878,1241.5,1.5
878.25,1241.9,1.5
878.5,1242.3,1.5
878.75,1242.6,1.5
879,1243,1.5
879.25,1243.4,1.5
879.5,1243.7,1.5
879.75,1244.1,1.5
880,1244.5,1.5
880.25,1244.8,1.5
880.5,1245.2,1.5
880.75,1245.6,1.5
881,1245.9,1.5
881.25,1246.3,1.5
881.5,1246.7,1.5
881.75,1247.1,1.7
882,1247.6,1.9
882.25,1248.1,1.9
882.5,1248.5,1.9
882.75,1249,1.9
883,1249.5,1.9
883.25,1250,1.9
883.5,1250.5,1.9
883.75,1251,1.9
884,1251.5,1.9
884.25,1251.9,1.9
884.5,1252.4,1.9
884.75,1252.9,1.9
885,1253.4,1.9
885.25,1253.9,1.9
885.5,1262,32.4
885.75,1263.2,4.9
886,1264.4,4.9
886.25,1265.7,4.9
886.5,1266.9,4.9
886.75,1268.2,4.9
887,1269.2,4.1
887.25,1270,3.4
887.5,1270.9,3.4
887.75,1271.7,3.4
888,1272.6,3.4
888.25,1273.4,3.4
888.5,1274.3,3.4
888.75,1275.1,3.4
889,1276,3.4
889.25,1276.7,3
889.5,1277.4,3
889.75,1278.2,3
890,1278.9,3
890.25,1279.7,3
890.5,1280.4,3
890.75,1281.1,3
891,1281.9,3
891.25,1282.6,3
891.5,1283.3,2.8
891.75,1283.9,2.3
892,1284.5,2.3
892.25,1285,2.3
892.5,1285.6,2.3
892.75,1286.2,2.3
893,1286.8,2.3
893.25,1287.3,2.3
893.5,1287.9,2.3
893.75,1288.5,2.3
894,1289.1,2.3
894.25,1289.6,2.3
894.5,1290.2,2.3
894.75,1290.7,1.9
895,1291.1,1.6
895.25,1291.5,1.6
895.5,1291.9,1.6
895.75,1292.3,1.6
896,1292.7,1.6
896.25,1293.2,1.6
896.5,1293.6,1.6
896.75,1294,1.6
897,1294.4,1.6
897.25,1294.8,1.6
897.5,1295.2,1.6
897.75,1295.6,1.6
898,1296,1.6
898.25,1296.5,1.6
898.5,1296.9,1.6
898.75,1297.3,1.6
899,1297.7,1.6
899.25,1298.1,1.5
899.5,1298.4,1.5
899.75,1298.8,1.5
900,1299.1,1.5
900.25,1299.5,1.5
900.5,1299.9,1.5
900.75,1300.2,1.5
901,1300.6,1.5
901.25,1301,1.5
901.5,1301.3,1.5
901.75,1301.7,1.5
902,1302,1.5
902.25,1302.4,1.5
902.5,1302.8,1.5
902.75,1303.1,1.5
903,1303.5,1.5
903.25,1303.9,1.5
903.5,1304.2,1.5
903.75,1304.6,1.5
904,1305,1.5
904.25,1305.3,1.5
904.5,1305.7,1.5
904.75,1306,1.5
905,1306.4,1.5
905.25,1306.8,1.5
905.5,1307.1,1.5
905.75,1307.5,1.5
906,1307.9,1.5
906.25,1308.2,1.5
906.5,1308.6,1.5
906.75,1309,1.5
907,1309.3,1.5
907.25,1309.7,1.5
907.5,1310,1.5
907.75,1310.4,1.5
908,1310.8,1.5
908.25,1311.1,1.5
908.5,1311.5,1.5
908.75,1311.9,1.5
909,1312.2,1.5
909.25,1316.5,17.1
909.5,1327.2,42.8
909.75,1327.8,2.2
910,1328.3,2.2
910.25,1328.9,2.2
910.5,1329.4,2.2
910.75,1330,2.2
911,1330.5,2.2
911.25,1331.1,2.2
911.5,1331.6,2.2
911.75,1332.2,2.2
912,1332.7,2.2
912.25,1333.3,2.2
912.5,1333.9,2.2
912.75,1334.4,2.2
913,1335.1,2.6
913.25,1335.7,2.6
913.5,1336.4,2.6
913.75,1337,2.6
914,1337.7,2.6
914.25,1338.3,2.6
914.5,1339,2.6
914.75,1339.6,2.6
915,1340.3,2.6
915.25,1340.9,2.6
915.5,1341.6,2.6
915.75,1342.1,2.3
916,1342.7,2.1
916.25,1343.2,2.1
916.5,1343.7,2.1
916.75,1344.3,2.1
917,1344.8,2.1
917.25,1345.3,2.1
917.5,1345.9,2.1
917.75,1346.4,2.1
918,1346.9,2.1
918.25,1347.5,2.1
918.5,1348,2.1
918.75,1348.5,2.1
919,1349.1,2.1
919.25,1349.5,1.6
919.5,1349.9,1.6
919.75,1350.3,1.6
920,1350.7,1.6
920.25,1351.1,1.6
920.5,1351.4,1.6
920.75,1351.8,1.6
921,1352.2,1.6
921.25,1352.6,1.6
921.5,1353,1.6
921.75,1353.4,1.6
922,1353.8,1.6
922.25,1354.2,1.6
922.5,1354.6,1.6
922.75,1355,1.6
923,1355.4,1.6
923.25,1355.7,1.6
923.5,1356.1,1.6
923.75,1356.5,1.6
924,1356.9,1.3
924.25,1357.2,1.3
924.5,1357.5,1.3
924.75,1357.8,1.3
925,1358.1,1.3
925.25,1358.4,1.3
925.5,1358.8,1.3
925.75,1359.1,1.3
926,1359.4,1.3
926.25,1359.7,1.3
926.5,1360,1.3
926.75,1360.4,1.3
927,1360.7,1.3
927.25,1361,1.3
927.5,1361.3,1.3
927.75,1361.6,1.3
928,1361.9,1.3
928.25,1362.3,1.3
928.5,1362.6,1.3
928.75,1362.9,1.3
929,1363.2,1.3
929.25,1363.5,1.3
929.5,1363.9,1.3
929.75,1364.3,1.8
930,1364.8,1.9
930.25,1365.3,1.9
930.5,1365.8,1.9
930.75,1366.2,1.9
931,1366.7,1.9
931.25,1367.2,1.9
931.5,1367.7,1.9
931.75,1368.2,1.9
932,1368.7,1.9
932.25,1369.2,1.9
932.5,1369.6,1.9
932.75,1370.1,1.9
933,1370.6,1.9
933.25,1371.1,1.9
933.5,1379.1,32.1
933.75,1380,3.5
934,1380.9,3.5
934.25,1381.7,3.5
934.5,1382.6,3.5
934.75,1383.5,3.5
935,1384.4,3.5
935.25,1385.2,3.5
935.5,1386.1,3.5
935.75,1387,3.4
936,1387.8,3.4
936.25,1388.7,3.4
936.5,1389.5,3.4
936.75,1390.3,3.4
937,1391.2,3.4
937.25,1392,3.4
937.5,1392.9,3.4
937.75,1393.7,3.2
938,1394.3,2.4
938.25,1394.9,2.4
938.5,1395.5,2.4
938.75,1396.1,2.4
939,1396.7,2.4
939.25,1397.3,2.4
939.5,1397.9,2.4
939.75,1398.5,2.4
940,1399.2,2.4
940.25,1399.8,2.4
940.5,1400.4,2.4
940.75,1401,2.4
941,1401.4,1.7
941.25,1401.8,1.7
941.5,1402.2,1.7
941.75,1402.7,1.7
942,1403.1,1.7
942.25,1403.5,1.7
942.5,1403.9,1.7
942.75,1404.4,1.7
943,1404.8,1.7
943.25,1405.2,1.7
943.5,1405.6,1.7
943.75,1406,1.7
944,1406.5,1.7
944.25,1406.9,1.7
944.5,1407.3,1.7
944.75,1407.7,1.7
945,1408.2,1.7
945.25,1408.6,1.6
945.5,1408.9,1.5
945.75,1409.3,1.5
946,1409.7,1.5
946.25,1410,1.5
946.5,1410.4,1.5
946.75,1410.7,1.5
947,1411.1,1.5
947.25,1411.5,1.5
947.5,1411.8,1.5
947.75,1412.2,1.5
948,1412.6,1.5
948.25,1412.9,1.5
948.5,1413.3,1.5
948.75,1413.7,1.5
949,1414,1.5
949.25,1414.4,1.5
949.5,1414.8,1.5
949.75,1415.1,1.5
950,1415.5,1.5
950.25,1415.9,1.5
950.5,1416.2,1.5
950.75,1416.6,1.5
951,1417,1.5
951.25,1417.4,1.5
951.5,1417.7,1.5
951.75,1418.1,1.5
952,1418.5,1.5
952.25,1418.8,1.5
952.5,1419.2,1.5
952.75,1419.6,1.5
953,1420,1.5
953.25,1420.3,1.5
953.5,1420.7,1.5
953.75,1421.1,1.5
954,1421.4,1.5
954.25,1421.8,1.5
954.5,1422.2,1.5
954.75,1422.6,1.5
955,1422.9,1.5
955.25,1423.5,2.2
955.5,1424.3,3.3
955.75,1425.2,3.3
956,1426,3.3
956.25,1426.8,3.3
956.5,1427.7,3.3
956.75,1428.5,3.3
957,1429.3,3.3
957.25,1430.2,3.3
957.5,1438.3,32.8
957.75,1439.2,3.5
958,1440.1,3.5
958.25,1440.9,3.5
958.5,1441.8,3.5
958.75,1442.7,3.5
959,1443.5,3.5
959.25,1444.4,3.5
959.5,1445.3,3.5
959.75,1446,2.8
960,1446.6,2.7
960.25,1447.3,2.7
960.5,1448,2.7
960.75,1448.6,2.7
961,1449.3,2.7
961.25,1450,2.7
961.5,1450.7,2.7
961.75,1451.3,2.7
962,1452,2.7
962.25,1452.7,2.7
962.5,1453.1,1.9
962.75,1453.6,1.8
963,1454,1.8
963.25,1454.5,1.8
963.5,1454.9,1.8
963.75,1455.3,1.8
964,1455.8,1.8
964.25,1456.2,1.8
964.5,1456.6,1.8
964.75,1457.1,1.8
965,1457.5,1.8
965.25,1458,1.8
965.5,1458.4,1.8
965.75,1458.8,1.8
966,1459.3,1.8
966.25,1459.7,1.8
966.5,1460.2,1.7
966.75,1460.5,1.3
967,1460.8,1.3
967.25,1461.1,1.3
967.5,1461.5,1.3
967.75,1461.8,1.3
968,1462.1,1.3
968.25,1462.4,1.3
968.5,1462.8,1.3
968.75,1463.1,1.3
969,1463.4,1.3
969.25,1463.7,1.3
969.5,1464.1,1.3
969.75,1464.4,1.3
970,1464.7,1.3
970.25,1465,1.3
970.5,1465.4,1.3
970.75,1465.7,1.3
971,1466,1.3
971.25,1466.4,1.3
971.5,1466.7,1.3
971.75,1467,1.3
972,1467.3,1.3
972.25,1467.6,1.2
972.5,1467.9,1.1
972.75,1468.2,1.1
973,1468.4,1.1
973.25,1468.7,1.1
973.5,1469,1.1
973.75,1469.2,1.1
974,1469.5,1.1
974.25,1469.8,1.1
974.5,1470,1.1
974.75,1470.3,1.1
975,1470.6,1.1
975.25,1470.8,1.1
975.5,1471.1,1.1
975.75,1471.4,1.1
976,1471.6,1.1
976.25,1471.9,1.1
976.5,1472.1,1.1
976.75,1472.4,1.1
977,1472.7,1.1
977.25,1472.9,1.1
977.5,1473.2,1.1
977.75,1473.5,1.1
978,1473.7,1.1
978.25,1474,1.1
978.5,1474.3,1.1
978.75,1474.5,1.1
979,1474.8,1.1
979.25,1475.3,2.1
979.5,1476.1,3.3
979.75,1477,3.3
980,1477.8,3.3
980.25,1478.6,3.3
980.5,1479.5,3.3
980.75,1480.3,3.3
981,1481.1,3.3
981.25,1482,3.3
981.5,1490.2,32.9
981.75,1491.1,3.6
982,1492,3.6
982.25,1492.9,3.6
982.5,1493.8,3.6
982.75,1494.7,3.6
983,1495.6,3.6
983.25,1496.5,3.6
983.5,1497.4,3.4
983.75,1498.1,2.9
984,1498.8,2.9
984.25,1499.5,2.9
984.5,1500.3,2.9
984.75,1501,2.9
985,1501.7,2.9
985.25,1502.4,2.9
985.5,1503.1,2.9
985.75,1503.9,2.9
986,1504.6,2.9
986.25,1505,1.5
986.5,1505.3,1.5
986.75,1505.7,1.5
987,1506.1,1.5
987.25,1506.4,1.5
987.5,1506.8,1.5
987.75,1507.2,1.5
988,1507.6,1.5
988.25,1507.9,1.5
988.5,1508.3,1.5
988.75,1508.7,1.5
989,1509,1.5
989.25,1509.4,1.5
989.5,1509.8,1.5
989.75,1510.2,1.5
990,1510.5,1.5
990.25,1510.9,1.5
990.5,1511.3,1.5
990.75,1511.6,1.5
991,1512,1.5
991.25,1512.3,1.1
991.5,1512.6,1.1
991.75,1512.8,1.1
992,1513.1,1.1
992.25,1513.4,1.1
992.5,1513.7,1.1
992.75,1513.9,1.1
993,1514.2,1.1
993.25,1514.5,1.1
993.5,1514.8,1.1
993.75,1515,1.1
994,1515.3,1.1
994.25,1515.6,1.1
994.5,1515.9,1.1
994.75,1516.2,1.1
995,1516.4,1.1
995.25,1516.7,1.1
995.5,1517,1.1
995.75,1517.3,1.1
996,1517.5,1.1
996.25,1517.8,1.1
996.5,1518.1,1.1
996.75,1518.4,1.1
997,1518.6,1.1
997.25,1518.9,1.1
997.5,1519.2,1.1
997.75,1519.5,1.1
998,1519.8,1.1
998.25,1520,1.1
998.5,1520.3,1.1
998.75,1520.6,1.1
999,1520.9,1.1
999.25,1521.2,1.1
999.5,1521.5,1.1
999.75,1521.7,1.1
1000,1522,1.1
1000.25,1522.3,1.1
1000.5,1522.6,1.1
1000.75,1522.9,1.1
1001,1523.2,1.1
1001.25,1523.5,1.1
1001.5,1523.7,1.1
1001.75,1524,1.1
1002,1524.3,1.1
1002.25,1524.6,1.1
1002.5,1524.9,1.1
1002.75,1525.2,1.1
1003,1525.4,1.1
1003.25,1525.7,1.1
1003.5,1526,1.1
1003.75,1526.3,1.1
1004,1526.6,1.1
1004.25,1526.9,1.3
1004.5,1528.5,6.5
1004.75,1530.1,6.5
1005,1531.7,6.5
1005.25,1533.4,6.5
1005.5,1534.9,6.1
1005.75,1536.3,5.7
1006,1537.7,5.7
1006.25,1539.1,5.7
1006.5,1540.6,5.7
1006.75,1541.9,5.3
1007,1542.8,3.7
1007.25,1543.7,3.7
1007.5,1544.6,3.7
1007.75,1545.6,3.7
1008,1546.5,3.7
1008.25,1547.4,3.7
1008.5,1548.3,3.7
1008.75,1549.2,3.3
1009,1549.6,1.8
1009.25,1550.1,1.8
1009.5,1550.5,1.8
1009.75,1551,1.8
1010,1551.4,1.8
1010.25,1551.8,1.8
1010.5,1552.3,1.8
1010.75,1552.7,1.8
1011,1553.2,1.8
1011.25,1553.6,1.8
1011.5,1554.1,1.8
1011.75,1554.5,1.8
1012,1555,1.8
1012.25,1555.4,1.8
1012.5,1555.9,1.8
1012.75,1556.3,1.8
1013,1556.7,1.5
1013.25,1557,1.3
1013.5,1557.3,1.3
1013.75,1557.7,1.3
1014,1558,1.3
1014.25,1558.4,1.3
1014.5,1558.7,1.3
1014.75,1559,1.3
1015,1559.4,1.3
1015.25,1559.7,1.3
1015.5,1560,1.3
1015.75,1560.4,1.3
1016,1560.7,1.3
1016.25,1561,1.3
1016.5,1561.4,1.3
1016.75,1561.7,1.3
1017,1562.1,1.3
1017.25,1562.4,1.3
1017.5,1562.7,1.3
1017.75,1563.1,1.3
1018,1563.4,1.3
1018.25,1563.7,1.3
1018.5,1564,1.2
1018.75,1564.3,1.1
1019,1564.6,1.1
1019.25,1564.8,1.1
1019.5,1565.1,1.1
1019.75,1565.4,1.1
1020,1565.7,1.1
1020.25,1565.9,1.1
1020.5,1566.2,1.1
1020.75,1566.5,1.1
1021,1566.7,1.1
1021.25,1567,1.1
1021.5,1567.3,1.1
1021.75,1567.5,1.1
1022,1567.8,1.1
1022.25,1568.1,1.1
1022.5,1568.4,1.1
1022.75,1568.6,1.1
1023,1568.9,1.1
1023.25,1569.2,1.1
1023.5,1569.4,1.1
1023.75,1569.7,1.1
1024,1570,1.1
1024.25,1570.3,1.1
1024.5,1570.5,1.1
1024.75,1570.8,1.1
1025,1571.1,1.1
1025.25,1571.4,1.2
1025.5,1571.8,1.8
1025.75,1572.3,1.8
1026,1572.7,1.8
1026.25,1573.1,1.8
1026.5,1573.6,1.8
1026.75,1574,1.8
1027,1574.5,1.8
1027.25,1574.9,1.8
1027.5,1575.4,1.8
1027.75,1575.8,1.8
1028,1576.3,1.8
1028.25,1576.7,1.8
1028.5,1577.1,1.8
1028.75,1577.6,1.8
1029,1578,1.8
1029.25,1578.5,1.8
1029.5,1586.7,32.7
1029.75,1587.9,4.8
1030,1589.1,4.8
1030.25,1590.3,4.8
1030.5,1591.5,4.8
1030.75,1592.7,4.8
1031,1593.8,4.6
1031.25,1594.8,4.1
1031.5,1595.9,4.1
1031.75,1596.9,4.1
1032,1597.9,4.1
1032.25,1598.9,4.1
1032.5,1599.9,4.1
1032.75,1600.9,3.8
1033,1601.3,1.6
1033.25,1601.7,1.6
1033.5,1602.1,1.6
1033.75,1602.5,1.6
1034,1602.9,1.6
1034.25,1603.3,1.6
1034.5,1603.8,1.6
1034.75,1604.2,1.6
1035,1604.6,1.6
1035.25,1605,1.6
1035.5,1605.4,1.6
1035.75,1605.8,1.6
1036,1606.2,1.6
1036.25,1606.6,1.6
1036.5,1607,1.6
1036.75,1607.4,1.6
1037,1607.8,1.6
1037.25,1608.2,1.6
1037.5,1608.5,1
1037.75,1608.7,1
1038,1609,1
1038.25,1609.2,1
1038.5,1609.4,1
1038.75,1609.7,1
1039,1609.9,1
1039.25,1610.2,1
1039.5,1610.4,1
1039.75,1610.6,1
1040,1610.9,1
1040.25,1611.1,1
1040.5,1611.4,1
1040.75,1611.6,1
1041,1611.8,1
1041.25,1612.1,1
1041.5,1612.3,1
1041.75,1612.6,1
1042,1612.8,1
1042.25,1613,1
1042.5,1613.3,1
1042.75,1613.5,1
1043,1613.8,1
1043.25,1614,1
1043.5,1614.2,1
1043.75,1614.5,1
1044,1614.7,1
1044.25,1615,1
1044.5,1615.2,1
1044.75,1615.4,1
1045,1615.7,0.9
1045.25,1615.9,0.9
1045.5,1616.1,0.9
1045.75,1616.4,0.9
1046,1616.6,0.9
1046.25,1616.8,0.9
1046.5,1617.1,0.9
1046.75,1617.3,0.9
1047,1617.5,0.9
1047.25,1617.8,0.9
1047.5,1618,0.9
1047.75,1618.2,0.9
1048,1618.5,0.9
1048.25,1618.7,0.9
1048.5,1618.9,0.9
1048.75,1619.2,0.9
1049,1619.4,0.9
1049.25,1619.6,0.9
1049.5,1619.9,0.9
1049.75,1620.1,0.9
1050,1620.3,0.9
1050.25,1620.6,0.9
1050.5,1620.8,0.9
1050.75,1621,0.9
1051,1621.2,0.9
1051.25,1621.5,0.9
1051.5,1621.7,0.9
1051.75,1621.9,0.9
1052,1622.2,0.9
1052.25,1622.4,0.9
1052.5,1622.6,0.9
1052.75,1622.9,0.9
1053,1624.8,7.9
1053.25,1628.5,14.7
1053.5,1638.1,38.4
1053.75,1638.9,3.2
1054,1639.7,3.2
1054.25,1640.5,3.2
1054.5,1641.3,3.2
1054.75,1642.1,3.2
1055,1642.9,3.2
1055.25,1643.7,3.2
1055.5,1644.5,3.2
1055.75,1645.3,3.1
1056,1645.9,2.5
1056.25,1646.6,2.5
1056.5,1647.2,2.5
1056.75,1647.8,2.5
1057,1648.5,2.5
1057.25,1649.1,2.5
1057.5,1649.7,2.5
1057.75,1650.4,2.5
1058,1651,2.5
1058.25,1651.6,2.5
1058.5,1652.3,2.5
1058.75,1652.7,1.6
1059,1652.9,0.9
1059.25,1653.1,0.9
1059.5,1653.4,0.9
1059.75,1653.6,0.9
1060,1653.9,0.9
1060.25,1654.1,0.9
1060.5,1654.3,0.9
1060.75,1654.6,0.9
1061,1654.8,0.9
1061.25,1655,0.9
1061.5,1655.3,0.9
1061.75,1655.5,0.9
1062,1655.7,0.9
1062.25,1656,0.9
1062.5,1656.2,0.9
1062.75,1656.5,0.9
1063,1656.7,0.9
1063.25,1656.9,0.9
1063.5,1657.2,0.9
1063.75,1657.4,0.9
1064,1657.6,0.9
1064.25,1657.9,0.9
1064.5,1658.1,0.9
1064.75,1658.3,0.9
1065,1658.6,0.9
1065.25,1658.8,0.9
1065.5,1659,0.9
1065.75,1659.3,0.9
1066,1659.5,0.9
1066.25,1659.8,0.9
1066.5,1660,0.9
1066.75,1660.2,0.8
1067,1660.4,0.8
1067.25,1660.5,0.8
1067.5,1660.7,0.8
1067.75,1660.9,0.8
1068,1661.1,0.8
1068.25,1661.3,0.8
1068.5,1661.5,0.8
1068.75,1661.7,0.8
1069,1661.9,0.8
1069.25,1662.1,0.8
1069.5,1662.2,0.8
1069.75,1662.4,0.8
1070,1662.6,0.8
1070.25,1662.8,0.8
1070.5,1663,0.8
1070.75,1663.2,0.8
1071,1663.4,0.8
1071.25,1663.6,0.8
1071.5,1663.8,0.8
1071.75,1663.9,0.8
1072,1664.1,0.8
1072.25,1664.3,0.8
1072.5,1664.5,0.8
1072.75,1664.7,0.8
1073,1664.9,0.8
1073.25,1665.1,0.8
1073.5,1665.3,0.8
1073.75,1665.5,0.8
1074,1665.6,0.8
1074.25,1665.8,0.8
1074.5,1666,0.8
1074.75,1666.2,0.8
1075,1666.4,0.8
1075.25,1666.6,0.8
1075.5,1666.8,0.8
1075.75,1667,0.8
1076,1667.1,0.8
1076.25,1667.3,0.8
1076.5,1669,6.5
1076.75,1670.6,6.6
1077,1672.3,6.6
1077.25,1673.9,6.6
1077.5,1682.5,34.5
1077.75,1683.4,3.5
1078,1684.3,3.5
1078.25,1685.2,3.5
1078.5,1686.1,3.5
1078.75,1687,3.5
1079,1687.9,3.5
1079.25,1688.7,3.5
1079.5,1689.6,3.5
1079.75,1690.3,2.9
1080,1691.1,2.9
1080.25,1691.8,2.9
1080.5,1692.5,2.9
1080.75,1693.2,2.9
1081,1694,2.9
1081.25,1694.7,2.9
1081.5,1695.4,2.9
1081.75,1696.1,2.9
1082,1696.9,2.9
1082.25,1697.2,1.5
1082.5,1697.6,1.3
1082.75,1697.9,1.3
1083,1698.2,1.3
1083.25,1698.5,1.3
1083.5,1698.9,1.3
1083.75,1699.2,1.3
1084,1699.5,1.3
1084.25,1699.8,1.3
1084.5,1700.1,1.3
1084.75,1700.5,1.3
1085,1700.8,1.3
1085.25,1701.1,1.3
1085.5,1701.4,1.3
1085.75,1701.8,1.3
1086,1702.1,1.3
1086.25,1702.4,1.3
1086.5,1702.7,1.3
1086.75,1703.1,1.3
1087,1703.4,1.3
1087.25,1703.7,1.3
1087.5,1704,1.3
1087.75,1704.3,1.3
1088,1704.6,1.1
1088.25,1704.9,1.1
1088.5,1705.2,1.1
1088.75,1705.4,1.1
1089,1705.7,1.1
1089.25,1706,1.1
1089.5,1706.3,1.1
1089.75,1706.5,1.1
1090,1706.8,1.1
1090.25,1707.1,1.1
1090.5,1707.4,1.1
1090.75,1707.6,1.1
1091,1707.9,1.1
1091.25,1708.2,1.1
1091.5,1708.5,1.1
1091.75,1708.7,1.1
1092,1709,1.1
1092.25,1709.3,1.1
1092.5,1709.6,1.1
1092.75,1709.8,1.1
1093,1710.1,1.1
1093.25,1710.4,1.1
1093.5,1710.7,1.1
1093.75,1710.9,1.1
1094,1711.2,1.1
1094.25,1711.5,1.1
1094.5,1711.8,1.1
1094.75,1711.9,0.7
1095,1712.1,0.7
1095.25,1712.3,0.7
1095.5,1712.5,0.7
1095.75,1712.7,0.7
1096,1712.8,0.7
1096.25,1713,0.7
1096.5,1713.2,0.7
1096.75,1713.4,0.7
1097,1713.6,0.7
1097.25,1713.8,0.7
1097.5,1713.9,0.7
1097.75,1714.1,0.7
1098,1714.3,0.7
1098.25,1714.5,0.7
1098.5,1714.7,0.7
1098.75,1714.8,0.7
1099,1715,0.7
1099.25,1715.2,0.7
1099.5,1715.4,0.7
1099.75,1715.6,0.7
1100,1715.8,0.7
1100.25,1715.9,0.7
1100.5,1716.1,0.7
1100.75,1716.3,0.7
1101,1716.5,0.7
1101.25,1716.7,0.7
1101.5,1716.8,0.7
1101.75,1717,0.7
1102,1717.2,0.7
1102.25,1717.4,0.7
1102.5,1717.6,0.7
1102.75,1717.8,0.7
1103,1717.9,0.7
1103.25,1718.1,0.7
1103.5,1718.3,0.7
1103.75,1718.5,0.7
1104,1718.7,0.7
1104.25,1718.8,0.7
1104.5,1719,0.7
1104.75,1719.4,1.5
1105,1720.1,2.6
1105.25,1720.7,2.6
1105.5,1721.4,2.6
1105.75,1722,2.6
1106,1722.7,2.6
1106.25,1723.3,2.6
1106.5,1724,2.6
1106.75,1724.6,2.6
1107,1725.3,2.6
1107.25,1726,2.6
1107.5,1726.5,2.4
1107.75,1726.9,1.2
1108,1727.2,1.2
1108.25,1727.5,1.2
1108.5,1727.8,1.2
1108.75,1728.1,1.2
1109,1728.4,1.2
1109.25,1728.7,1.2
1109.5,1729,1.2
1109.75,1729.3,1.2
1110,1729.6,1.2
1110.25,1729.9,1.2
1110.5,1730.2,1.2
1110.75,1730.5,1.2
1111,1730.8,1.2
1111.25,1731.1,1.2
1111.5,1731.4,1.2
1111.75,1731.7,1.2
1112,1732,1.2
1112.25,1732.3,1.2
1112.5,1732.6,1.2
1112.75,1732.9,1.2
1113,1733.2,1.2
1113.25,1733.5,1.2
1113.5,1733.8,1.2
1113.75,1734.1,1.1
1114,1734.3,1
1114.25,1734.6,1
1114.5,1734.8,1
1114.75,1735.1,1
1115,1735.3,1
1115.25,1735.6,1
1115.5,1735.9,1
1115.75,1736.1,1
1116,1736.4,1
1116.25,1736.6,1
1116.5,1736.9,1
1116.75,1737.1,1
1117,1737.4,1
1117.25,1737.7,1
1117.5,1737.9,1
1117.75,1738.2,1
1118,1738.4,1
1118.25,1738.7,1
1118.5,1739,1
1118.75,1739.2,1
1119,1739.5,1
1119.25,1739.7,1
1119.5,1740,1
1119.75,1740.2,1
1120,1740.5,1
1120.25,1740.8,1
1120.5,1741,1
1120.75,1741.3,1
1121,1741.7,1.5
1121.25,1742.1,1.6
1121.5,1742.5,1.6
1121.75,1742.9,1.6
1122,1743.3,1.6
1122.25,1743.7,1.6
1122.5,1744.1,1.6
1122.75,1744.5,1.6
1123,1744.9,1.6
1123.25,1745.3,1.6
1123.5,1745.7,1.6
1123.75,1746.1,1.6
1124,1746.5,1.6
1124.25,1746.9,1.6
1124.5,1747.3,1.6
1124.75,1747.7,1.6
1125,1748.1,1.6
1125.25,1748.5,1.6
1125.5,1763.9,61.5
1125.75,1764.6,3.1
1126,1765.4,3.1
1126.25,1766.2,3.1
1126.5,1766.9,3.1
1126.75,1767.7,3.1
1127,1768.5,3.1
1127.25,1769.2,3.1
1127.5,1770,3.1
1127.75,1770.8,3.1
1128,1771.4,2.6
1128.25,1772,2.4
1128.5,1772.6,2.4
1128.75,1773.2,2.4
1129,1773.8,2.4
1129.25,1774.4,2.4
1129.5,1775,2.4
1129.75,1775.6,2.4
1130,1776.2,2.4
1130.25,1776.8,2.4
1130.5,1777.4,2.4
1130.75,1778,2.4
1131,1778.4,1.7
1131.25,1778.7,0.9
1131.5,1778.9,0.9
1131.75,1779.1,0.9
1132,1779.4,0.9
1132.25,1779.6,0.9
1132.5,1779.8,0.9
1132.75,1780,0.9
1133,1780.3,0.9
1133.25,1780.5,0.9
1133.5,1780.7,0.9
1133.75,1781,0.9
1134,1781.2,0.9
1134.25,1781.4,0.9
1134.5,1781.6,0.9
1134.75,1781.9,0.9
1135,1782.1,0.9
1135.25,1782.3,0.9
1135.5,1782.6,0.9
1135.75,1782.8,0.9
1136,1783,0.9
1136.25,1783.2,0.9
1136.5,1783.5,0.9
1136.75,1783.7,0.9
1137,1783.9,0.9
1137.25,1784.2,0.9
1137.5,1784.4,0.9
1137.75,1784.6,0.9
1138,1784.8,0.9
1138.25,1785.1,0.9
1138.5,1785.3,0.9
1138.75,1785.5,0.9
1139,1785.8,0.9
1139.25,1786,0.9
1139.5,1786.2,0.9
1139.75,1786.5,0.9
1140,1786.7,0.9
1140.25,1787,0.9
1140.5,1787.2,0.9
1140.75,1787.4,0.9
1141,1787.7,0.9
1141.25,1787.9,0.9
1141.5,1788.1,0.9
1141.75,1788.4,0.9
1142,1788.6,0.9
1142.25,1788.8,0.9
1142.5,1789.1,0.9
1142.75,1789.3,0.9
1143,1789.6,0.9
1143.25,1789.8,0.9
1143.5,1790,0.9
1143.75,1790.3,0.9
1144,1790.5,0.9
1144.25,1790.7,0.9
1144.5,1791,0.9
1144.75,1791.2,0.9
1145,1791.5,0.9
1145.25,1791.7,0.9
1145.5,1791.9,0.9
1145.75,1792.2,0.9
1146,1792.4,0.9
1146.25,1792.6,0.9
1146.5,1792.9,0.9
1146.75,1793.1,1.1
1147,1793.8,2.8
1147.25,1794.5,2.8
1147.5,1795.2,2.8
1147.75,1795.9,2.8
1148,1796.6,2.8
1148.25,1797.3,2.8
1148.5,1798,2.8
1148.75,1798.7,2.8
1149,1799.4,2.8
1149.25,1800.1,2.8
1149.5,1808.3,32.8
1149.75,1809.4,4.2
1150,1810.5,4.2
1150.25,1811.5,4.2
1150.5,1812.6,4.2
1150.75,1813.6,4.2
1151,1814.7,4.2
1151.25,1815.8,4.4
1151.5,1816.9,4.6
1151.75,1818.1,4.6
1152,1819.2,4.6
1152.25,1820.4,4.6
1152.5,1821.5,4.6
1152.75,1822.6,4.3
1153,1822.9,1.4
1153.25,1823.3,1.4
1153.5,1823.6,1.4
1153.75,1824,1.4
1154,1824.3,1.4
1154.25,1824.7,1.4
1154.5,1825,1.4
1154.75,1825.4,1.4
1155,1825.7,1.4
1155.25,1826.1,1.4
1155.5,1826.4,1.4
1155.75,1826.8,1.4
1156,1827.1,1.4
1156.25,1827.5,1.4
1156.5,1827.8,1.4
1156.75,1828.2,1.4
1157,1828.5,1.4
1157.25,1828.9,1.4
1157.5,1829.2,1.4
1157.75,1829.6,1.4
1158,1829.9,1.3
1158.25,1830.1,0.7
1158.5,1830.2,0.7
1158.75,1830.4,0.7
1159,1830.6,0.7
1159.25,1830.8,0.7
1159.5,1830.9,0.7
1159.75,1831.1,0.7
1160,1831.3,0.7
1160.25,1831.4,0.7
1160.5,1831.6,0.7
1160.75,1831.8,0.7
1161,1832,0.7
1161.25,1832.1,0.7
1161.5,1832.3,0.7
1161.75,1832.5,0.7
1162,1832.6,0.7
1162.25,1832.8,0.7
1162.5,1833,0.7
1162.75,1833.2,0.7
1163,1833.3,0.7
1163.25,1833.5,0.7
1163.5,1833.7,0.7
1163.75,1833.8,0.7
1164,1834,0.7
1164.25,1834.2,0.7
1164.5,1834.4,0.7
1164.75,1834.5,0.7
1165,1834.7,0.7
1165.25,1834.9,0.7
1165.5,1835,0.7
1165.75,1835.2,0.7
1166,1835.4,0.7
1166.25,1835.6,0.7
1166.5,1835.7,0.7
1166.75,1835.9,0.7
1167,1836.1,0.7
1167.25,1836.2,0.7
1167.5,1836.4,0.7
1167.75,1836.6,0.7
1168,1836.8,0.7
1168.25,1836.9,0.7
1168.5,1837.1,0.7
1168.75,1837.3,0.9
1169,1837.7,1.6
1169.25,1838.1,1.6
1169.5,1838.5,1.6
1169.75,1838.9,1.6
1170,1839.3,1.6
1170.25,1839.7,1.6
1170.5,1840.1,1.6
1170.75,1840.4,1.6
1171,1840.8,1.6
1171.25,1841.2,1.6
1171.5,1841.6,1.6
1171.75,1842,1.6
1172,1842.4,1.6
1172.25,1842.8,1.6
1172.5,1843.2,1.6
1172.75,1843.6,1.6
1173,1844,1.6
1173.25,1844.4,1.6
1173.5,1852.3,31.9
1173.75,1853.3,4
1174,1854.4,4
1174.25,1855.4,4
1174.5,1856.4,4
1174.75,1857.4,4
1175,1858.4,4
1175.25,1859.5,4.4
1175.5,1861,6.2
1175.75,1862.6,6.2
1176,1864.1,6.2
1176.25,1865.7,6.2
1176.5,1866.7,4
1176.75,1867,1.3
1177,1867.3,1.3
1177.25,1867.7,1.3
1177.5,1868,1.3
1177.75,1868.3,1.3
1178,1868.6,1.3
1178.25,1868.9,1.3
1178.5,1869.2,1.3
1178.75,1869.6,1.3
1179,1869.9,1.3
1179.25,1870.2,1.3
1179.5,1870.5,1.3
1179.75,1870.8,1.3
1180,1871.2,1.3
1180.25,1871.5,1.3
1180.5,1871.8,1.3
1180.75,1872.1,1.3
1181,1872.4,1.3
1181.25,1872.8,1.3
1181.5,1873.1,1.3
1181.75,1873.4,1.3
1182,1873.7,1.3
1182.25,1874,1
1182.5,1874.2,0.8
1182.75,1874.4,0.8
1183,1874.6,0.8
1183.25,1874.8,0.8
1183.5,1875,0.8
1183.75,1875.2,0.8
1184,1875.4,0.8
1184.25,1875.6,0.8
1184.5,1875.8,0.8
1184.75,1876,0.8
1185,1876.2,0.8
1185.25,1876.4,0.8
1185.5,1876.6,0.8
1185.75,1876.8,0.8
1186,1877,0.8
1186.25,1877.2,0.8
1186.5,1877.4,0.8
1186.75,1877.6,0.8
1187,1877.8,0.8
1187.25,1878,0.8
1187.5,1878.2,0.8
1187.75,1878.4,0.8
1188,1878.6,0.8
1188.25,1878.8,0.8
1188.5,1879,0.8
1188.75,1879.2,0.8
1189,1879.4,0.8
1189.25,1879.6,0.8
1189.5,1879.8,0.8
1189.75,1880,0.8
1190,1880.2,0.8
1190.25,1880.4,0.8
1190.5,1880.6,0.8
1190.75,1880.8,0.8
1191,1881,0.8
1191.25,1881.2,0.9
1191.5,1881.5,1.2
1191.75,1881.8,1.2
1192,1882.1,1.2
1192.25,1882.4,1.2
1192.5,1882.7,1.2
1192.75,1883,1.2
1193,1883.3,1.2
1193.25,1883.6,1.2
1193.5,1883.9,1.2
1193.75,1884.2,1.2
1194,1884.5,1.2
1194.25,1884.8,1.2
1194.5,1885.1,1.2
1194.75,1885.3,1.2
1195,1885.6,1.2
1195.25,1885.9,1.2
1195.5,1886.2,1.2
1195.75,1886.5,1.2
1196,1886.8,1.2
1196.25,1887.1,1.2
1196.5,1887.4,1.2
1196.75,1887.7,1.2
1197,1888,1.2
1197.25,1888.3,1.2
1197.5,1903.3,60.2
1197.75,1904.1,2.8
1198,1904.8,2.8
1198.25,1905.5,2.8
1198.5,1906.2,2.8
1198.75,1906.9,2.8
1199,1907.6,2.8
1199.25,1908.3,2.8
1199.5,1909,2.8
1199.75,1909.7,2.8
1200,1910.4,2.7
1200.25,1910.9,1.9
1200.5,1911.4,1.9
1200.75,1911.8,1.9
1201,1912.3,1.9
1201.25,1912.8,1.9
1201.5,1913.3,1.9
1201.75,1913.7,1.9
1202,1914.2,1.9
1202.25,1914.7,1.9
1202.5,1915.1,1.9
1202.75,1915.6,1.9
1203,1916.1,1.9
1203.25,1916.6,1.9
1203.5,1917,1.9
1203.75,1917.5,1.9
1204,1917.8,1
1204.25,1917.9,0.7
1204.5,1918.1,0.7
1204.75,1918.3,0.7
1205,1918.4,0.7
1205.25,1918.6,0.7
1205.5,1918.8,0.7
1205.75,1919,0.7
1206,1919.1,0.7
1206.25,1919.3,0.7
1206.5,1919.5,0.7
1206.75,1919.7,0.7
1207,1919.8,0.7
1207.25,1920,0.7
1207.5,1920.2,0.7
1207.75,1920.4,0.7
1208,1920.5,0.7
1208.25,1920.7,0.7
1208.5,1920.9,0.7
1208.75,1921.1,0.7
1209,1921.2,0.7
1209.25,1921.4,0.7
1209.5,1921.6,0.7
1209.75,1921.7,0.7
1210,1921.9,0.7
1210.25,1922.1,0.7
1210.5,1922.3,0.7
1210.75,1922.4,0.7
1211,1922.6,0.7
1211.25,1922.8,0.7
1211.5,1923,0.7
1211.75,1923.1,0.7
1212,1923.3,0.7
1212.25,1923.5,0.7
1212.5,1923.7,0.7
1212.75,1923.8,0.7
1213,1924,0.7
1213.25,1924.2,0.7
1213.5,1924.4,0.7
1213.75,1924.5,0.7
1214,1924.7,0.7
1214.25,1924.9,0.7
1214.5,1925.1,1
1214.75,1925.4,1
1215,1925.6,1
1215.25,1925.9,1
1215.5,1926.2,1
1215.75,1926.4,1
1216,1926.7,1
1216.25,1926.9,1
1216.5,1927.2,1
1216.75,1927.4,1
1217,1927.7,1
1217.25,1927.9,1
1217.5,1928.2,1
1217.75,1928.5,1
1218,1928.7,1
1218.25,1929,1
1218.5,1929.2,1
1218.75,1929.5,1
1219,1929.7,1
1219.25,1930,1
1219.5,1930.3,1
1219.75,1930.5,1
1220,1930.8,1
1220.25,1931,1
1220.5,1931.3,1
1220.75,1931.5,1
1221,1931.8,1
1221.25,1932,1
1221.5,1947.1,60.1
1221.75,1947.9,3.1
1222,1948.6,3.1
1222.25,1949.4,3.1
1222.5,1950.2,3.1
1222.75,1951,3.1
1223,1951.7,3.1
1223.25,1952.5,3.1
1223.5,1953.3,3.1
1223.75,1954,3.1
1224,1954.8,3
1224.25,1955.6,3
1224.5,1956.3,3
1224.75,1957.1,3
1225,1957.8,3
1225.25,1958.6,3
1225.5,1959.4,3
1225.75,1960.1,3
1226,1960.9,3
1226.25,1961.4,2.3
1226.5,1961.8,1.5
1226.75,1962.2,1.5
1227,1962.6,1.5
1227.25,1963,1.5
1227.5,1963.3,1.5
1227.75,1963.7,1.5
1228,1964.1,1.5
1228.25,1964.5,1.5
1228.5,1964.9,1.5
1228.75,1965.2,1.5
1229,1965.6,1.5
1229.25,1966,1.5
1229.5,1966.4,1.5
1229.75,1966.8,1.5
1230,1967.1,1.5
1230.25,1967.5,1.5
1230.5,1967.9,1.5
1230.75,1968.3,1.5
1231,1968.6,1.3
1231.25,1968.8,1
1231.5,1969.1,1
1231.75,1969.3,1
1232,1969.6,1
1232.25,1969.8,1
1232.5,1970.1,1
1232.75,1970.3,1
1233,1970.6,1
1233.25,1970.8,1
1233.5,1971.1,1
1233.75,1971.3,1
1234,1971.6,1
1234.25,1971.8,1
1234.5,1972.1,1
1234.75,1972.3,1
1235,1972.6,1
1235.25,1972.8,1
1235.5,1973.1,1
1235.75,1973.3,1
1236,1973.6,1
1236.25,1973.8,1
1236.5,1974.1,1
1236.75,1974.3,1
1237,1974.6,1
1237.25,1974.8,1
1237.5,1975,1
1237.75,1975.3,1
1238,1975.5,1
1238.25,1975.8,1
1238.5,1976,1
1238.75,1976.3,1
1239,1976.5,1
1239.25,1976.8,1
1239.5,1977,1
1239.75,1977.3,1
1240,1977.5,1
1240.25,1977.8,1
1240.5,1978,1
1240.75,1978.3,1
1241,1978.5,1
1241.25,1978.8,1
1241.5,1979,1
1241.75,1979.3,1
1242,1979.5,1
1242.25,1979.8,1
1242.5,1980,1
1242.75,1980.3,1
1243,1980.5,1
1243.25,1980.8,1
1243.5,1981,1
1243.75,1981.3,1
1244,1981.5,1
1244.25,1981.8,1
1244.5,1982,1
1244.75,1982.3,1
1245,1982.5,1
1245.25,1982.8,1
1245.5,1997.8,60.2
1245.75,1998.8,3.9
1246,1999.8,3.9
1246.25,2000.8,3.9
1246.5,2001.7,3.9
1246.75,2002.7,3.9
1247,2003.7,3.9
1247.25,2004.7,4
1247.5,2006.1,5.5
1247.75,2007.4,5.5
1248,2008.8,5.5
1248.25,2010.2,5.5
1248.5,2011.6,5.5
1248.75,2012.4,3.3
1249,2013.2,2.9
1249.25,2013.9,2.9
1249.5,2014.6,2.9
1249.75,2015.3,2.9
1250,2016.1,2.9
1250.25,2016.8,2.9
1250.5,2017.5,2.9
1250.75,2018.2,2.9
1251,2019,2.9
1251.25,2019.4,1.7
1251.5,2019.8,1.6
1251.75,2020.2,1.6
1252,2020.6,1.6
1252.25,2021,1.6
1252.5,2021.4,1.6
1252.75,2021.9,1.6
1253,2022.3,1.6
1253.25,2022.7,1.6
1253.5,2023.1,1.6
1253.75,2023.5,1.6
1254,2023.9,1.6
1254.25,2024.3,1.6
1254.5,2024.7,1.6
1254.75,2025.2,1.6
1255,2025.6,1.6
1255.25,2026,1.6
1255.5,2026.4,1.7
1255.75,2026.8,1.7
1256,2027.3,1.7
1256.25,2027.7,1.7
1256.5,2028.1,1.7
1256.75,2028.6,1.7
1257,2029,1.7
1257.25,2029.4,1.7
1257.5,2029.9,1.7
1257.75,2030.3,1.7
1258,2030.7,1.7
1258.25,2031.2,1.7
1258.5,2031.6,1.7
1258.75,2032,1.7
1259,2032.5,1.7
1259.25,2032.9,1.7
1259.5,2033.3,1.7
1259.75,2033.7,1.5
1260,2034,1.4
1260.25,2034.4,1.4
1260.5,2034.8,1.4
1260.75,2035.1,1.4
1261,2035.5,1.4
1261.25,2035.8,1.4
1261.5,2036.2,1.4
1261.75,2036.5,1.4
1262,2036.9,1.4
1262.25,2037.2,1.4
1262.5,2037.6,1.4
1262.75,2038,1.4
1263,2038.3,1.4
1263.25,2038.7,1.4
1263.5,2039,1.4
1263.75,2039.4,1.4
1264,2039.7,1.4
1264.25,2040.1,1.4
1264.5,2040.4,1.4
1264.75,2040.8,1.5
1265,2041.2,1.5
1265.25,2041.6,1.5
1265.5,2041.9,1.5
1265.75,2042.3,1.5
1266,2042.7,1.5
1266.25,2043.1,1.5
1266.5,2043.5,1.5
1266.75,2043.8,1.5
1267,2044.2,1.5
1267.25,2044.6,1.5
1267.5,2045,1.5
1267.75,2045.3,1.5
1268,2045.7,1.5
1268.25,2046.1,1.5
1268.5,2046.5,1.5
1268.75,2046.8,1.5
1269,2047.2,1.5
1269.25,2047.6,1.5
1269.5,2055.6,32
1269.75,2056.9,5.2
1270,2058.2,5.2
1270.25,2059.5,5.2
1270.5,2060.8,5.2
1270.75,2062.1,5.2
1271,2111.8,198.9
1271.25,2115.2,13.6
1271.5,2115.3,0.3
1271.75,2115.4,0.3
1272,2115.5,0.3
1272.25,2115.6,0.3
1272.5,2115.7,0.3
1272.75,2115.7,0.3
1273,2115.8,0.3
1273.25,2115.9,0.3
1273.5,2116,0.3
1273.75,2116.1,0.3
1274,2116.1,0.3
1274.25,2116.2,0.3
1274.5,2116.3,0.3
1274.75,2116.4,0.3
1275,2116.5,0.3
1275.25,2116.5,0.3
1275.5,2116.6,0.3
1275.75,2116.7,0.3
1276,2116.8,0.3
1276.25,2116.9,0.3
1276.5,2116.9,0.3
1276.75,2117,0.3
1277,2117.1,0.3
1277.25,2117.2,0.3
1277.5,2117.3,0.3
1277.75,2117.3,0.3
1278,2117.4,0.3
1278.25,2117.5,0.3
1278.5,2117.6,0.3
1278.75,2117.7,0.3
1279,2117.7,0.3
1279.25,2117.8,0.3
1279.5,2117.9,0.3
1279.75,2118,0.3
1280,2118.1,0.3
1280.25,2118.2,0.3
1280.5,2118.2,0.3
1280.75,2118.3,0.3
1281,2118.4,0.3
1281.25,2118.5,0.3
1281.5,2118.6,0.3
1281.75,2118.6,0.3
1282,2118.7,0.3
1282.25,2118.8,0.3
1282.5,2118.9,0.3
1282.75,2119,0.3
1283,2119,0.3
1283.25,2119.1,0.3
1283.5,2119.2,0.3
1283.75,2119.3,0.3
1284,2119.4,0.3
1284.25,2119.4,0.3
1284.5,2119.5,0.3
1284.75,2119.6,0.3
1285,2119.7,0.3
1285.25,2119.8,0.3
1285.5,2119.8,0.3
1285.75,2119.9,0.3
1286,2120,0.3
1286.25,2120.1,0.3
1286.5,2120.2,0.3
1286.75,2120.3,0.3
1287,2120.3,0.3
1287.25,2120.4,0.3
1287.5,2120.5,0.3
1287.75,2120.6,0.3
1288,2120.7,0.3
1288.25,2120.7,0.3
1288.5,2120.8,0.3
1288.75,2120.9,0.3
1289,2121,0.3
1289.25,2121.1,0.3
1289.5,2121.1,0.3
1289.75,2121.2,0.3
1290,2121.3,0.3
1290.25,2121.4,0.3
1290.5,2121.5,0.3
1290.75,2121.5,0.3
1291,2121.6,0.3
1291.25,2121.7,0.3
1291.5,2121.8,0.3
1291.75,2121.9,0.3
1292,2121.9,0.3
1292.25,2122,0.3
1292.5,2122.1,0.3
1292.75,2122.2,0.3
1293,2122.3,0.3
1293.25,2122.4,0.3
1293.5,2129.9,30.2
1293.75,2130.6,2.8
1294,2131.3,2.8
1294.25,2132,2.8
1294.5,2132.7,2.8
1294.75,2133.5,2.8
1295,2134.2,2.8
1295.25,2134.9,2.8
1295.5,2135.6,2.8
1295.75,2136.3,2.8
1296,2137,2.8
1296.25,2137.6,2.6
1296.5,2138.3,2.6
1296.75,2139,2.6
1297,2139.6,2.6
1297.25,2140.3,2.6
1297.5,2140.9,2.6
1297.75,2141.6,2.6
1298,2142.2,2.6
1298.25,2142.9,2.6
1298.5,2143.6,2.6
1298.75,2144.1,2.2
1299,2144.5,1.7
1299.25,2145,1.7
1299.5,2145.4,1.7
1299.75,2145.8,1.7
1300,2146.3,1.7
1300.25,2146.7,1.7
1300.5,2147.1,1.7
1300.75,2147.5,1.7
1301,2148,1.7
1301.25,2148.4,1.7
1301.5,2148.8,1.7
1301.75,2149.3,1.7
1302,2149.7,1.7
1302.25,2150.1,1.7
1302.5,2150.6,1.7
1302.75,2151,1.7
1303,2151.3,1.3
1303.25,2151.6,1.1
1303.5,2151.9,1.1
1303.75,2152.1,1.1
1304,2152.4,1.1
1304.25,2152.7,1.1
1304.5,2153,1.1
1304.75,2153.3,1.1
1305,2153.6,1.1
1305.25,2153.8,1.1
1305.5,2154.1,1.1
1305.75,2154.4,1.1
1306,2154.7,1.1
1306.25,2155,1.1
1306.5,2155.2,1.1
1306.75,2155.5,1.1
1307,2155.8,1.1
1307.25,2156.1,1.1
1307.5,2156.4,1.1
1307.75,2156.7,1.1
1308,2156.9,1.1
1308.25,2157.2,1.1
1308.5,2157.5,1.1
1308.75,2157.8,1.1
1309,2158.1,1.1
1309.25,2158.4,1.3
1309.5,2158.8,1.8
1309.75,2159.3,1.8
1310,2159.8,1.8
1310.25,2160.2,1.8
1310.5,2160.7,1.8
1310.75,2161.1,1.8
1311,2161.6,1.8
1311.25,2162,1.8
1311.5,2162.5,1.8
1311.75,2163,1.8
1312,2163.4,1.8
1312.25,2163.9,1.8
1312.5,2164.3,1.8
1312.75,2164.8,1.8
1313,2165.2,1.8
1313.25,2165.7,1.8
1313.5,2166.1,1.7
1313.75,2166.5,1.7
1314,2167,1.7
1314.25,2167.4,1.7
1314.5,2167.8,1.7
1314.75,2168.2,1.7
1315,2168.7,1.7
1315.25,2169.1,1.7
1315.5,2169.5,1.7
1315.75,2169.9,1.7
1316,2170.4,1.7
1316.25,2170.8,1.7
1316.5,2171.2,1.7
1316.75,2171.6,1.7
1317,2172.1,1.7
1317.25,2172.5,1.7
1317.5,2187.2,59
1317.75,2187.4,0.5
1318,2187.5,0.5
1318.25,2187.6,0.5
1318.5,2187.8,0.5
1318.75,2187.9,0.5
1319,2188,0.5
1319.25,2188.2,0.5
1319.5,2188.3,0.5
1319.75,2188.4,0.5
1320,2188.6,0.5
1320.25,2188.7,0.5
1320.5,2188.8,0.5
1320.75,2188.9,0.5
1321,2189.1,0.5
1321.25,2189.2,0.5
1321.5,2189.3,0.5
1321.75,2189.5,0.5
1322,2189.6,0.5
1322.25,2189.7,0.5
1322.5,2189.9,0.5
1322.75,2190,0.5
1323,2190.1,0.5
1323.25,2190.3,0.5
1323.5,2190.4,0.5
1323.75,2190.5,0.5
1324,2190.7,0.5
1324.25,2190.8,0.5
1324.5,2190.9,0.5
1324.75,2191.1,0.5
1325,2191.2,0.5
1325.25,2191.3,0.5
1325.5,2191.5,0.5
1325.75,2191.6,0.5
1326,2191.7,0.5
1326.25,2191.9,0.5
1326.5,2192,0.5
1326.75,2192.1,0.5
1327,2192.2,0.5
1327.25,2192.4,0.5
1327.5,2192.5,0.5
1327.75,2192.6,0.5
1328,2192.8,0.5
1328.25,2192.9,0.5
1328.5,2193,0.5
1328.75,2193.2,0.5
1329,2193.3,0.5
1329.25,2193.4,0.5
1329.5,2193.6,0.5
1329.75,2193.7,0.5
1330,2193.8,0.5
1330.25,2194,0.5
1330.5,2194.1,0.5
1330.75,2194.2,0.5
1331,2194.4,0.5
1331.25,2194.5,0.6
1331.5,2194.7,0.7
1331.75,2194.9,0.7
1332,2195.1,0.7
1332.25,2195.2,0.7
1332.5,2195.4,0.7
1332.75,2195.6,0.7
1333,2195.8,0.7
1333.25,2196,0.7
1333.5,2196.1,0.7
1333.75,2196.3,0.7
1334,2196.5,0.7
1334.25,2196.7,0.7
1334.5,2196.9,0.7
1334.75,2197,0.7
1335,2197.2,0.7
1335.25,2197.4,0.7
1335.5,2197.6,0.7
1335.75,2197.8,0.7
1336,2197.9,0.7
1336.25,2198.1,0.7
1336.5,2198.3,0.7
1336.75,2198.5,0.7
1337,2198.7,0.7
1337.25,2198.8,0.7
1337.5,2199,0.7
1337.75,2199.2,0.7
1338,2199.4,0.7
1338.25,2199.5,0.7
1338.5,2199.7,0.7
1338.75,2199.9,0.7
1339,2200.1,0.7
1339.25,2200.3,0.7
1339.5,2200.4,0.7
1339.75,2200.6,0.7
1340,2200.8,0.7
1340.25,2201,0.7
1340.5,2201.2,0.7
1340.75,2201.3,0.7
1341,2201.5,0.7
1341.25,2201.7,0.7
1341.5,2223.9,88.8
1341.75,2224,0.5
1342,2224.1,0.5
1342.25,2224.3,0.5
1342.5,2224.4,0.5
1342.75,2224.5,0.5
1343,2224.6,0.5
1343.25,2224.7,0.5
1343.5,2224.8,0.5
1343.75,2225,0.5
1344,2225.1,0.5
1344.25,2225.2,0.5
1344.5,2225.3,0.5
1344.75,2225.4,0.5
1345,2225.6,0.5
1345.25,2225.7,0.5
1345.5,2225.8,0.5
1345.75,2225.9,0.5
1346,2226,0.5
1346.25,2226.1,0.5
1346.5,2226.3,0.5
1346.75,2226.4,0.5
1347,2226.5,0.5
1347.25,2226.6,0.5
1347.5,2226.7,0.5
1347.75,2226.8,0.5
1348,2227,0.5
1348.25,2227.1,0.5
1348.5,2227.2,0.5
1348.75,2227.3,0.5
1349,2227.4,0.5
1349.25,2227.6,0.5
1349.5,2227.7,0.5
1349.75,2227.8,0.5
1350,2227.9,0.5
1350.25,2228,0.5
1350.5,2228.1,0.5
1350.75,2228.3,0.5
1351,2228.4,0.5
1351.25,2228.5,0.5
1351.5,2228.6,0.5
1351.75,2228.7,0.5
1352,2228.8,0.5
1352.25,2229,0.5
1352.5,2229.1,0.5
1352.75,2229.2,0.5
1353,2229.3,0.5
1353.25,2229.4,0.5
1353.5,2229.6,0.5
1353.75,2229.7,0.5
1354,2229.8,0.5
1354.25,2229.9,0.5
1354.5,2230,0.5
1354.75,2230.1,0.5
1355,2230.3,0.5
1355.25,2230.4,0.5
1355.5,2230.5,0.5
1355.75,2230.6,0.5
1356,2230.7,0.5
1356.25,2230.8,0.5
1356.5,2231,0.5
1356.75,2231.1,0.5
1357,2231.2,0.5
1357.25,2231.5,1.2
1357.5,2231.8,1.2
1357.75,2232.1,1.2
1358,2232.4,1.2
1358.25,2232.7,1.2
1358.5,2233,1.2
1358.75,2233.3,1.2
1359,2233.7,1.2
1359.25,2234,1.2
1359.5,2234.3,1.2
1359.75,2234.6,1.2
1360,2234.9,1.2
1360.25,2235.2,1.2
1360.5,2235.5,1.2
1360.75,2235.8,1.2
1361,2236.1,1.2
1361.25,2236.4,1.2
1361.5,2236.7,1.2
1361.75,2237,1.2
1362,2237.3,1.2
1362.25,2237.6,1.2
1362.5,2237.9,1.2
1362.75,2238.2,1.2
1363,2238.5,1.2
1363.25,2239.3,3.1
1363.5,2240.1,3.1
1363.75,2240.8,3.1
1364,2241.6,3.1
1364.25,2242.4,3.1
1364.5,2243.2,3.1
1364.75,2243.9,3.1
1365,2244.7,3.1
1365.25,2245.5,3.1
1365.5,2260.6,60.5
1365.75,2260.7,0.4
1366,2260.8,0.4
1366.25,2260.9,0.4
1366.5,2261,0.4
1366.75,2261.1,0.4
1367,2261.1,0.4
1367.25,2261.2,0.4
1367.5,2261.3,0.4
1367.75,2261.4,0.4
1368,2261.5,0.4
1368.25,2261.6,0.4
1368.5,2261.7,0.4
1368.75,2261.8,0.4
1369,2261.9,0.4
1369.25,2262,0.4
1369.5,2262.1,0.4
1369.75,2262.2,0.4
1370,2262.2,0.4
1370.25,2262.3,0.4
1370.5,2262.4,0.4
1370.75,2262.5,0.4
1371,2262.6,0.4
1371.25,2262.7,0.4
1371.5,2262.8,0.4
1371.75,2262.9,0.4
1372,2263,0.4
1372.25,2263.1,0.4
1372.5,2263.2,0.4
1372.75,2263.2,0.4
1373,2263.3,0.4
1373.25,2263.4,0.4
1373.5,2263.5,0.4
1373.75,2263.6,0.4
1374,2263.7,0.4
1374.25,2263.8,0.4
1374.5,2263.9,0.4
1374.75,2264,0.4
1375,2264.1,0.4
1375.25,2264.2,0.4
1375.5,2264.3,0.4
1375.75,2264.3,0.4
1376,2264.4,0.4
1376.25,2264.5,0.4
1376.5,2264.6,0.4
1376.75,2264.7,0.4
1377,2264.8,0.4
1377.25,2264.9,0.4
1377.5,2265,0.4
1377.75,2265.1,0.4
1378,2265.2,0.4
1378.25,2265.3,0.4
1378.5,2265.3,0.4
1378.75,2265.4,0.4
1379,2265.5,0.4
1379.25,2265.6,0.4
1379.5,2265.7,0.4
1379.75,2265.8,0.4
1380,2265.9,0.4
1380.25,2266,0.4
1380.5,2266.1,0.4
1380.75,2266.2,0.4
1381,2266.3,0.4
1381.25,2266.3,0.4
1381.5,2266.4,0.4
1381.75,2266.5,0.4
1382,2266.6,0.4
1382.25,2266.7,0.4
1382.5,2266.8,0.4
1382.75,2266.9,0.4
1383,2267,0.4
1383.25,2267.1,0.4
1383.5,2267.2,0.4
1383.75,2267.3,0.4
1384,2267.4,0.4
1384.25,2267.4,0.4
1384.5,2267.5,0.4
1384.75,2267.6,0.4
1385,2267.7,0.4
1385.25,2267.8,0.4
1385.5,2267.9,0.4
1385.75,2268.3,1.5
1386,2268.8,1.9
1386.25,2269.2,1.9
1386.5,2269.7,1.9
1386.75,2270.2,1.9
1387,2270.7,1.9
1387.25,2271.2,1.9
1387.5,2271.7,1.9
1387.75,2272.2,1.9
1388,2272.6,1.9
1388.25,2273.1,1.9
1388.5,2273.6,1.9
1388.75,2274.1,1.9
1389,2274.6,1.9
1389.25,2275.1,1.9
1389.5,2290.1,60.3
1389.75,2290.2,0.4
1390,2290.3,0.4
1390.25,2290.4,0.4
1390.5,2290.5,0.4
1390.75,2290.6,0.4
1391,2290.7,0.4
1391.25,2290.8,0.4
1391.5,2290.9,0.4
1391.75,2290.9,0.4
1392,2291,0.4
1392.25,2291.1,0.4
1392.5,2291.2,0.4
1392.75,2291.3,0.4
1393,2291.4,0.4
1393.25,2291.5,0.4
1393.5,2291.6,0.4
1393.75,2291.7,0.4
1394,2291.8,0.4
1394.25,2291.9,0.4
1394.5,2291.9,0.4
1394.75,2292,0.4
1395,2292.1,0.4
1395.25,2292.2,0.4
1395.5,2292.3,0.4
1395.75,2292.4,0.4
1396,2292.5,0.4
1396.25,2292.6,0.4
1396.5,2292.7,0.4
1396.75,2292.8,0.4
1397,2292.9,0.4
1397.25,2292.9,0.4
1397.5,2293,0.4
1397.75,2293.1,0.4
1398,2293.2,0.4
1398.25,2293.3,0.4
1398.5,2293.4,0.4
1398.75,2293.5,0.4
1399,2293.6,0.4
1399.25,2293.7,0.4
1399.5,2293.8,0.4
1399.75,2293.8,0.4
1400,2293.9,0.4
1400.25,2294,0.4
1400.5,2294.1,0.4
1400.75,2294.2,0.4
1401,2294.3,0.4
1401.25,2294.4,0.4
1401.5,2294.5,0.4
1401.75,2294.6,0.4
1402,2294.7,0.4
1402.25,2294.8,0.4
1402.5,2294.8,0.4
1402.75,2294.9,0.4
1403,2295,0.4
1403.25,2295.1,0.4
1403.5,2295.2,0.4
1403.75,2295.3,0.4
1404,2295.4,0.4
1404.25,2295.5,0.4
1404.5,2295.6,0.4
1404.75,2295.7,0.4
1405,2295.8,0.4
1405.25,2295.8,0.4
1405.5,2295.9,0.4
1405.75,2296,0.4
1406,2296.1,0.4
1406.25,2296.2,0.4
1406.5,2296.3,0.4
1406.75,2296.4,0.4
1407,2296.5,0.4
1407.25,2296.6,0.4
1407.5,2296.7,0.4
1407.75,2296.7,0.4
1408,2296.8,0.4
1408.25,2296.9,0.4
1408.5,2297,0.4
1408.75,2297.1,0.4
1409,2297.2,0.4
1409.25,2297.3,0.4
1409.5,2297.4,0.4
1409.75,2297.6,0.8
1410,2298.1,2
1410.25,2298.6,2
1410.5,2299.1,2
1410.75,2299.6,2
1411,2300.1,2
1411.25,2300.6,2
1411.5,2301.1,2
1411.75,2301.6,2
1412,2302.1,2
1412.25,2302.6,2
1412.5,2303.1,2
1412.75,2303.6,2
1413,2304.1,2
1413.25,2304.6,2
1413.5,2319.6,60.2
1413.75,2319.7,0.3
1414,2319.8,0.3
1414.25,2319.9,0.3
1414.5,2319.9,0.3
1414.75,2320,0.3
1415,2320.1,0.3
1415.25,2320.2,0.3
1415.5,2320.2,0.3
1415.75,2320.3,0.3
1416,2320.4,0.3
1416.25,2320.5,0.3
1416.5,2320.5,0.3
1416.75,2320.6,0.3
1417,2320.7,0.3
1417.25,2320.8,0.3
1417.5,2320.8,0.3
1417.75,2320.9,0.3
1418,2321,0.3
1418.25,2321.1,0.3
1418.5,2321.2,0.3
1418.75,2321.2,0.3
1419,2321.3,0.3
1419.25,2321.4,0.3
1419.5,2321.5,0.3
1419.75,2321.5,0.3
1420,2321.6,0.3
1420.25,2321.7,0.3
1420.5,2321.8,0.3
1420.75,2321.8,0.3
1421,2321.9,0.3
1421.25,2322,0.3
1421.5,2322.1,0.3
1421.75,2322.1,0.3
1422,2322.2,0.3
1422.25,2322.3,0.3
1422.5,2322.4,0.3
1422.75,2322.5,0.3
1423,2322.5,0.3
1423.25,2322.6,0.3
1423.5,2322.7,0.3
1423.75,2322.8,0.3
1424,2322.8,0.3
1424.25,2322.9,0.3
1424.5,2323,0.3
1424.75,2323.1,0.3
1425,2323.1,0.3
1425.25,2323.2,0.3
1425.5,2323.3,0.3
1425.75,2323.4,0.3
1426,2323.5,0.3
1426.25,2323.5,0.3
1426.5,2323.6,0.3
1426.75,2323.7,0.3
1427,2323.8,0.3
1427.25,2323.8,0.3
1427.5,2323.9,0.3
1427.75,2324,0.3
1428,2324.1,0.3
1428.25,2324.1,0.3
1428.5,2324.2,0.3
1428.75,2324.3,0.3
1429,2324.4,0.3
1429.25,2324.4,0.3
1429.5,2324.5,0.3
1429.75,2324.6,0.3
1430,2324.7,0.3
1430.25,2324.8,0.3
1430.5,2324.8,0.3
1430.75,2324.9,0.3
1431,2325,0.3
1431.25,2325.1,0.3
1431.5,2325.1,0.3
1431.75,2325.2,0.3
1432,2325.3,0.3
1432.25,2325.4,0.3
1432.5,2325.4,0.3
1432.75,2325.5,0.3
1433,2325.6,0.3
1433.25,2325.7,0.3
1433.5,2325.8,0.3
1433.75,2325.8,0.3
1434,2325.9,0.3
1434.25,2326,0.3
1434.5,2326.1,0.3
1434.75,2326.1,0.3
1435,2326.2,0.3
1435.25,2326.3,0.3
1435.5,2326.4,0.3
1435.75,2326.4,0.3
1436,2326.5,0.3
1436.25,2326.6,0.3
1436.5,2326.7,0.3
1436.75,2326.7,0.3
1437,2326.8,0.3
1437.25,2326.9,0.3
1437.5,2334.4,30
1437.75,2334.5,0.4
1438,2334.6,0.4
1438.25,2334.7,0.4
1438.5,2334.8,0.4
1438.75,2334.9,0.4
1439,2335,0.4
1439.25,2335.1,0.4
1439.5,2335.2,0.4
1439.75,2335.4,0.4
1440,2335.5,0.4
1440.25,2335.6,0.4
1440.5,2335.7,0.4
1440.75,2335.8,0.4
1441,2335.9,0.4
1441.25,2336,0.4
1441.5,2336.1,0.4
1441.75,2336.2,0.4
1442,2336.3,0.4
1442.25,2336.4,0.4
1442.5,2336.5,0.4
1442.75,2336.6,0.4
1443,2336.7,0.4
1443.25,2336.8,0.4
1443.5,2336.9,0.4
1443.75,2337.1,0.4
1444,2337.2,0.4
1444.25,2337.3,0.4
1444.5,2337.4,0.4
1444.75,2337.5,0.4
1445,2337.6,0.4
1445.25,2337.7,0.4
1445.5,2337.8,0.4
1445.75,2337.9,0.4
1446,2338,0.4
1446.25,2338.1,0.4
1446.5,2338.2,0.4
1446.75,2338.3,0.4
1447,2338.4,0.4
1447.25,2338.5,0.4
1447.5,2338.6,0.4
1447.75,2338.8,0.4
1448,2338.9,0.4
1448.25,2339,0.4
1448.5,2339.1,0.4
1448.75,2339.2,0.4
1449,2339.3,0.4
1449.25,2339.4,0.4
1449.5,2339.5,0.4
1449.75,2339.6,0.4
1450,2339.7,0.4
1450.25,2339.8,0.4
1450.5,2339.9,0.4
1450.75,2340,0.4
1451,2340.1,0.4
1451.25,2340.2,0.4
1451.5,2340.3,0.4
1451.75,2340.5,0.4
1452,2340.6,0.4
1452.25,2340.7,0.4
1452.5,2340.8,0.4
1452.75,2340.9,0.4
1453,2341,0.4
1453.25,2341.1,0.4
1453.5,2341.2,0.4
1453.75,2341.3,0.4
1454,2341.4,0.4
1454.25,2341.5,0.4
1454.5,2341.6,0.4
1454.75,2341.7,0.4
1455,2341.8,0.4
1455.25,2341.9,0.4
1455.5,2342.1,0.7
1455.75,2342.4,1.3
1456,2342.8,1.3
1456.25,2343.1,1.3
1456.5,2343.4,1.3
1456.75,2343.7,1.3
1457,2344.1,1.3
1457.25,2344.4,1.3
1457.5,2344.7,1.3
1457.75,2345,1.3
1458,2345.3,1.3
1458.25,2345.7,1.3
1458.5,2346,1.3
1458.75,2346.3,1.3
1459,2346.6,1.3
1459.25,2346.9,1.3
1459.5,2347.3,1.3
1459.75,2347.6,1.3
1460,2347.9,1.3
1460.25,2348.2,1.3
1460.5,2348.5,1.3
1460.75,2348.9,1.3
1461,2349.2,1.3
1461.25,2349.5,1.3
1461.5,2365.1,62.3
1461.75,2365.2,0.4
1462,2365.3,0.4
1462.25,2365.4,0.4
1462.5,2365.5,0.4
1462.75,2365.6,0.4
1463,2365.7,0.4
1463.25,2365.7,0.4
1463.5,2365.8,0.4
1463.75,2365.9,0.4
1464,2366,0.4
1464.25,2366.1,0.4
1464.5,2366.2,0.4
1464.75,2366.3,0.4
1465,2366.4,0.4
1465.25,2366.5,0.4
1465.5,2366.6,0.4
1465.75,2366.7,0.4
1466,2366.8,0.4
1466.25,2366.9,0.4
1466.5,2367,0.4
1466.75,2367.1,0.4
1467,2367.2,0.4
1467.25,2367.3,0.4
1467.5,2367.4,0.4
1467.75,2367.5,0.4
1468,2367.6,0.4
1468.25,2367.7,0.4
1468.5,2367.8,0.4
1468.75,2367.9,0.4
1469,2368,0.4
1469.25,2368.1,0.4
1469.5,2368.2,0.4
1469.75,2368.2,0.4
1470,2368.3,0.4
1470.25,2368.4,0.4
1470.5,2368.5,0.4
1470.75,2368.6,0.4
1471,2368.7,0.4
1471.25,2368.8,0.4
1471.5,2368.9,0.4
1471.75,2369,0.4
1472,2369.1,0.4
1472.25,2369.2,0.4
1472.5,2369.3,0.4
1472.75,2369.4,0.4
1473,2369.5,0.4
1473.25,2369.6,0.4
1473.5,2369.7,0.4
1473.75,2369.8,0.4
1474,2369.9,0.4
1474.25,2370,0.4
1474.5,2370.1,0.4
1474.75,2370.2,0.4
1475,2370.3,0.4
1475.25,2370.4,0.4
1475.5,2370.5,0.4
1475.75,2370.6,0.4
1476,2370.6,0.4
1476.25,2370.7,0.4
1476.5,2370.8,0.4
1476.75,2370.9,0.4
1477,2371,0.4
1477.25,2371.1,0.4
1477.5,2371.2,0.4
1477.75,2371.3,0.4
1478,2371.4,0.4
1478.25,2371.5,0.4
1478.5,2371.6,0.4
1478.75,2371.7,0.4
1479,2371.8,0.4
1479.25,2371.9,0.4
1479.5,2372,0.4
1479.75,2372.1,0.4
1480,2372.2,0.4
1480.25,2372.3,0.4
1480.5,2372.4,0.4
1480.75,2372.5,0.4
1481,2372.6,0.4
1481.25,2372.7,0.4
1481.5,2373.1,1.8
1481.75,2373.6,1.9
1482,2374,1.9
1482.25,2374.5,1.9
1482.5,2375,1.9
1482.75,2375.4,1.9
1483,2375.9,1.9
1483.25,2376.4,1.9
1483.5,2376.8,1.9
1483.75,2377.3,1.9
1484,2377.8,1.9
1484.25,2378.2,1.9
1484.5,2378.7,1.9
1484.75,2379.2,1.9
1485,2379.6,1.9
1485.25,2380.1,1.9
1485.5,2395.7,62.4
1485.75,2395.8,0.3
1486,2395.9,0.3
1486.25,2395.9,0.3
1486.5,2396,0.3
1486.75,2396.1,0.3
1487,2396.2,0.3
1487.25,2396.3,0.3
1487.5,2396.3,0.3
1487.75,2396.4,0.3
1488,2396.5,0.3
1488.25,2396.6,0.3
1488.5,2396.7,0.3
1488.75,2396.7,0.3
1489,2396.8,0.3
1489.25,2396.9,0.3
1489.5,2397,0.3
1489.75,2397.1,0.3
1490,2397.1,0.3
1490.25,2397.2,0.3
1490.5,2397.3,0.3
1490.75,2397.4,0.3
1491,2397.4,0.3
1491.25,2397.5,0.3
1491.5,2397.6,0.3
1491.75,2397.7,0.3
1492,2397.8,0.3
1492.25,2397.8,0.3
1492.5,2397.9,0.3
1492.75,2398,0.3
1493,2398.1,0.3
1493.25,2398.2,0.3
1493.5,2398.2,0.3
1493.75,2398.3,0.3
1494,2398.4,0.3
1494.25,2398.5,0.3
1494.5,2398.6,0.3
1494.75,2398.6,0.3
1495,2398.7,0.3
1495.25,2398.8,0.3
1495.5,2398.9,0.3
1495.75,2399,0.3
1496,2399,0.3
1496.25,2399.1,0.3
1496.5,2399.2,0.3
1496.75,2399.3,0.3
1497,2399.4,0.3
1497.25,2399.4,0.3
1497.5,2399.5,0.3
1497.75,2399.6,0.3
1498,2399.7,0.3
1498.25,2399.8,0.3
1498.5,2399.8,0.3
1498.75,2399.9,0.3
1499,2400,0.3
1499.25,2400.1,0.3
1499.5,2400.2,0.3
1499.75,2400.2,0.3
1500,2400.3,0.3
1500.25,2400.4,0.3
1500.5,2400.5,0.3
1500.75,2400.5,0.3
1501,2400.6,0.3
1501.25,2400.7,0.3
1501.5,2400.8,0.3
1501.75,2400.9,0.3
1502,2400.9,0.3
1502.25,2401,0.3
1502.5,2401.1,0.3
1502.75,2401.2,0.3
1503,2401.3,0.3
1503.25,2401.3,0.3
1503.5,2401.4,0.3
1503.75,2401.5,0.3
1504,2401.6,0.3
1504.25,2401.7,0.3
1504.5,2401.7,0.3
1504.75,2401.8,0.3
1505,2401.9,0.3
1505.25,2402,0.3
1505.5,2402.1,0.3
1505.75,2402.1,0.3
1506,2402.2,0.3
1506.25,2402.3,0.3
1506.5,2402.4,0.3
1506.75,2402.5,0.3
1507,2402.5,0.3
1507.25,2402.6,0.3
1507.5,2402.7,0.3
1507.75,2402.8,0.3
1508,2402.9,0.3
1508.25,2402.9,0.3
1508.5,2403,0.3
1508.75,2403.1,0.3
1509,2403.2,0.3
1509.25,2403.3,0.3
1509.5,2411,31.2
1509.75,2411.2,0.5
1510,2411.3,0.5
1510.25,2411.4,0.5
1510.5,2411.5,0.5
1510.75,2411.7,0.5
1511,2411.8,0.5
1511.25,2411.9,0.5
1511.5,2412,0.5
1511.75,2412.1,0.5
1512,2412.3,0.5
1512.25,2412.4,0.5
1512.5,2412.5,0.5
1512.75,2412.6,0.5
1513,2412.7,0.5
1513.25,2412.9,0.5
1513.5,2413,0.5
1513.75,2413.1,0.5
1514,2413.2,0.5
1514.25,2413.4,0.5
1514.5,2413.5,0.5
1514.75,2413.6,0.5
1515,2413.7,0.5
1515.25,2413.8,0.5
1515.5,2414,0.5
1515.75,2414.1,0.5
1516,2414.2,0.5
1516.25,2414.3,0.5
1516.5,2414.5,0.5
1516.75,2414.6,0.5
1517,2414.7,0.5
1517.25,2414.8,0.5
1517.5,2414.9,0.5
1517.75,2415.1,0.5
1518,2415.2,0.5
1518.25,2415.3,0.5
1518.5,2415.4,0.5
1518.75,2415.5,0.5
1519,2415.7,0.5
1519.25,2415.8,0.5
1519.5,2415.9,0.5
1519.75,2416,0.5
1520,2416.2,0.5
1520.25,2416.3,0.5
1520.5,2416.4,0.5
1520.75,2416.5,0.5
1521,2416.6,0.5
1521.25,2416.8,0.5
1521.5,2416.9,0.5
1521.75,2417,0.5
1522,2417.1,0.5
1522.25,2417.2,0.5
1522.5,2417.4,0.5
1522.75,2417.5,0.5
1523,2417.6,0.5
1523.25,2417.7,0.5
1523.5,2417.9,0.5
1523.75,2418,0.5
1524,2418.1,0.5
1524.25,2418.2,0.5
1524.5,2418.3,0.5
1524.75,2418.5,0.5
1525,2418.6,0.5
1525.25,2418.8,0.8
1525.5,2419,0.9
1525.75,2419.2,0.9
1526,2419.5,0.9
1526.25,2419.7,0.9
1526.5,2419.9,0.9
1526.75,2420.2,0.9
1527,2420.4,0.9
1527.25,2420.6,0.9
1527.5,2420.9,0.9
1527.75,2421.1,0.9
1528,2421.3,0.9
1528.25,2421.5,0.9
1528.5,2421.8,0.9
1528.75,2422,0.9
1529,2422.2,0.9
1529.25,2422.5,0.9
1529.5,2422.7,0.9
1529.75,2422.9,0.9
1530,2423.2,0.9
1530.25,2423.4,0.9
1530.5,2423.6,0.9
1530.75,2423.8,0.9
1531,2424.1,0.9
1531.25,2424.3,0.9
1531.5,2424.5,0.9
1531.75,2424.8,0.9
1532,2425,0.9
1532.25,2425.2,0.9
1532.5,2425.5,0.9
1532.75,2425.7,0.9
1533,2425.9,0.9
1533.25,2426.1,0.9
1533.5,2441.6,61.9
1533.75,2441.7,0.4
1534,2441.8,0.4
1534.25,2441.9,0.4
1534.5,2442,0.4
1534.75,2442.1,0.4
1535,2442.2,0.4
1535.25,2442.3,0.4
1535.5,2442.4,0.4
1535.75,2442.5,0.4
1536,2442.5,0.4
1536.25,2442.6,0.4
1536.5,2442.7,0.4
1536.75,2442.8,0.4
1537,2442.9,0.4
1537.25,2443,0.4
1537.5,2443.1,0.4
1537.75,2443.2,0.4
1538,2443.3,0.4
1538.25,2443.4,0.4
1538.5,2443.5,0.4
1538.75,2443.6,0.4
1539,2443.6,0.4
1539.25,2443.7,0.4
1539.5,2443.8,0.4
1539.75,2443.9,0.4
1540,2444,0.4
1540.25,2444.1,0.4
1540.5,2444.2,0.4
1540.75,2444.3,0.4
1541,2444.4,0.4
1541.25,2444.5,0.4
1541.5,2444.6,0.4
1541.75,2444.7,0.4
1542,2444.7,0.4
1542.25,2444.8,0.4
1542.5,2444.9,0.4
1542.75,2445,0.4
1543,2445.1,0.4
1543.25,2445.2,0.4
1543.5,2445.3,0.4
1543.75,2445.4,0.4
1544,2445.5,0.4
1544.25,2445.6,0.4
1544.5,2445.7,0.4
1544.75,2445.8,0.4
1545,2445.8,0.4
1545.25,2445.9,0.4
1545.5,2446,0.4
1545.75,2446.1,0.4
1546,2446.2,0.4
1546.25,2446.3,0.4
1546.5,2446.4,0.4
1546.75,2446.5,0.4
1547,2446.6,0.4
1547.25,2446.7,0.4
1547.5,2446.8,0.4
1547.75,2446.9,0.4
1548,2446.9,0.4
1548.25,2447,0.4
1548.5,2447.1,0.4
1548.75,2447.2,0.4
1549,2447.3,0.4
1549.25,2447.4,0.4
1549.5,2447.5,0.4
1549.75,2447.6,0.4
1550,2447.7,0.4
1550.25,2447.8,0.4
1550.5,2447.9,0.4
1550.75,2448,0.4
1551,2448,0.4
1551.25,2448.1,0.4
1551.5,2448.2,0.4
1551.75,2448.3,0.4
1552,2448.4,0.4
1552.25,2448.5,0.4
1552.5,2448.6,0.4
1552.75,2448.7,0.4
1553,2448.8,0.4
1553.25,2448.9,0.4
1553.5,2449,0.4
1553.75,2449.1,0.4
1554,2449.1,0.4
1554.25,2449.3,0.6
1554.5,2449.9,2.4
1554.75,2450.5,2.4
1555,2451.1,2.4
1555.25,2451.7,2.4
1555.5,2452.3,2.4
1555.75,2452.9,2.4
1556,2453.6,2.4
1556.25,2454.2,2.4
1556.5,2454.8,2.4
1556.75,2455.4,2.4
1557,2456,2.4
1557.25,2456.6,2.4
1557.5,2472.2,62.6
1557.75,2472.3,0.4
1558,2472.4,0.4
1558.25,2472.5,0.4
1558.5,2472.6,0.4
1558.75,2472.7,0.4
1559,2472.8,0.4
1559.25,2472.9,0.4
1559.5,2473,0.4
1559.75,2473.1,0.4
1560,2473.2,0.4
1560.25,2473.3,0.4
1560.5,2473.4,0.4
1560.75,2473.5,0.4
1561,2473.6,0.4
1561.25,2473.7,0.4
1561.5,2473.8,0.4
1561.75,2473.9,0.4
1562,2474,0.4
1562.25,2474.1,0.4
1562.5,2474.2,0.4
1562.75,2474.3,0.4
1563,2474.4,0.4
1563.25,2474.5,0.4
1563.5,2474.6,0.4
1563.75,2474.7,0.4
1564,2474.8,0.4
1564.25,2474.9,0.4
1564.5,2475,0.4
1564.75,2475.1,0.4
1565,2475.2,0.4
1565.25,2475.3,0.4
1565.5,2475.4,0.4
1565.75,2475.5,0.4
1566,2475.6,0.4
1566.25,2475.7,0.4
1566.5,2475.8,0.4
1566.75,2475.9,0.4
1567,2476,0.4
1567.25,2476.1,0.4
1567.5,2476.2,0.4
1567.75,2476.3,0.4
1568,2476.4,0.4
1568.25,2476.5,0.4
1568.5,2476.6,0.4
1568.75,2476.7,0.4
1569,2476.8,0.4
1569.25,2476.9,0.4
1569.5,2477,0.4
1569.75,2477.1,0.4
1570,2477.2,0.4
1570.25,2477.3,0.4
1570.5,2477.4,0.4
1570.75,2477.5,0.4
1571,2477.6,0.4
1571.25,2477.7,0.4
1571.5,2477.8,0.4
1571.75,2477.9,0.4
1572,2478,0.4
1572.25,2478.1,0.4
1572.5,2478.2,0.4
1572.75,2478.3,0.4
1573,2478.4,0.4
1573.25,2478.5,0.4
1573.5,2478.6,0.4
1573.75,2478.7,0.4
1574,2478.8,0.4
1574.25,2478.9,0.4
1574.5,2479,0.4
1574.75,2479.1,0.4
1575,2479.2,0.4
1575.25,2479.3,0.4
1575.5,2479.4,0.4
1575.75,2479.5,0.4
1576,2479.6,0.4
1576.25,2479.7,0.4
1576.5,2479.8,0.4
1576.75,2480,1.1
1577,2480.4,1.6
1577.25,2480.8,1.6
1577.5,2481.2,1.6
1577.75,2481.6,1.6
1578,2482,1.6
1578.25,2482.4,1.6
1578.5,2482.8,1.6
1578.75,2483.2,1.6
1579,2483.6,1.6
1579.25,2484,1.6
1579.5,2484.4,1.6
1579.75,2484.8,1.6
1580,2485.2,1.6
1580.25,2485.6,1.6
1580.5,2486,1.6
1580.75,2486.4,1.6
1581,2486.8,1.6
1581.25,2487.2,1.6
1581.5,2502.8,62.1
1581.75,2502.9,0.5
1582,2503,0.5
1582.25,2503.1,0.5
1582.5,2503.3,0.5
1582.75,2503.4,0.5
1583,2503.5,0.5
1583.25,2503.6,0.5
1583.5,2503.7,0.5
1583.75,2503.9,0.5
1584,2504,0.5
1584.25,2504.1,0.5
1584.5,2504.2,0.5
1584.75,2504.4,0.5
1585,2504.5,0.5
1585.25,2504.6,0.5
1585.5,2504.7,0.5
1585.75,2504.8,0.5
1586,2505,0.5
1586.25,2505.1,0.5
1586.5,2505.2,0.5
1586.75,2505.3,0.5
1587,2505.4,0.5
1587.25,2505.6,0.5
1587.5,2505.7,0.5
1587.75,2505.8,0.5
1588,2505.9,0.5
1588.25,2506.1,0.5
1588.5,2506.2,0.5
1588.75,2506.3,0.5
1589,2506.4,0.5
1589.25,2506.5,0.5
1589.5,2506.7,0.5
1589.75,2506.8,0.5
1590,2506.9,0.5
1590.25,2507,0.5
1590.5,2507.1,0.5
1590.75,2507.3,0.5
1591,2507.4,0.5
1591.25,2507.5,0.5
1591.5,2507.6,0.5
1591.75,2507.7,0.5
1592,2507.9,0.5
1592.25,2508,0.5
1592.5,2508.1,0.5
1592.75,2508.2,0.5
1593,2508.4,0.5
1593.25,2508.5,0.5
1593.5,2508.6,0.5
1593.75,2508.7,0.5
1594,2508.8,0.5
1594.25,2509,0.5
1594.5,2509.1,0.5
1594.75,2509.2,0.5
1595,2509.3,0.5
1595.25,2509.4,0.5
1595.5,2509.6,0.5
1595.75,2509.7,0.5
1596,2509.8,0.5
1596.25,2509.9,0.5
1596.5,2510.1,0.5
1596.75,2510.2,0.5
1597,2510.3,0.5
1597.25,2510.5,0.9
1597.5,2510.7,0.9
1597.75,2511,0.9
1598,2511.2,0.9
1598.25,2511.4,0.9
1598.5,2511.6,0.9
1598.75,2511.9,0.9
1599,2512.1,0.9
1599.25,2512.3,0.9
1599.5,2512.6,0.9
1599.75,2512.8,0.9
1600,2513,0.9
1600.25,2513.2,0.9
1600.5,2513.5,0.9
1600.75,2513.7,0.9
1601,2513.9,0.9
1601.25,2514.2,0.9
1601.5,2514.4,0.9
1601.75,2514.6,0.9
1602,2514.8,0.9
1602.25,2515.1,0.9
1602.5,2515.3,0.9
1602.75,2515.5,0.9
1603,2515.8,0.9
1603.25,2516,0.9
1603.5,2516.2,0.9
1603.75,2516.4,0.9
1604,2516.7,0.9
1604.25,2516.9,0.9
1604.5,2517.1,0.9
1604.75,2517.3,0.9
1605,2517.6,0.9
1605.25,2517.8,0.9
1605.5,2525.6,31.3
1605.75,2525.8,0.6
1606,2525.9,0.6
1606.25,2526.1,0.6
1606.5,2526.2,0.6
1606.75,2526.3,0.6
1607,2526.5,0.6
1607.25,2526.6,0.6
1607.5,2526.7,0.6
1607.75,2526.9,0.6
1608,2527,0.6
1608.25,2527.2,0.6
1608.5,2527.3,0.6
1608.75,2527.4,0.6
1609,2527.6,0.6
1609.25,2527.7,0.6
1609.5,2527.9,0.6
1609.75,2528,0.6
1610,2528.1,0.6
1610.25,2528.3,0.6
1610.5,2528.4,0.6
1610.75,2528.5,0.6
1611,2528.7,0.6
1611.25,2528.8,0.6
1611.5,2529,0.6
1611.75,2529.1,0.6
1612,2529.2,0.6
1612.25,2529.4,0.6
1612.5,2529.5,0.6
1612.75,2529.7,0.6
1613,2529.8,0.6
1613.25,2529.9,0.6
1613.5,2530.1,0.6
1613.75,2530.2,0.6
1614,2530.3,0.6
1614.25,2530.5,0.6
1614.5,2530.6,0.6
1614.75,2530.8,0.6
1615,2530.9,0.6
1615.25,2531,0.6
1615.5,2531.2,0.6
1615.75,2531.3,0.6
1616,2531.5,0.6
1616.25,2531.6,0.6
1616.5,2531.7,0.6
1616.75,2531.9,0.6
1617,2532,0.6
1617.25,2532.1,0.6
1617.5,2532.3,0.6
1617.75,2532.4,0.6
1618,2532.6,0.6
1618.25,2532.7,0.6
1618.5,2532.8,0.6
1618.75,2533,0.6
1619,2533.1,0.6
1619.25,2533.3,0.7
1619.5,2533.5,0.9
1619.75,2533.8,0.9
1620,2534,0.9
1620.25,2534.2,0.9
1620.5,2534.5,0.9
1620.75,2534.7,0.9
1621,2534.9,0.9
1621.25,2535.2,0.9
1621.5,2535.4,0.9
1621.75,2535.6,0.9
1622,2535.9,0.9
1622.25,2536.1,0.9
1622.5,2536.4,0.9
1622.75,2536.6,0.9
1623,2536.8,0.9
1623.25,2537.1,0.9
1623.5,2537.3,0.9
1623.75,2537.5,0.9
1624,2537.8,0.9
1624.25,2538,0.9
1624.5,2538.2,0.9
1624.75,2538.5,0.9
1625,2538.7,0.9
1625.25,2538.9,0.9
1625.5,2539.2,0.9
1625.75,2539.4,0.9
1626,2539.6,0.9
1626.25,2539.9,0.9
1626.5,2540.1,0.9
1626.75,2540.3,0.9
1627,2540.6,0.9
1627.25,2540.8,0.9
1627.5,2541.7,3.4
1627.75,2542.6,3.7
1628,2543.5,3.7
1628.25,2544.4,3.7
1628.5,2545.4,3.7
1628.75,2546.3,3.7
1629,2547.2,3.7
1629.25,2548.1,3.7
1629.5,2563.9,63.3
1629.75,2564,0.4
1630,2564.2,0.4
1630.25,2564.3,0.4
1630.5,2564.4,0.4
1630.75,2564.5,0.4
1631,2564.6,0.4
1631.25,2564.7,0.4
1631.5,2564.8,0.4
1631.75,2564.9,0.4
1632,2565,0.4
1632.25,2565.1,0.4
1632.5,2565.2,0.4
1632.75,2565.3,0.4
1633,2565.4,0.4
1633.25,2565.5,0.4
1633.5,2565.6,0.4
1633.75,2565.7,0.4
1634,2565.9,0.4
1634.25,2566,0.4
1634.5,2566.1,0.4
1634.75,2566.2,0.4
1635,2566.3,0.4
1635.25,2566.4,0.4
1635.5,2566.5,0.4
1635.75,2566.6,0.4
1636,2566.7,0.4
1636.25,2566.8,0.4
1636.5,2566.9,0.4
1636.75,2567,0.4
1637,2567.1,0.4
1637.25,2567.2,0.4
1637.5,2567.3,0.4
1637.75,2567.4,0.4
1638,2567.6,0.4
1638.25,2567.7,0.4
1638.5,2567.8,0.4
1638.75,2567.9,0.4
1639,2568,0.4
1639.25,2568.1,0.4
1639.5,2568.2,0.4
1639.75,2568.3,0.4
1640,2568.4,0.4
1640.25,2568.5,0.4
1640.5,2568.6,0.4
1640.75,2568.7,0.4
1641,2568.8,0.4
1641.25,2568.9,0.4
1641.5,2569,0.4
1641.75,2569.1,0.4
1642,2569.3,0.4
1642.25,2569.4,0.4
1642.5,2569.5,0.4
1642.75,2569.6,0.4
1643,2569.7,0.4
1643.25,2569.8,0.4
1643.5,2569.9,0.4
1643.75,2570,0.4
1644,2570.1,0.4
1644.25,2570.2,0.4
1644.5,2570.3,0.4
1644.75,2570.4,0.4
1645,2570.5,0.4
1645.25,2570.6,0.4
1645.5,2570.7,0.4
1645.75,2570.8,0.4
1646,2571,0.4
1646.25,2571.1,0.4
1646.5,2571.2,0.4
1646.75,2571.3,0.4
1647,2571.4,0.4
1647.25,2571.5,0.4
1647.5,2571.6,0.4
1647.75,2572,1.5
1648,2572.3,1.5
1648.25,2572.7,1.5
1648.5,2573.1,1.5
1648.75,2573.5,1.5
1649,2573.8,1.5
1649.25,2574.2,1.5
1649.5,2574.6,1.5
1649.75,2575,1.5
1650,2575.3,1.5
1650.25,2575.7,1.5
1650.5,2576.1,1.5
1650.75,2576.5,1.5
1651,2576.8,1.5
1651.25,2577.2,1.5
1651.5,2577.6,1.5
1651.75,2578,1.5
1652,2578.3,1.5
1652.25,2578.7,1.5
1652.5,2579.1,1.5
1652.75,2580.5,5.8
1653,2583.2,10.5
1653.25,2585.8,10.5
1653.5,2594.8,36
1653.75,2595,0.8
1654,2595.2,0.8
1654.25,2595.4,0.8
1654.5,2595.6,0.8
1654.75,2595.8,0.8
1655,2596,0.8
1655.25,2596.2,0.8
1655.5,2596.4,0.8
1655.75,2596.6,0.8
1656,2596.7,0.8
1656.25,2596.9,0.8
1656.5,2597.1,0.8
1656.75,2597.3,0.8
1657,2597.5,0.8
1657.25,2597.7,0.8
1657.5,2597.9,0.8
1657.75,2598.1,0.8
1658,2598.3,0.8
1658.25,2598.5,0.8
1658.5,2598.7,0.8
1658.75,2598.9,0.8
1659,2599.1,0.8
1659.25,2599.3,0.8
1659.5,2599.5,0.8
1659.75,2599.7,0.8
1660,2599.8,0.8
1660.25,2600,0.8
1660.5,2600.2,0.8
1660.75,2600.4,0.8
1661,2600.6,0.8
1661.25,2600.8,0.8
1661.5,2601,0.8
1661.75,2601.2,0.8
1662,2601.4,0.8
1662.25,2601.6,0.8
1662.5,2601.8,0.8
1662.75,2602,0.8
1663,2602.2,0.8
1663.25,2602.4,0.8
1663.5,2602.6,0.8
1663.75,2602.8,0.8
1664,2603,0.8
1664.25,2603.2,0.8
1664.5,2603.4,0.8
1664.75,2603.6,0.8
1665,2603.8,0.8
1665.25,2604,0.8
1665.5,2604.2,0.8
1665.75,2604.3,0.8
1666,2604.5,0.8
1666.25,2604.7,0.8
1666.5,2604.9,0.8
1666.75,2605.1,0.8
1667,2605.3,0.8
1667.25,2605.5,0.8
1667.5,2605.7,0.8
1667.75,2605.9,0.8
1668,2606.1,0.8
1668.25,2606.3,0.8
1668.5,2606.5,0.8
1668.75,2606.7,0.8
1669,2606.9,0.8
1669.25,2607.1,0.8
1669.5,2607.3,0.8
1669.75,2607.5,0.8
1670,2607.7,0.8
1670.25,2607.9,0.8
1670.5,2608.1,0.8
1670.75,2608.3,0.8
1671,2608.5,0.8
1671.25,2608.7,0.8
1671.5,2608.9,0.8
1671.75,2609.1,0.8
1672,2609.3,0.8
1672.25,2609.5,0.8
1672.5,2609.7,0.8
1672.75,2609.9,0.8
1673,2610.1,0.9
1673.25,2610.6,1.7
1673.5,2611,1.7
1673.75,2611.4,1.7
1674,2611.9,1.7
1674.25,2612.3,1.7
1674.5,2612.7,1.7
1674.75,2613.2,1.7
1675,2613.6,1.7
1675.25,2614,1.7
1675.5,2614.5,1.7
1675.75,2614.9,1.7
1676,2615.4,1.7
1676.25,2615.8,1.7
1676.5,2616.2,1.7
1676.75,2616.7,1.7
1677,2617.1,1.7
1677.25,2617.5,1.7
1677.5,2625.5,32
1677.75,2625.7,0.5
1678,2625.8,0.5
1678.25,2625.9,0.5
1678.5,2626,0.5
1678.75,2626.1,0.5
1679,2626.2,0.5
1679.25,2626.4,0.5
1679.5,2626.5,0.5
1679.75,2626.6,0.5
1680,2626.7,0.5
1680.25,2626.8,0.5
1680.5,2627,0.5
1680.75,2627.1,0.5
1681,2627.2,0.5
1681.25,2627.3,0.5
1681.5,2627.4,0.5
1681.75,2627.6,0.5
1682,2627.7,0.5
1682.25,2627.8,0.5
1682.5,2627.9,0.5
1682.75,2628,0.5
1683,2628.1,0.5
1683.25,2628.3,0.5
1683.5,2628.4,0.5
1683.75,2628.5,0.5
1684,2628.6,0.5
1684.25,2628.7,0.5
1684.5,2628.9,0.5
1684.75,2629,0.5
1685,2629.1,0.5
1685.25,2629.2,0.5
1685.5,2629.3,0.5
1685.75,2629.5,0.5
1686,2629.6,0.5
1686.25,2629.7,0.5
1686.5,2629.8,0.5
1686.75,2629.9,0.5
1687,2630,0.5
1687.25,2630.2,0.5
1687.5,2630.3,0.5
1687.75,2630.4,0.5
1688,2630.5,0.5
1688.25,2630.6,0.5
1688.5,2630.8,0.5
1688.75,2630.9,0.5
1689,2631,0.5
1689.25,2631.1,0.5
1689.5,2631.2,0.5
1689.75,2631.3,0.5
1690,2631.5,0.5
1690.25,2631.6,0.5
1690.5,2631.7,0.5
1690.75,2631.8,0.5
1691,2631.9,0.5
1691.25,2632.1,0.5
1691.5,2632.2,0.5
1691.75,2632.3,0.5
1692,2632.4,0.5
1692.25,2632.5,0.5
1692.5,2632.7,0.5
1692.75,2632.8,0.5
1693,2632.9,0.5
1693.25,2633,0.5
1693.5,2633.1,0.5
1693.75,2633.4,1.1
1694,2633.7,1.2
1694.25,2634,1.2
1694.5,2634.3,1.2
1694.75,2634.6,1.2
1695,2635,1.2
1695.25,2635.3,1.2
1695.5,2635.6,1.2
1695.75,2635.9,1.2
1696,2636.2,1.2
1696.25,2636.5,1.2
1696.5,2636.8,1.2
1696.75,2637.1,1.2
1697,2637.4,1.2
1697.25,2637.8,1.2
1697.5,2638.1,1.2
1697.75,2638.4,1.2
1698,2638.7,1.2
1698.25,2639,1.2
1698.5,2639.3,1.2
1698.75,2639.6,1.2
1699,2639.9,1.2
1699.25,2640.2,1.2
1699.5,2640.6,1.2
1699.75,2641,1.9
1700,2642.2,4.6
1700.25,2643.3,4.6
1700.5,2644.5,4.6
1700.75,2645.7,4.6
1701,2646.8,4.6
1701.25,2648,4.6
1701.5,2663.9,63.6
1701.75,2664,0.4
1702,2664.1,0.4
1702.25,2664.2,0.4
1702.5,2664.3,0.4
1702.75,2664.4,0.4
1703,2664.5,0.4
1703.25,2664.6,0.4
1703.5,2664.7,0.4
1703.75,2664.8,0.4
1704,2664.8,0.4
1704.25,2664.9,0.4
1704.5,2665,0.4
1704.75,2665.1,0.4
1705,2665.2,0.4
1705.25,2665.3,0.4
1705.5,2665.4,0.4
1705.75,2665.5,0.4
1706,2665.6,0.4
1706.25,2665.7,0.4
1706.5,2665.8,0.4
1706.75,2665.9,0.4
1707,2666,0.4
1707.25,2666.1,0.4
1707.5,2666.2,0.4
1707.75,2666.3,0.4
1708,2666.4,0.4
1708.25,2666.5,0.4
1708.5,2666.6,0.4
1708.75,2666.7,0.4
1709,2666.8,0.4
1709.25,2666.9,0.4
1709.5,2666.9,0.4
1709.75,2667,0.4
1710,2667.1,0.4
1710.25,2667.2,0.4
1710.5,2667.3,0.4
1710.75,2667.4,0.4
1711,2667.5,0.4
1711.25,2667.6,0.4
1711.5,2667.7,0.4
1711.75,2667.8,0.4
1712,2667.9,0.4
1712.25,2668,0.4
1712.5,2668.1,0.4
1712.75,2668.2,0.4
1713,2668.3,0.4
1713.25,2668.4,0.4
1713.5,2668.5,0.4
1713.75,2668.6,0.4
1714,2668.7,0.4
1714.25,2668.8,0.4
1714.5,2668.9,0.4
1714.75,2669,0.4
1715,2669.1,0.4
1715.25,2669.1,0.4
1715.5,2669.2,0.4
1715.75,2669.3,0.4
1716,2669.4,0.4
1716.25,2669.5,0.4
1716.5,2669.6,0.4
1716.75,2669.7,0.4
1717,2669.8,0.4
1717.25,2669.9,0.4
1717.5,2670,0.4
1717.75,2670.1,0.4
1718,2670.2,0.4
1718.25,2670.3,0.4
1718.5,2670.4,0.4
1718.75,2670.5,0.4
1719,2670.6,0.4
1719.25,2670.7,0.4
1719.5,2670.8,0.4
1719.75,2670.9,0.4
1720,2671,0.4
1720.25,2671.1,0.4
1720.5,2671.2,0.4
1720.75,2671.2,0.4
1721,2671.3,0.4
1721.25,2671.4,0.4
1721.5,2671.7,0.9
1721.75,2672.2,1.9
1722,2672.6,1.9
1722.25,2673.1,1.9
1722.5,2673.6,1.9
1722.75,2674.1,1.9
1723,2674.6,1.9
1723.25,2675.1,1.9
1723.5,2675.5,1.9
1723.75,2676,1.9
1724,2676.5,1.9
1724.25,2677,1.9
1724.5,2677.5,1.9
1724.75,2678,1.9
1725,2678.5,1.9
1725.25,2678.9,1.9
1725.5,2694.5,62.4
1725.75,2694.6,0.4
1726,2694.7,0.4
1726.25,2694.8,0.4
1726.5,2694.9,0.4
1726.75,2695,0.4
1727,2695.1,0.4
1727.25,2695.2,0.4
1727.5,2695.3,0.4
1727.75,2695.3,0.4
1728,2695.4,0.4
1728.25,2695.5,0.4
1728.5,2695.6,0.4
1728.75,2695.7,0.4
1729,2695.8,0.4
1729.25,2695.9,0.4
1729.5,2696,0.4
1729.75,2696.1,0.4
1730,2696.1,0.4
1730.25,2696.2,0.4
1730.5,2696.3,0.4
1730.75,2696.4,0.4
1731,2696.5,0.4
1731.25,2696.6,0.4
1731.5,2696.7,0.4
1731.75,2696.8,0.4
1732,2696.9,0.4
1732.25,2697,0.4
1732.5,2697,0.4
1732.75,2697.1,0.4
1733,2697.2,0.4
1733.25,2697.3,0.4
1733.5,2697.4,0.4
1733.75,2697.5,0.4
1734,2697.6,0.4
1734.25,2697.7,0.4
1734.5,2697.8,0.4
1734.75,2697.8,0.4
1735,2697.9,0.4
1735.25,2698,0.4
1735.5,2698.1,0.4
1735.75,2698.2,0.4
1736,2698.3,0.4
1736.25,2698.4,0.4
1736.5,2698.5,0.4
1736.75,2698.6,0.4
1737,2698.7,0.4
1737.25,2698.7,0.4
1737.5,2698.8,0.4
1737.75,2698.9,0.4
1738,2699,0.4
1738.25,2699.1,0.4
1738.5,2699.2,0.4
1738.75,2699.3,0.4
1739,2699.4,0.4
1739.25,2699.5,0.4
1739.5,2699.5,0.4
1739.75,2699.6,0.4
1740,2699.7,0.4
1740.25,2699.8,0.4
1740.5,2699.9,0.4
1740.75,2700,0.4
1741,2700.1,0.4
1741.25,2700.2,0.4
1741.5,2700.3,0.4
1741.75,2700.3,0.4
1742,2700.4,0.4
1742.25,2700.5,0.4
1742.5,2700.6,0.4
1742.75,2700.7,0.4
1743,2700.8,0.4
1743.25,2700.9,0.4
1743.5,2701,0.4
1743.75,2701.1,0.4
1744,2701.2,0.4
1744.25,2701.2,0.4
1744.5,2701.3,0.4
1744.75,2701.4,0.4
1745,2701.5,0.4
1745.25,2701.6,0.4
1745.5,2701.7,0.4
1745.75,2701.8,0.4
1746,2701.9,0.4
1746.25,2702,0.4
1746.5,2702,0.4
1746.75,2702.2,0.6
1747,2702.9,2.9
1747.25,2703.7,2.9
1747.5,2704.4,2.9
1747.75,2705.1,2.9
1748,2705.8,2.9
1748.25,2706.6,2.9
1748.5,2707.3,2.9
1748.75,2708,2.9
1749,2708.7,2.9
1749.25,2709.5,2.9
1749.5,2725.1,62.7
1749.75,2725.2,0.3
1750,2725.3,0.3
1750.25,2725.4,0.3
1750.5,2725.5,0.3
1750.75,2725.6,0.3
1751,2725.7,0.3
1751.25,2725.7,0.3
1751.5,2725.8,0.3
1751.75,2725.9,0.3
1752,2726,0.3
1752.25,2726.1,0.3
1752.5,2726.2,0.3
1752.75,2726.3,0.3
1753,2726.4,0.3
1753.25,2726.4,0.3
1753.5,2726.5,0.3
1753.75,2726.6,0.3
1754,2726.7,0.3
1754.25,2726.8,0.3
1754.5,2726.9,0.3
1754.75,2727,0.3
1755,2727,0.3
1755.25,2727.1,0.3
1755.5,2727.2,0.3
1755.75,2727.3,0.3
1756,2727.4,0.3
1756.25,2727.5,0.3
1756.5,2727.6,0.3
1756.75,2727.7,0.3
1757,2727.7,0.3
1757.25,2727.8,0.3
1757.5,2727.9,0.3
1757.75,2728,0.3
1758,2728.1,0.3
1758.25,2728.2,0.3
1758.5,2728.3,0.3
1758.75,2728.4,0.3
1759,2728.4,0.3
1759.25,2728.5,0.3
1759.5,2728.6,0.3
1759.75,2728.7,0.3
1760,2728.8,0.3
1760.25,2728.9,0.3
1760.5,2729,0.3
1760.75,2729,0.3
1761,2729.1,0.3
1761.25,2729.2,0.3
1761.5,2729.3,0.3
1761.75,2729.4,0.3
1762,2729.5,0.3
1762.25,2729.6,0.3
1762.5,2729.7,0.3
1762.75,2729.7,0.3
1763,2729.8,0.3
1763.25,2729.9,0.3
1763.5,2730,0.3
1763.75,2730.1,0.3
1764,2730.2,0.3
1764.25,2730.3,0.3
1764.5,2730.3,0.3
1764.75,2730.4,0.3
1765,2730.5,0.3
1765.25,2730.6,0.3
1765.5,2730.7,0.3
1765.75,2730.8,0.3
1766,2730.9,0.3
1766.25,2731,0.3
1766.5,2731,0.3
1766.75,2731.1,0.3
1767,2731.2,0.3
1767.25,2731.3,0.3
1767.5,2731.4,0.3
1767.75,2731.5,0.3
1768,2731.6,0.3
1768.25,2731.7,0.3
1768.5,2731.7,0.3
1768.75,2731.8,0.3
1769,2731.9,0.3
1769.25,2732,0.3
1769.5,2732.1,0.3
1769.75,2732.2,0.3
1770,2732.3,0.3
1770.25,2732.3,0.3
1770.5,2732.4,0.3
1770.75,2732.5,0.3
1771,2732.6,0.3
1771.25,2732.7,0.3
1771.5,2733.1,1.6
1771.75,2734.1,3.9
1772,2735,3.9
1772.25,2736,3.9
1772.5,2737,3.9
1772.75,2738,3.9
1773,2738.9,3.9
1773.25,2739.9,3.9
1773.5,2748.1,32.8
1773.75,2748.2,0.3
1774,2748.3,0.3
1774.25,2748.3,0.3
1774.5,2748.4,0.3
1774.75,2748.5,0.3
1775,2748.6,0.3
1775.25,2748.7,0.3
1775.5,2748.7,0.3
1775.75,2748.8,0.3
1776,2748.9,0.3
1776.25,2749,0.3
1776.5,2749.1,0.3
1776.75,2749.1,0.3
1777,2749.2,0.3
1777.25,2749.3,0.3
1777.5,2749.4,0.3
1777.75,2749.5,0.3
1778,2749.5,0.3
1778.25,2749.6,0.3
1778.5,2749.7,0.3
1778.75,2749.8,0.3
1779,2749.9,0.3
1779.25,2749.9,0.3
1779.5,2750,0.3
1779.75,2750.1,0.3
1780,2750.2,0.3
1780.25,2750.3,0.3
1780.5,2750.3,0.3
1780.75,2750.4,0.3
1781,2750.5,0.3
1781.25,2750.6,0.3
1781.5,2750.7,0.3
1781.75,2750.7,0.3
1782,2750.8,0.3
1782.25,2750.9,0.3
1782.5,2751,0.3
1782.75,2751,0.3
1783,2751.1,0.3
1783.25,2751.2,0.3
1783.5,2751.3,0.3
1783.75,2751.4,0.3
1784,2751.4,0.3
1784.25,2751.5,0.3
1784.5,2751.6,0.3
1784.75,2751.7,0.3
1785,2751.8,0.3
1785.25,2751.8,0.3
1785.5,2751.9,0.3
1785.75,2752,0.3
1786,2752.1,0.3
1786.25,2752.2,0.3
1786.5,2752.2,0.3
1786.75,2752.3,0.3
1787,2752.4,0.3
1787.25,2752.5,0.3
1787.5,2752.6,0.3
1787.75,2752.6,0.3
1788,2752.7,0.3
1788.25,2752.8,0.3
1788.5,2752.9,0.3
1788.75,2753,0.3
1789,2753,0.3
1789.25,2753.1,0.3
1789.5,2753.2,0.3
1789.75,2753.3,0.3
1790,2753.4,0.3
1790.25,2753.4,0.3
1790.5,2753.5,0.3
1790.75,2753.6,0.3
1791,2753.7,0.3
1791.25,2753.7,0.3
1791.5,2753.8,0.3
1791.75,2753.9,0.3
1792,2754,0.3
1792.25,2754.1,0.3
1792.5,2754.1,0.3
1792.75,2754.2,0.3
1793,2754.3,0.3
1793.25,2754.4,0.3
1793.5,2754.5,0.3
1793.75,2754.5,0.3
1794,2754.6,0.3
1794.25,2754.7,0.3
1794.5,2754.8,0.3
1794.75,2754.9,0.3
1795,2754.9,0.3
1795.25,2755,0.3
1795.5,2755.1,0.3
1795.75,2755.2,0.3
1796,2755.3,0.3
1796.25,2755.3,0.3
1796.5,2755.4,0.3
1796.75,2755.5,0.3
1797,2755.6,0.3
1797.25,2755.7,0.3
1797.5,2771.1,61.7
1797.75,2771.2,0.3
1798,2771.2,0.3
1798.25,2771.3,0.3
1798.5,2771.4,0.3
1798.75,2771.5,0.3
1799,2771.6,0.3
1799.25,2771.6,0.3
1799.5,2771.7,0.3
1799.75,2771.8,0.3
1800,2771.9,0.3
1800.25,2772,0.3
1800.5,2772,0.3
1800.75,2772.1,0.3
1801,2772.2,0.3
1801.25,2772.3,0.3
1801.5,2772.4,0.3
1801.75,2772.4,0.3
1802,2772.5,0.3
1802.25,2772.6,0.3
1802.5,2772.7,0.3
1802.75,2772.7,0.3
1803,2772.8,0.3
1803.25,2772.9,0.3
1803.5,2773,0.3
1803.75,2773.1,0.3
1804,2773.1,0.3
1804.25,2773.2,0.3
1804.5,2773.3,0.3
1804.75,2773.4,0.3
1805,2773.5,0.3
1805.25,2773.5,0.3
1805.5,2773.6,0.3
1805.75,2773.7,0.3
1806,2773.8,0.3
1806.25,2773.9,0.3
1806.5,2773.9,0.3
1806.75,2774,0.3
1807,2774.1,0.3
1807.25,2774.2,0.3
1807.5,2774.3,0.3
1807.75,2774.3,0.3
1808,2774.4,0.3
1808.25,2774.5,0.3
1808.5,2774.6,0.3
1808.75,2774.6,0.3
1809,2774.7,0.3
1809.25,2774.8,0.3
1809.5,2774.9,0.3
1809.75,2775,0.3
1810,2775,0.3
1810.25,2775.1,0.3
1810.5,2775.2,0.3
1810.75,2775.3,0.3
1811,2775.4,0.3
1811.25,2775.4,0.3
1811.5,2775.5,0.3
1811.75,2775.6,0.3
1812,2775.7,0.3
1812.25,2775.8,0.3
1812.5,2775.8,0.3
1812.75,2775.9,0.3
1813,2776,0.3
1813.25,2776.1,0.3
1813.5,2776.2,0.3
1813.75,2776.2,0.3
1814,2776.3,0.3
1814.25,2776.4,0.3
1814.5,2776.5,0.3
1814.75,2776.5,0.3
1815,2776.6,0.3
1815.25,2776.7,0.3
1815.5,2776.8,0.3
1815.75,2776.9,0.3
1816,2776.9,0.3
1816.25,2777,0.3
1816.5,2777.1,0.3
1816.75,2777.2,0.3
1817,2777.3,0.3
1817.25,2777.3,0.3
1817.5,2777.4,0.3
1817.75,2777.5,0.3
1818,2777.6,0.3
1818.25,2777.7,0.3
1818.5,2777.7,0.3
1818.75,2777.8,0.3
1819,2777.9,0.3
1819.25,2778,0.3
1819.5,2778.1,0.3
1819.75,2778.1,0.3
1820,2778.2,0.3
1820.25,2778.3,0.3
1820.5,2778.4,0.3
1820.75,2778.4,0.3
1821,2778.5,0.3
1821.25,2778.6,0.3
1821.5,2794,61.6
1821.75,2794.1,0.5
1822,2794.2,0.5
1822.25,2794.4,0.5
1822.5,2794.5,0.5
1822.75,2794.6,0.5
1823,2794.7,0.5
1823.25,2794.8,0.5
1823.5,2794.9,0.5
1823.75,2795.1,0.5
1824,2795.2,0.5
1824.25,2795.3,0.5
1824.5,2795.4,0.5
1824.75,2795.5,0.5
1825,2795.7,0.5
1825.25,2795.8,0.5
1825.5,2795.9,0.5
1825.75,2796,0.5
1826,2796.1,0.5
1826.25,2796.3,0.5
1826.5,2796.4,0.5
1826.75,2796.5,0.5
1827,2796.6,0.5
1827.25,2796.7,0.5
1827.5,2796.9,0.5
1827.75,2797,0.5
1828,2797.1,0.5
1828.25,2797.2,0.5
1828.5,2797.3,0.5
1828.75,2797.5,0.5
1829,2797.6,0.5
1829.25,2797.7,0.5
1829.5,2797.8,0.5
1829.75,2797.9,0.5
1830,2798.1,0.5
1830.25,2798.2,0.5
1830.5,2798.3,0.5
1830.75,2798.4,0.5
1831,2798.5,0.5
1831.25,2798.7,0.5
1831.5,2798.8,0.5
1831.75,2798.9,0.5
1832,2799,0.5
1832.25,2799.1,0.5
1832.5,2799.2,0.5
1832.75,2799.4,0.5
1833,2799.5,0.5
1833.25,2799.6,0.5
1833.5,2799.7,0.5
1833.75,2799.8,0.5
1834,2800,0.5
1834.25,2800.1,0.5
1834.5,2800.2,0.5
1834.75,2800.3,0.5
1835,2800.4,0.5
1835.25,2800.6,0.5
1835.5,2800.7,0.5
1835.75,2800.8,0.5
1836,2800.9,0.5
1836.25,2801,0.5
1836.5,2801.2,0.5
1836.75,2801.3,0.5
1837,2801.4,0.5
1837.25,2801.5,0.5
1837.5,2801.7,0.9
1837.75,2802,0.9
1838,2802.2,0.9
1838.25,2802.4,0.9
1838.5,2802.7,0.9
1838.75,2802.9,0.9
1839,2803.2,0.9
1839.25,2803.4,0.9
1839.5,2803.6,0.9
1839.75,2803.9,0.9
1840,2804.1,0.9
1840.25,2804.3,0.9
1840.5,2804.6,0.9
1840.75,2804.8,0.9
1841,2805,0.9
1841.25,2805.3,0.9
1841.5,2805.5,0.9
1841.75,2805.7,0.9
1842,2806,0.9
1842.25,2806.2,0.9
1842.5,2806.4,0.9
1842.75,2806.7,0.9
1843,2806.9,0.9
1843.25,2807.2,0.9
1843.5,2807.4,0.9
1843.75,2807.6,0.9
1844,2807.9,0.9
1844.25,2808.1,0.9
1844.5,2808.3,0.9
1844.75,2808.6,0.9
1845,2808.8,0.9
1845.25,2809,0.9
1845.5,2817.9,35.6
1845.75,2820.2,9.1
1846,2822.5,9.1
1846.25,2824.4,7.8
1846.5,2824.5,0.3
1846.75,2824.6,0.3
1847,2824.7,0.3
1847.25,2824.8,0.3
1847.5,2824.8,0.3
1847.75,2824.9,0.3
1848,2825,0.3
1848.25,2825.1,0.3
1848.5,2825.2,0.3
1848.75,2825.3,0.3
1849,2825.3,0.3
1849.25,2825.4,0.3
1849.5,2825.5,0.3
1849.75,2825.6,0.3
1850,2825.7,0.3
1850.25,2825.8,0.3
1850.5,2825.8,0.3
1850.75,2825.9,0.3
1851,2826,0.3
1851.25,2826.1,0.3
1851.5,2826.2,0.3
1851.75,2826.2,0.3
1852,2826.3,0.3
1852.25,2826.4,0.3
1852.5,2826.5,0.3
1852.75,2826.6,0.3
1853,2826.7,0.3
1853.25,2826.7,0.3
1853.5,2826.8,0.3
1853.75,2826.9,0.3
1854,2827,0.3
1854.25,2827.1,0.3
1854.5,2827.2,0.3
1854.75,2827.2,0.3
1855,2827.3,0.3
1855.25,2827.4,0.3
1855.5,2827.5,0.3
1855.75,2827.6,0.3
1856,2827.7,0.3
1856.25,2827.7,0.3
1856.5,2827.8,0.3
1856.75,2827.9,0.3
1857,2828,0.3
1857.25,2828.1,0.3
1857.5,2828.2,0.3
1857.75,2828.2,0.3
1858,2828.3,0.3
1858.25,2828.4,0.3
1858.5,2828.5,0.3
1858.75,2828.6,0.3
1859,2828.6,0.3
1859.25,2828.7,0.3
1859.5,2828.8,0.3
1859.75,2828.9,0.3
1860,2829,0.3
1860.25,2829.1,0.3
1860.5,2829.1,0.3
1860.75,2829.2,0.3
1861,2829.3,0.3
1861.25,2829.4,0.3
1861.5,2829.5,0.3
1861.75,2829.6,0.3
1862,2829.6,0.3
1862.25,2829.7,0.3
1862.5,2829.8,0.3
1862.75,2829.9,0.3
1863,2830,0.3
1863.25,2830.1,0.3
1863.5,2830.1,0.3
1863.75,2830.2,0.3
1864,2830.3,0.3
1864.25,2830.4,0.3
1864.5,2830.5,0.3
1864.75,2830.6,0.3
1865,2830.6,0.3
1865.25,2830.7,0.3
1865.5,2830.8,0.3
1865.75,2830.9,0.3
1866,2831,0.3
1866.25,2831.1,0.3
1866.5,2831.1,0.3
1866.75,2831.2,0.3
1867,2831.3,0.3
1867.25,2831.4,0.3
1867.5,2831.5,0.3
1867.75,2831.5,0.3
1868,2831.6,0.3
1868.25,2831.7,0.3
1868.5,2831.8,0.3
1868.75,2831.9,0.3
1869,2832,0.3
1869.25,2832,0.3
1869.5,2832.1,0.3
1869.75,2832.2,0.3
1870,2832.3,0.3
1870.25,2832.4,0.3
1870.5,2832.4,0.3
1870.75,2832.5,0.3
1871,2832.6,0.3
1871.25,2832.7,0.3
1871.5,2832.8,0.3
1871.75,2832.8,0.3
1872,2832.9,0.3
1872.25,2833,0.3
1872.5,2833.1,0.3
1872.75,2833.2,0.3
1873,2833.2,0.3
1873.25,2833.3,0.3
1873.5,2833.4,0.3
1873.75,2833.5,0.3
1874,2833.6,0.3
1874.25,2833.6,0.3
1874.5,2833.7,0.3
1874.75,2833.8,0.3
1875,2833.9,0.3
1875.25,2834,0.3
1875.5,2834,0.3
1875.75,2834.1,0.3
1876,2834.2,0.3
1876.25,2834.3,0.3
1876.5,2834.4,0.3
1876.75,2834.4,0.3
1877,2834.5,0.3
1877.25,2834.6,0.3
1877.5,2834.7,0.3
1877.75,2834.8,0.3
1878,2834.8,0.3
1878.25,2834.9,0.3
1878.5,2835,0.3
1878.75,2835.1,0.3
1879,2835.2,0.3
1879.25,2835.2,0.3
1879.5,2835.3,0.3
1879.75,2835.4,0.3
1880,2835.5,0.3
1880.25,2835.6,0.3
1880.5,2835.7,0.3
1880.75,2835.7,0.3
1881,2835.8,0.3
1881.25,2835.9,0.3
1881.5,2836,0.3
1881.75,2836.1,0.3
1882,2836.1,0.3
1882.25,2836.2,0.3
1882.5,2836.3,0.3
1882.75,2836.4,0.3
1883,2836.5,0.3
1883.25,2836.5,0.3
1883.5,2836.6,0.3
1883.75,2836.7,0.3
1884,2836.8,0.3
1884.25,2836.9,0.3
1884.5,2836.9,0.3
1884.75,2837,0.3
1885,2837.1,0.3
1885.25,2837.2,0.3
1885.5,2837.3,0.3
1885.75,2837.3,0.3
1886,2837.4,0.3
1886.25,2837.5,0.3
1886.5,2837.6,0.3
1886.75,2837.7,0.3
1887,2837.7,0.3
1887.25,2837.8,0.3
1887.5,2837.9,0.3
1887.75,2838,0.3
1888,2838.1,0.3
1888.25,2838.1,0.3
1888.5,2838.2,0.3
1888.75,2838.3,0.3
1889,2838.4,0.3
1889.25,2838.5,0.3
1889.5,2838.5,0.3
1889.75,2838.6,0.3
1890,2838.7,0.3
1890.25,2838.8,0.3
1890.5,2838.9,0.3
1890.75,2838.9,0.3
1891,2839,0.3
1891.25,2839.1,0.3
1891.5,2839.2,0.3
1891.75,2839.3,0.3
1892,2839.3,0.3
1892.25,2839.4,0.3
1892.5,2839.5,0.3
1892.75,2839.6,0.3
1893,2839.7,0.3
1893.25,2839.7,0.3
1893.5,2847.6,31.4
1893.75,2847.7,0.3
1894,2847.7,0.3
1894.25,2847.8,0.3
1894.5,2847.9,0.3
1894.75,2848,0.3
1895,2848.1,0.3
1895.25,2848.2,0.3
1895.5,2848.2,0.3
1895.75,2848.3,0.3
1896,2848.4,0.3
1896.25,2848.5,0.3
1896.5,2848.6,0.3
1896.75,2848.7,0.3
1897,2848.7,0.3
1897.25,2848.8,0.3
1897.5,2848.9,0.3
1897.75,2849,0.3
1898,2849.1,0.3
1898.25,2849.2,0.3
1898.5,2849.2,0.3
1898.75,2849.3,0.3
1899,2849.4,0.3
1899.25,2849.5,0.3
1899.5,2849.6,0.3
1899.75,2849.7,0.3
1900,2849.8,0.3
1900.25,2849.8,0.3
1900.5,2849.9,0.3
1900.75,2850,0.3
1901,2850.1,0.3
1901.25,2850.2,0.3
1901.5,2850.3,0.3
1901.75,2850.3,0.3
1902,2850.4,0.3
1902.25,2850.5,0.3
1902.5,2850.6,0.3
1902.75,2850.7,0.3
1903,2850.8,0.3
1903.25,2850.8,0.3
1903.5,2850.9,0.3
1903.75,2851,0.3
1904,2851.1,0.3
1904.25,2851.2,0.3
1904.5,2851.3,0.3
1904.75,2851.3,0.3
1905,2851.4,0.3
1905.25,2851.5,0.3
1905.5,2851.6,0.3
1905.75,2851.7,0.3
1906,2851.8,0.3
1906.25,2851.8,0.3
1906.5,2851.9,0.3
1906.75,2852,0.3
1907,2852.1,0.3
1907.25,2852.2,0.3
1907.5,2852.3,0.3
1907.75,2852.3,0.3
1908,2852.4,0.3
1908.25,2852.5,0.3
1908.5,2852.6,0.3
1908.75,2852.7,0.3
1909,2852.8,0.3
1909.25,2852.8,0.3
1909.5,2852.9,0.3
1909.75,2853,0.3
1910,2853.1,0.3
1910.25,2853.2,0.3
1910.5,2853.3,0.3
1910.75,2853.3,0.3
1911,2853.4,0.3
1911.25,2853.5,0.3
1911.5,2853.6,0.3
1911.75,2853.7,0.3
1912,2853.8,0.3
1912.25,2853.8,0.3
1912.5,2853.9,0.3
1912.75,2854,0.3
1913,2854.1,0.3
1913.25,2854.2,0.3
1913.5,2854.3,0.3
1913.75,2854.3,0.3
1914,2854.4,0.3
1914.25,2854.5,0.3
1914.5,2854.6,0.3
1914.75,2854.7,0.3
1915,2854.8,0.3
1915.25,2854.8,0.3
1915.5,2854.9,0.3
1915.75,2855,0.3
1916,2855.1,0.3
1916.25,2855.2,0.3
1916.5,2856.2,4
1916.75,2858.1,7.6
1917,2860,7.6
1917.25,2861.9,7.6
1917.5,2870.7,35
1917.75,2870.7,0.4
1918,2870.8,0.4
1918.25,2870.9,0.4
1918.5,2871,0.4
1918.75,2871.1,0.4
1919,2871.2,0.4
1919.25,2871.3,0.4
1919.5,2871.4,0.4
1919.75,2871.5,0.4
1920,2871.5,0.4
1920.25,2871.6,0.4
1920.5,2871.7,0.4
1920.75,2871.8,0.4
1921,2871.9,0.4
1921.25,2872,0.4
1921.5,2872.1,0.4
1921.75,2872.2,0.4
1922,2872.3,0.4
1922.25,2872.3,0.4
1922.5,2872.4,0.4
1922.75,2872.5,0.4
1923,2872.6,0.4
1923.25,2872.7,0.4
1923.5,2872.8,0.4
1923.75,2872.9,0.4
1924,2873,0.4
1924.25,2873.1,0.4
1924.5,2873.1,0.4
1924.75,2873.2,0.4
1925,2873.3,0.4
1925.25,2873.4,0.4
1925.5,2873.5,0.4
1925.75,2873.6,0.4
1926,2873.7,0.4
1926.25,2873.8,0.4
1926.5,2873.8,0.4
1926.75,2873.9,0.4
1927,2874,0.4
1927.25,2874.1,0.4
1927.5,2874.2,0.4
1927.75,2874.3,0.4
1928,2874.4,0.4
1928.25,2874.5,0.4
1928.5,2874.6,0.4
1928.75,2874.6,0.4
1929,2874.7,0.4
1929.25,2874.8,0.4
1929.5,2874.9,0.4
1929.75,2875,0.4
1930,2875.1,0.4
1930.25,2875.2,0.4
1930.5,2875.3,0.4
1930.75,2875.4,0.4
1931,2875.4,0.4
1931.25,2875.5,0.4
1931.5,2875.6,0.4
1931.75,2875.7,0.4
1932,2875.8,0.4
1932.25,2875.9,0.4
1932.5,2876,0.4
1932.75,2876.1,0.4
1933,2876.2,0.4
1933.25,2876.2,0.4
1933.5,2876.3,0.4
1933.75,2876.4,0.4
1934,2876.5,0.4
1934.25,2876.6,0.4
1934.5,2876.7,0.4
1934.75,2876.8,0.4
1935,2876.9,0.4
1935.25,2877,0.4
1935.5,2877,0.4
1935.75,2877.1,0.4
1936,2877.2,0.4
1936.25,2877.3,0.4
1936.5,2877.4,0.4
1936.75,2877.5,0.4
1937,2877.6,0.4
1937.25,2877.7,0.4
1937.5,2877.8,0.4
1937.75,2877.8,0.4
1938,2877.9,0.4
1938.25,2878,0.4
1938.5,2878.1,0.4
1938.75,2878.2,0.4
1939,2878.5,1.2
1939.25,2879.3,3.1
1939.5,2880,3.1
1939.75,2880.8,3.1
1940,2881.6,3.1
1940.25,2882.4,3.1
1940.5,2883.1,3.1
1940.75,2883.9,3.1
1941,2884.7,3.1
1941.25,2885.4,3.1
1941.5,2885.9,1.9
1941.75,2886,0.3
1942,2886.1,0.3
1942.25,2886.2,0.3
1942.5,2886.2,0.3
1942.75,2886.3,0.3
1943,2886.4,0.3
1943.25,2886.5,0.3
1943.5,2886.6,0.3
1943.75,2886.6,0.3
1944,2886.7,0.3
1944.25,2886.8,0.3
1944.5,2886.9,0.3
1944.75,2887,0.3
1945,2887,0.3
1945.25,2887.1,0.3
1945.5,2887.2,0.3
1945.75,2887.3,0.3
1946,2887.3,0.3
1946.25,2887.4,0.3
1946.5,2887.5,0.3
1946.75,2887.6,0.3
1947,2887.7,0.3
1947.25,2887.7,0.3
1947.5,2887.8,0.3
1947.75,2887.9,0.3
1948,2888,0.3
1948.25,2888.1,0.3
1948.5,2888.1,0.3
1948.75,2888.2,0.3
1949,2888.3,0.3
1949.25,2888.4,0.3
1949.5,2888.5,0.3
1949.75,2888.5,0.3
1950,2888.6,0.3
1950.25,2888.7,0.3
1950.5,2888.8,0.3
1950.75,2888.8,0.3
1951,2888.9,0.3
1951.25,2889,0.3
1951.5,2889.1,0.3
1951.75,2889.2,0.3
1952,2889.2,0.3
1952.25,2889.3,0.3
1952.5,2889.4,0.3
1952.75,2889.5,0.3
1953,2889.6,0.3
1953.25,2889.6,0.3
1953.5,2889.7,0.3
1953.75,2889.8,0.3
1954,2889.9,0.3
1954.25,2890,0.3
1954.5,2890,0.3
1954.75,2890.1,0.3
1955,2890.2,0.3
1955.25,2890.3,0.3
1955.5,2890.4,0.3
1955.75,2890.4,0.3
1956,2890.5,0.3
1956.25,2890.6,0.3
1956.5,2890.7,0.3
1956.75,2890.7,0.3
1957,2890.8,0.3
1957.25,2890.9,0.3
1957.5,2891,0.3
1957.75,2891.1,0.3
1958,2891.1,0.3
1958.25,2891.2,0.3
1958.5,2891.3,0.3
1958.75,2891.4,0.3
1959,2891.5,0.3
1959.25,2891.5,0.3
1959.5,2891.6,0.3
1959.75,2891.7,0.3
1960,2891.8,0.3
1960.25,2891.9,0.3
1960.5,2891.9,0.3
1960.75,2892,0.3
1961,2892.1,0.3
1961.25,2892.2,0.3
1961.5,2892.3,0.3
1961.75,2892.3,0.3
1962,2892.4,0.3
1962.25,2892.5,0.3
1962.5,2892.6,0.3
1962.75,2892.6,0.3
1963,2892.7,0.3
1963.25,2892.8,0.3
1963.5,2892.9,0.3
1963.75,2893,0.3
1964,2893,0.3
1964.25,2893.1,0.3
1964.5,2893.2,0.3
1964.75,2893.3,0.3
1965,2893.4,0.3
1965.25,2893.4,0.3
1965.5,2893.7,1.1
1965.75,2894.3,2.2
1966,2894.8,2.2
1966.25,2895.4,2.2
1966.5,2895.9,2.2
1966.75,2896.4,2.2
1967,2897,2.2
1967.25,2897.5,2.2
1967.5,2898.1,2.2
1967.75,2898.6,2.2
1968,2899.2,2.2
1968.25,2899.7,2.2
1968.5,2900.3,2.2
1968.75,2900.8,2.2
1969,2901.4,2.3
1969.25,2902,2.5
1969.5,2902.6,2.5
1969.75,2903.3,2.5
1970,2903.9,2.5
1970.25,2904.5,2.5
1970.5,2905.1,2.5
1970.75,2905.7,2.5
1971,2906.4,2.5
1971.25,2907,2.5
1971.5,2907.6,2.5
1971.75,2908.2,2.5
1972,2908.7,1.8
1972.25,2908.8,0.4
1972.5,2908.9,0.4
1972.75,2909,0.4
1973,2909.1,0.4
1973.25,2909.2,0.4
1973.5,2909.3,0.4
1973.75,2909.4,0.4
1974,2909.5,0.4
1974.25,2909.7,0.4
1974.5,2909.8,0.4
1974.75,2909.9,0.4
1975,2910,0.4
1975.25,2910.1,0.4
1975.5,2910.2,0.4
1975.75,2910.3,0.4
1976,2910.4,0.4
1976.25,2910.5,0.4
1976.5,2910.6,0.4
1976.75,2910.7,0.4
1977,2910.9,0.4
1977.25,2911,0.4
1977.5,2911.1,0.4
1977.75,2911.2,0.4
1978,2911.3,0.4
1978.25,2911.4,0.4
1978.5,2911.5,0.4
1978.75,2911.6,0.4
1979,2911.7,0.4
1979.25,2911.8,0.4
1979.5,2912,0.4
1979.75,2912.1,0.4
1980,2912.2,0.4
1980.25,2912.3,0.4
1980.5,2912.4,0.4
1980.75,2912.5,0.4
1981,2912.6,0.4
1981.25,2912.7,0.4
1981.5,2912.8,0.4
1981.75,2912.9,0.4
1982,2913,0.4
1982.25,2913.2,0.4
1982.5,2913.3,0.4
1982.75,2913.4,0.4
1983,2913.5,0.4
1983.25,2913.6,0.4
1983.5,2913.7,0.4
1983.75,2913.8,0.4
1984,2913.9,0.4
1984.25,2914,0.4
1984.5,2914.1,0.4
1984.75,2914.2,0.4
1985,2914.4,0.4
1985.25,2914.5,0.4
1985.5,2914.6,0.4
1985.75,2914.7,0.4
1986,2914.8,0.4
1986.25,2914.9,0.4
1986.5,2915,0.4
1986.75,2915.1,0.4
1987,2915.2,0.4
1987.25,2915.3,0.4
1987.5,2915.4,0.4
1987.75,2915.6,0.4
1988,2915.7,0.4
1988.25,2915.8,0.4
1988.5,2915.9,0.4
1988.75,2916,0.4
1989,2916.1,0.4
1989.25,2916.2,0.4
1989.5,2931.7,61.8
1989.75,2931.8,0.4
1990,2931.9,0.4
1990.25,2932,0.4
1990.5,2932.1,0.4
1990.75,2932.2,0.4
1991,2932.3,0.4
1991.25,2932.3,0.4
1991.5,2932.4,0.4
1991.75,2932.5,0.4
1992,2932.6,0.4
1992.25,2932.7,0.4
1992.5,2932.8,0.4
1992.75,2932.9,0.4
1993,2933,0.4
1993.25,2933.1,0.4
1993.5,2933.2,0.4
1993.75,2933.3,0.4
1994,2933.4,0.4
1994.25,2933.5,0.4
1994.5,2933.6,0.4
1994.75,2933.7,0.4
1995,2933.8,0.4
1995.25,2933.9,0.4
1995.5,2934,0.4
1995.75,2934.1,0.4
1996,2934.2,0.4
1996.25,2934.3,0.4
1996.5,2934.4,0.4
1996.75,2934.5,0.4
1997,2934.6,0.4
1997.25,2934.7,0.4
1997.5,2934.8,0.4
1997.75,2934.9,0.4
1998,2935,0.4
1998.25,2935.1,0.4
1998.5,2935.1,0.4
1998.75,2935.2,0.4
1999,2935.3,0.4
1999.25,2935.4,0.4
1999.5,2935.5,0.4
1999.75,2935.6,0.4
2000,2935.7,0.4
2000.25,2935.8,0.4
2000.5,2935.9,0.4
2000.75,2936,0.4
2001,2936.1,0.4
2001.25,2936.2,0.4
2001.5,2936.3,0.4
2001.75,2936.4,0.4
2002,2936.5,0.4
2002.25,2936.6,0.4
2002.5,2936.7,0.4
2002.75,2936.8,0.4
2003,2936.9,0.4
2003.25,2937,0.4
2003.5,2937.1,0.4
2003.75,2937.2,0.4
2004,2937.3,0.4
2004.25,2937.4,0.4
2004.5,2937.5,0.4
2004.75,2937.6,0.4
2005,2937.7,0.4
2005.25,2937.8,0.4
2005.5,2937.8,0.4
2005.75,2937.9,0.4
2006,2938,0.4
2006.25,2938.1,0.4
2006.5,2938.2,0.4
2006.75,2938.3,0.4
2007,2938.4,0.4
2007.25,2938.5,0.4
2007.5,2938.6,0.4
2007.75,2938.7,0.4
2008,2938.8,0.4
2008.25,2938.9,0.4
2008.5,2939,0.4
2008.75,2939.1,0.4
2009,2939.2,0.4
2009.25,2939.4,0.6
2009.5,2939.8,1.9
2009.75,2940.3,1.9
2010,2940.7,1.9
2010.25,2941.2,1.9
2010.5,2941.7,1.9
2010.75,2942.1,1.9
2011,2942.6,1.9
2011.25,2943.1,1.9
2011.5,2943.5,1.9
2011.75,2944,1.9
2012,2944.4,1.9
2012.25,2944.9,1.9
2012.5,2945.4,1.9
2012.75,2945.8,1.9
2013,2946.3,1.9
2013.25,2946.8,1.9
2013.5,2962.4,62.5
2013.75,2962.5,0.4
2014,2962.6,0.4
2014.25,2962.7,0.4
2014.5,2962.8,0.4
2014.75,2962.9,0.4
2015,2963,0.4
2015.25,2963.1,0.4
2015.5,2963.2,0.4
2015.75,2963.3,0.4
2016,2963.4,0.4
2016.25,2963.5,0.4
2016.5,2963.6,0.4
2016.75,2963.7,0.4
2017,2963.8,0.4
2017.25,2963.9,0.4
2017.5,2964,0.4
2017.75,2964.1,0.4
2018,2964.2,0.4
2018.25,2964.3,0.4
2018.5,2964.4,0.4
2018.75,2964.5,0.4
2019,2964.6,0.4
2019.25,2964.7,0.4
2019.5,2964.8,0.4
2019.75,2964.9,0.4
2020,2965,0.4
2020.25,2965.1,0.4
2020.5,2965.1,0.4
2020.75,2965.2,0.4
2021,2965.3,0.4
2021.25,2965.4,0.4
2021.5,2965.5,0.4
2021.75,2965.6,0.4
2022,2965.7,0.4
2022.25,2965.8,0.4
2022.5,2965.9,0.4
2022.75,2966,0.4
2023,2966.1,0.4
2023.25,2966.2,0.4
2023.5,2966.3,0.4
2023.75,2966.4,0.4
2024,2966.5,0.4
2024.25,2966.6,0.4
2024.5,2966.7,0.4
2024.75,2966.8,0.4
2025,2966.9,0.4
2025.25,2967,0.4
2025.5,2967.1,0.4
2025.75,2967.2,0.4
2026,2967.3,0.4
2026.25,2967.4,0.4
2026.5,2967.5,0.4
2026.75,2967.6,0.4
2027,2967.7,0.4
2027.25,2967.8,0.4
2027.5,2967.9,0.4
2027.75,2968,0.4
2028,2968.1,0.4
2028.25,2968.2,0.4
2028.5,2968.3,0.4
2028.75,2968.4,0.4
2029,2968.5,0.4
2029.25,2968.6,0.4
2029.5,2968.7,0.4
2029.75,2968.8,0.4
2030,2968.9,0.4
2030.25,2969,0.4
2030.5,2969.1,0.4
2030.75,2969.2,0.4
2031,2969.3,0.4
2031.25,2969.4,0.4
2031.5,2969.5,0.4
2031.75,2969.6,0.4
2032,2969.7,0.4
2032.25,2969.8,0.4
2032.5,2969.9,0.4
2032.75,2970,0.4
2033,2970.3,1.4
2033.25,2970.7,1.7
2033.5,2971.2,1.7
2033.75,2971.6,1.7
2034,2972,1.7
2034.25,2972.4,1.7
2034.5,2972.9,1.7
2034.75,2973.3,1.7
2035,2973.7,1.7
2035.25,2974.1,1.7
2035.5,2974.5,1.7
2035.75,2975,1.7
2036,2975.4,1.7
2036.25,2975.8,1.7
2036.5,2976.2,1.7
2036.75,2976.6,1.7
2037,2977.1,1.7
2037.25,2977.5,1.7
2037.5,2993.1,62.4
2037.75,2993.2,0.5
2038,2993.3,0.5
2038.25,2993.4,0.5
2038.5,2993.6,0.5
2038.75,2993.7,0.5
2039,2993.8,0.5
2039.25,2993.9,0.5
2039.5,2994,0.5
2039.75,2994.1,0.5
2040,2994.2,0.5
2040.25,2994.4,0.5
2040.5,2994.5,0.5
2040.75,2994.6,0.5
2041,2994.7,0.5
2041.25,2994.8,0.5
2041.5,2994.9,0.5
2041.75,2995,0.5
2042,2995.1,0.5
2042.25,2995.3,0.5
2042.5,2995.4,0.5
2042.75,2995.5,0.5
2043,2995.6,0.5
2043.25,2995.7,0.5
2043.5,2995.8,0.5
2043.75,2995.9,0.5
2044,2996.1,0.5
2044.25,2996.2,0.5
2044.5,2996.3,0.5
2044.75,2996.4,0.5
2045,2996.5,0.5
2045.25,2996.6,0.5
2045.5,2996.7,0.5
2045.75,2996.9,0.5
2046,2997,0.5
2046.25,2997.1,0.5
2046.5,2997.2,0.5
2046.75,2997.3,0.5
2047,2997.4,0.5
2047.25,2997.5,0.5
2047.5,2997.7,0.5
2047.75,2997.8,0.5
2048,2997.9,0.5
2048.25,2998,0.5
2048.5,2998.1,0.5
2048.75,2998.2,0.5
2049,2998.3,0.5
2049.25,2998.5,0.5
2049.5,2998.6,0.5
2049.75,2998.7,0.5
2050,2998.8,0.5
2050.25,2998.9,0.5
2050.5,2999,0.5
2050.75,2999.1,0.5
2051,2999.3,0.5
2051.25,2999.4,0.5
2051.5,2999.5,0.5
2051.75,2999.6,0.5
2052,2999.7,0.5
2052.25,2999.8,0.5
2052.5,2999.9,0.5
2052.75,3000.1,0.5
2053,3000.2,0.5
2053.25,3000.3,0.5
2053.5,3000.4,0.5
2053.75,3000.5,0.5
2054,3000.6,0.5
2054.25,3000.8,0.7
2054.5,3001.1,1.1
2054.75,3001.3,1.1
2055,3001.6,1.1
2055.25,3001.9,1.1
2055.5,3002.1,1.1
2055.75,3002.4,1.1
2056,3002.7,1.1
2056.25,3002.9,1.1
2056.5,3003.2,1.1
2056.75,3003.5,1.1
2057,3003.7,1.1
2057.25,3004,1.1
2057.5,3004.3,1.1
2057.75,3004.5,1.1
2058,3004.8,1.1
2058.25,3005.1,1.1
2058.5,3005.3,1.1
2058.75,3005.6,1.1
2059,3005.9,1.1
2059.25,3006.1,1.1
2059.5,3006.4,1.1
2059.75,3006.7,1.1
2060,3006.9,1.1
2060.25,3007.2,1.1
2060.5,3007.5,1.1
2060.75,3007.7,1.1
2061,3008,1.1
2061.25,3008.3,1.1
2061.5,3023.9,62.4
2061.75,3024,0.7
2062,3024.2,0.7
2062.25,3024.4,0.7
2062.5,3024.6,0.7
2062.75,3024.8,0.7
2063,3025,0.7
2063.25,3025.2,0.7
2063.5,3025.3,0.7
2063.75,3025.5,0.7
2064,3025.7,0.7
2064.25,3025.9,0.7
2064.5,3026.1,0.7
2064.75,3026.3,0.7
2065,3026.4,0.7
2065.25,3026.6,0.7
2065.5,3026.8,0.7
2065.75,3027,0.7
2066,3027.2,0.7
2066.25,3027.4,0.7
2066.5,3027.6,0.7
2066.75,3027.7,0.7
2067,3027.9,0.7
2067.25,3028.1,0.7
2067.5,3028.3,0.7
2067.75,3028.5,0.7
2068,3028.7,0.7
2068.25,3028.8,0.7
2068.5,3029,0.7
2068.75,3029.2,0.7
2069,3029.4,0.7
2069.25,3029.6,0.7
2069.5,3029.8,0.7
2069.75,3029.9,0.7
2070,3030.1,0.7
2070.25,3030.3,0.7
2070.5,3030.5,0.7
2070.75,3030.7,0.7
2071,3030.9,0.7
2071.25,3031.1,0.7
2071.5,3031.2,0.7
2071.75,3031.4,0.7
2072,3031.6,0.6
2072.25,3031.7,0.6
2072.5,3031.9,0.6
2072.75,3032,0.6
2073,3032.1,0.6
2073.25,3032.3,0.6
2073.5,3032.4,0.6
2073.75,3032.6,0.6
2074,3032.7,0.6
2074.25,3032.9,0.6
2074.5,3033,0.6
2074.75,3033.2,0.6
2075,3033.3,0.6
2075.25,3033.5,0.6
2075.5,3033.6,0.6
2075.75,3033.8,0.6
2076,3033.9,0.6
2076.25,3034,0.6
2076.5,3034.2,0.6
2076.75,3034.3,0.6
2077,3034.5,0.6
2077.25,3034.6,0.6
2077.5,3034.8,0.6
2077.75,3034.9,0.6
2078,3035.1,0.6
2078.25,3035.2,0.6
2078.5,3035.4,0.6
2078.75,3035.5,0.6
2079,3035.6,0.6
2079.25,3035.8,0.6
2079.5,3035.9,0.6
2079.75,3036.1,0.6
2080,3036.2,0.6
2080.25,3036.4,0.6
2080.5,3036.5,0.6
2080.75,3036.7,0.6
2081,3036.8,0.6
2081.25,3037,0.6
2081.5,3037.1,0.6
2081.75,3037.3,0.6
2082,3037.4,0.6
2082.25,3037.5,0.6
2082.5,3037.7,0.6
2082.75,3037.8,0.6
2083,3038,0.6
2083.25,3038.1,0.6
2083.5,3038.3,0.6
2083.75,3038.4,0.6
2084,3038.6,0.6
2084.25,3038.7,0.6
2084.5,3038.9,0.6
2084.75,3039,0.6
2085,3041.7,10.9
2085.25,3045.3,14.3
2085.5,3062.2,67.5
2085.75,3062.3,0.4
2086,3062.4,0.4
2086.25,3062.5,0.4
2086.5,3062.6,0.4
2086.75,3062.7,0.4
2087,3062.8,0.4
2087.25,3062.9,0.4
2087.5,3063,0.4
2087.75,3063.1,0.4
2088,3063.2,0.4
2088.25,3063.3,0.4
2088.5,3063.4,0.4
2088.75,3063.5,0.4
2089,3063.6,0.4
2089.25,3063.7,0.4
2089.5,3063.8,0.4
2089.75,3063.9,0.4
2090,3064,0.4
2090.25,3064.1,0.4
2090.5,3064.2,0.4
2090.75,3064.3,0.4
2091,3064.4,0.4
2091.25,3064.5,0.4
2091.5,3064.6,0.4
2091.75,3064.7,0.4
2092,3064.8,0.4
2092.25,3064.9,0.4
2092.5,3065,0.4
2092.75,3065.1,0.4
2093,3065.2,0.4
2093.25,3065.3,0.4
2093.5,3065.4,0.4
2093.75,3065.5,0.4
2094,3065.6,0.4
2094.25,3065.7,0.4
2094.5,3065.8,0.4
2094.75,3065.9,0.4
2095,3066,0.4
2095.25,3066.1,0.4
2095.5,3066.2,0.4
2095.75,3066.3,0.4
2096,3066.4,0.4
2096.25,3066.5,0.4
2096.5,3066.6,0.4
2096.75,3066.7,0.4
2097,3066.8,0.4
2097.25,3066.9,0.4
2097.5,3067,0.4
2097.75,3067.1,0.4
2098,3067.2,0.4
2098.25,3067.3,0.4
2098.5,3067.4,0.4
2098.75,3067.5,0.4
2099,3067.6,0.4
2099.25,3067.7,0.4
2099.5,3067.8,0.4
2099.75,3067.9,0.4
2100,3068,0.4
2100.25,3068.1,0.4
2100.5,3068.2,0.4
2100.75,3068.3,0.4
2101,3068.4,0.4
2101.25,3068.5,0.4
2101.5,3068.6,0.4
2101.75,3068.7,0.4
2102,3068.9,0.4
2102.25,3069,0.4
2102.5,3069.1,0.4
2102.75,3069.2,0.4
2103,3069.3,0.4
2103.25,3069.4,0.4
2103.5,3069.5,0.4
2103.75,3069.6,0.4
2104,3069.7,0.4
2104.25,3069.8,0.7
2104.5,3070.2,1.5
2104.75,3070.6,1.5
2105,3070.9,1.5
2105.25,3071.3,1.5
2105.5,3071.7,1.5
2105.75,3072,1.5
2106,3072.4,1.5
2106.25,3072.8,1.5
2106.5,3073.1,1.5
2106.75,3073.5,1.5
2107,3073.9,1.5
2107.25,3074.2,1.5
2107.5,3074.6,1.5
2107.75,3075,1.5
2108,3075.4,1.5
2108.25,3075.7,1.5
2108.5,3076.1,1.5
2108.75,3076.5,1.5
2109,3076.8,1.5
2109.25,3077.2,1.5
2109.5,3092.7,62
2109.75,3092.9,0.7
2110,3093,0.7
2110.25,3093.2,0.7
2110.5,3093.4,0.7
2110.75,3093.5,0.7
2111,3093.7,0.7
2111.25,3093.9,0.7
2111.5,3094,0.7
2111.75,3094.2,0.7
2112,3094.4,0.7
2112.25,3094.6,0.7
2112.5,3094.7,0.7
2112.75,3094.9,0.7
2113,3095.1,0.7
2113.25,3095.2,0.7
2113.5,3095.4,0.7
2113.75,3095.6,0.7
2114,3095.7,0.7
2114.25,3095.9,0.7
2114.5,3096.1,0.7
2114.75,3096.2,0.7
2115,3096.4,0.7
2115.25,3096.6,0.7
2115.5,3096.7,0.7
2115.75,3096.9,0.7
2116,3097.1,0.7
2116.25,3097.2,0.7
2116.5,3097.4,0.7
2116.75,3097.6,0.7
2117,3097.8,0.7
2117.25,3097.9,0.7
2117.5,3098.1,0.7
2117.75,3098.3,0.7
2118,3098.4,0.7
2118.25,3098.6,0.7
2118.5,3098.8,0.7
2118.75,3098.9,0.7
2119,3099.1,0.7
2119.25,3099.3,0.7
2119.5,3099.4,0.7
2119.75,3099.6,0.7
2120,3099.8,0.7
2120.25,3099.9,0.7
2120.5,3100.1,0.7
2120.75,3100.3,0.6
2121,3100.4,0.6
2121.25,3100.6,0.6
2121.5,3100.7,0.6
2121.75,3100.9,0.6
2122,3101,0.6
2122.25,3101.2,0.6
2122.5,3101.3,0.6
2122.75,3101.5,0.6
2123,3101.6,0.6
2123.25,3101.7,0.6
2123.5,3101.9,0.6
2123.75,3102,0.6
2124,3102.2,0.6
2124.25,3102.3,0.6
2124.5,3102.5,0.6
2124.75,3102.6,0.6
2125,3102.8,0.6
2125.25,3102.9,0.6
2125.5,3103.1,0.6
2125.75,3103.2,0.6
2126,3103.4,0.6
2126.25,3103.5,0.6
2126.5,3103.7,0.6
2126.75,3103.8,0.6
2127,3104,0.6
2127.25,3104.1,0.6
2127.5,3104.3,0.6
2127.75,3104.4,0.6
2128,3104.6,0.6
2128.25,3104.7,0.6
2128.5,3104.9,0.6
2128.75,3105,0.6
2129,3105.2,0.6
2129.25,3105.3,0.6
2129.5,3105.5,0.6
2129.75,3105.6,0.6
2130,3105.8,0.6
2130.25,3105.9,0.6
2130.5,3106,0.6
2130.75,3106.2,0.6
2131,3106.3,0.6
2131.25,3106.5,0.6
2131.5,3106.6,0.6
2131.75,3106.8,0.6
2132,3106.9,0.6
2132.25,3107.1,0.6
2132.5,3107.2,0.6
2132.75,3107.4,0.6
2133,3107.5,0.6
2133.25,3107.7,0.6
2133.5,3123,61.4
2133.75,3123.1,0.4
2134,3123.2,0.4
2134.25,3123.3,0.4
2134.5,3123.4,0.4
2134.75,3123.5,0.4
2135,3123.6,0.4
2135.25,3123.7,0.4
2135.5,3123.8,0.4
2135.75,3123.9,0.4
2136,3124,0.4
2136.25,3124.1,0.4
2136.5,3124.2,0.4
2136.75,3124.3,0.4
2137,3124.4,0.4
2137.25,3124.5,0.4
2137.5,3124.6,0.4
2137.75,3124.7,0.4
2138,3124.8,0.4
2138.25,3124.8,0.4
2138.5,3124.9,0.4
2138.75,3125,0.4
2139,3125.1,0.4
2139.25,3125.2,0.4
2139.5,3125.3,0.4
2139.75,3125.4,0.4
2140,3125.5,0.4
2140.25,3125.6,0.4
2140.5,3125.7,0.4
2140.75,3125.8,0.4
2141,3125.9,0.4
2141.25,3126,0.4
2141.5,3126.1,0.4
2141.75,3126.2,0.4
2142,3126.3,0.4
2142.25,3126.4,0.4
2142.5,3126.5,0.4
2142.75,3126.6,0.4
2143,3126.7,0.4
2143.25,3126.7,0.4
2143.5,3126.8,0.4
2143.75,3126.9,0.4
2144,3127,0.4
2144.25,3127.1,0.4
2144.5,3127.2,0.4
2144.75,3127.3,0.4
2145,3127.4,0.4
2145.25,3127.5,0.4
2145.5,3127.6,0.4
2145.75,3127.7,0.4
2146,3127.8,0.4
2146.25,3127.9,0.4
2146.5,3128,0.4
2146.75,3128.1,0.4
2147,3128.2,0.4
2147.25,3128.3,0.4
2147.5,3128.4,0.4
2147.75,3128.5,0.4
2148,3128.6,0.4
2148.25,3128.7,0.4
2148.5,3128.7,0.4
2148.75,3128.8,0.4
2149,3128.9,0.4
2149.25,3129,0.4
2149.5,3129.1,0.4
2149.75,3129.2,0.4
2150,3129.3,0.4
2150.25,3129.4,0.4
2150.5,3129.5,0.4
2150.75,3129.6,0.4
2151,3129.7,0.4
2151.25,3129.8,0.4
2151.5,3129.9,0.4
2151.75,3130,0.4
2152,3130.1,0.4
2152.25,3130.2,0.4
2152.5,3130.3,0.4
2152.75,3130.4,0.4
2153,3130.5,0.4
2153.25,3130.6,0.4
2153.5,3130.8,1.1
2153.75,3131.3,1.9
2154,3131.8,1.9
2154.25,3132.3,1.9
2154.5,3132.7,1.9
2154.75,3133.2,1.9
2155,3133.7,1.9
2155.25,3134.2,1.9
2155.5,3134.7,1.9
2155.75,3135.2,1.9
2156,3135.6,1.9
2156.25,3136.1,1.9
2156.5,3136.6,1.9
2156.75,3137.1,1.9
2157,3137.6,1.9
2157.25,3138,1.9
2157.5,3153.6,62.2
2157.75,3153.7,0.3
2158,3153.8,0.3
2158.25,3153.8,0.3
2158.5,3153.9,0.3
2158.75,3154,0.3
2159,3154.1,0.3
2159.25,3154.1,0.3
2159.5,3154.2,0.3
2159.75,3154.3,0.3
2160,3154.4,0.3
2160.25,3154.5,0.3
2160.5,3154.5,0.3
2160.75,3154.6,0.3
2161,3154.7,0.3
2161.25,3154.8,0.3
2161.5,3154.9,0.3
2161.75,3154.9,0.3
2162,3155,0.3
2162.25,3155.1,0.3
2162.5,3155.2,0.3
2162.75,3155.3,0.3
2163,3155.3,0.3
2163.25,3155.4,0.3
2163.5,3155.5,0.3
2163.75,3155.6,0.3
2164,3155.7,0.3
2164.25,3155.7,0.3
2164.5,3155.8,0.3
2164.75,3155.9,0.3
2165,3156,0.3
2165.25,3156.1,0.3
2165.5,3156.1,0.3
2165.75,3156.2,0.3
2166,3156.3,0.3
2166.25,3156.4,0.3
2166.5,3156.5,0.3
2166.75,3156.5,0.3
2167,3156.6,0.3
2167.25,3156.7,0.3
2167.5,3156.8,0.3
2167.75,3156.9,0.3
2168,3156.9,0.3
2168.25,3157,0.3
2168.5,3157.1,0.3
2168.75,3157.2,0.3
2169,3157.2,0.3
2169.25,3157.3,0.3
2169.5,3157.4,0.3
2169.75,3157.5,0.3
2170,3157.6,0.3
2170.25,3157.6,0.3
2170.5,3157.7,0.3
2170.75,3157.8,0.3
2171,3157.9,0.3
2171.25,3158,0.3
2171.5,3158,0.3
2171.75,3158.1,0.3
2172,3158.2,0.3
2172.25,3158.3,0.3
2172.5,3158.4,0.3
2172.75,3158.4,0.3
2173,3158.5,0.3
2173.25,3158.6,0.3
2173.5,3158.7,0.3
2173.75,3158.8,0.3
2174,3158.8,0.3
2174.25,3158.9,0.3
2174.5,3159,0.3
2174.75,3159.1,0.3
2175,3159.2,0.3
2175.25,3159.2,0.3
2175.5,3159.3,0.3
2175.75,3159.4,0.3
2176,3159.5,0.3
2176.25,3159.6,0.3
2176.5,3159.6,0.3
2176.75,3159.7,0.3
2177,3159.8,0.3
2177.25,3159.9,0.3
2177.5,3159.9,0.3
2177.75,3160,0.3
2178,3160.1,0.3
2178.25,3160.2,0.3
2178.5,3160.3,0.3
2178.75,3160.3,0.3
2179,3160.4,0.3
2179.25,3160.5,0.3
2179.5,3160.6,0.3
2179.75,3160.7,0.3
2180,3160.7,0.3
2180.25,3160.8,0.3
2180.5,3160.9,0.3
2180.75,3161,0.3
2181,3161.1,0.3
2181.25,3161.1,0.3
2181.5,3168.9,31
2181.75,3169,0.3
2182,3169.1,0.3
2182.25,3169.1,0.3
2182.5,3169.2,0.3
2182.75,3169.3,0.3
2183,3169.4,0.3
2183.25,3169.5,0.3
2183.5,3169.5,0.3
2183.75,3169.6,0.3
2184,3169.7,0.3
2184.25,3169.8,0.3
2184.5,3169.9,0.3
2184.75,3169.9,0.3
2185,3170,0.3
2185.25,3170.1,0.3
2185.5,3170.2,0.3
2185.75,3170.2,0.3
2186,3170.3,0.3
2186.25,3170.4,0.3
2186.5,3170.5,0.3
2186.75,3170.6,0.3
2187,3170.6,0.3
2187.25,3170.7,0.3
2187.5,3170.8,0.3
2187.75,3170.9,0.3
2188,3171,0.3
2188.25,3171,0.3
2188.5,3171.1,0.3
2188.75,3171.2,0.3
2189,3171.3,0.3
2189.25,3171.4,0.3
2189.5,3171.4,0.3
2189.75,3171.5,0.3
2190,3171.6,0.3
2190.25,3171.7,0.3
2190.5,3171.8,0.3
2190.75,3171.8,0.3
2191,3171.9,0.3
2191.25,3172,0.3
2191.5,3172.1,0.3
2191.75,3172.1,0.3
2192,3172.2,0.3
2192.25,3172.3,0.3
2192.5,3172.4,0.3
2192.75,3172.5,0.3
2193,3172.5,0.3
2193.25,3172.6,0.3
2193.5,3172.7,0.3
2193.75,3172.8,0.3
2194,3172.9,0.3
2194.25,3172.9,0.3
2194.5,3173,0.3
2194.75,3173.1,0.3
2195,3173.2,0.3
2195.25,3173.3,0.3
2195.5,3173.3,0.3
2195.75,3173.4,0.3
2196,3173.5,0.3
2196.25,3173.6,0.3
2196.5,3173.7,0.3
2196.75,3173.7,0.3
2197,3173.8,0.3
2197.25,3173.9,0.3
2197.5,3174,0.3
2197.75,3174.1,0.3
2198,3174.1,0.3
2198.25,3174.2,0.3
2198.5,3174.3,0.3
2198.75,3174.4,0.3
2199,3174.4,0.3
2199.25,3174.5,0.3
2199.5,3174.6,0.3
2199.75,3174.7,0.3
2200,3174.8,0.3
2200.25,3174.8,0.3
2200.5,3174.9,0.3
2200.75,3175,0.3
2201,3175.1,0.3
2201.25,3175.2,0.3
2201.5,3175.2,0.3
2201.75,3175.3,0.3
2202,3175.4,0.3
2202.25,3175.5,0.3
2202.5,3175.6,0.3
2202.75,3175.6,0.3
2203,3175.7,0.3
2203.25,3175.8,0.3
2203.5,3175.9,0.3
2203.75,3176,0.3
2204,3176,0.3
2204.25,3176.1,0.3
2204.5,3176.2,0.3
2204.75,3176.3,0.3
2205,3176.3,0.3
2205.25,3176.4,0.3
2205.5,3191.8,61.6
2205.75,3191.9,0.3
2206,3192,0.3
2206.25,3192.1,0.3
2206.5,3192.1,0.3
2206.75,3192.2,0.3
2207,3192.3,0.3
2207.25,3192.4,0.3
2207.5,3192.5,0.3
2207.75,3192.5,0.3
2208,3192.6,0.3
2208.25,3192.7,0.3
2208.5,3192.8,0.3
2208.75,3192.9,0.3
2209,3192.9,0.3
2209.25,3193,0.3
2209.5,3193.1,0.3
2209.75,3193.2,0.3
2210,3193.2,0.3
2210.25,3193.3,0.3
2210.5,3193.4,0.3
2210.75,3193.5,0.3
2211,3193.6,0.3
2211.25,3193.6,0.3
2211.5,3193.7,0.3
2211.75,3193.8,0.3
2212,3193.9,0.3
2212.25,3194,0.3
2212.5,3194,0.3
2212.75,3194.1,0.3
2213,3194.2,0.3
2213.25,3194.3,0.3
2213.5,3194.3,0.3
2213.75,3194.4,0.3
2214,3194.5,0.3
2214.25,3194.6,0.3
2214.5,3194.7,0.3
2214.75,3194.7,0.3
2215,3194.8,0.3
2215.25,3194.9,0.3
2215.5,3195,0.3
2215.75,3195.1,0.3
2216,3195.1,0.3
2216.25,3195.2,0.3
2216.5,3195.3,0.3
2216.75,3195.4,0.3
2217,3195.5,0.3
2217.25,3195.5,0.3
2217.5,3195.6,0.3
2217.75,3195.7,0.3
2218,3195.8,0.3
2218.25,3195.8,0.3
2218.5,3195.9,0.3
2218.75,3196,0.3
2219,3196.1,0.3
2219.25,3196.2,0.3
2219.5,3196.2,0.3
2219.75,3196.3,0.3
2220,3196.4,0.3
2220.25,3196.5,0.3
2220.5,3196.6,0.3
2220.75,3196.6,0.3
2221,3196.7,0.3
2221.25,3196.8,0.3
2221.5,3196.9,0.3
2221.75,3196.9,0.3
2222,3197,0.3
2222.25,3197.1,0.3
2222.5,3197.2,0.3
2222.75,3197.3,0.3
2223,3197.3,0.3
2223.25,3197.4,0.3
2223.5,3197.5,0.3
2223.75,3197.6,0.3
2224,3197.7,0.3
2224.25,3197.7,0.3
2224.5,3197.8,0.3
2224.75,3197.9,0.3
2225,3198,0.3
2225.25,3198.1,0.3
2225.5,3198.1,0.3
2225.75,3198.2,0.3
2226,3198.3,0.3
2226.25,3198.4,0.3
2226.5,3198.4,0.3
2226.75,3198.5,0.3
2227,3198.6,0.3
2227.25,3198.7,0.3
2227.5,3198.8,0.3
2227.75,3198.8,0.3
2228,3198.9,0.3
2228.25,3199,0.3
2228.5,3199.1,0.3
2228.75,3199.2,0.3
2229,3199.2,0.3
2229.25,3199.3,0.3
2229.5,3207,30.8
2229.75,3207.1,0.3
2230,3207.2,0.3
2230.25,3207.2,0.3
2230.5,3207.3,0.3
2230.75,3207.4,0.3
2231,3207.5,0.3
2231.25,3207.6,0.3
2231.5,3207.6,0.3
2231.75,3207.7,0.3
2232,3207.8,0.3
2232.25,3207.9,0.3
2232.5,3208,0.3
2232.75,3208,0.3
2233,3208.1,0.3
2233.25,3208.2,0.3
2233.5,3208.3,0.3
2233.75,3208.4,0.3
2234,3208.4,0.3
2234.25,3208.5,0.3
2234.5,3208.6,0.3
2234.75,3208.7,0.3
2235,3208.7,0.3
2235.25,3208.8,0.3
2235.5,3208.9,0.3
2235.75,3209,0.3
2236,3209.1,0.3
2236.25,3209.1,0.3
2236.5,3209.2,0.3
2236.75,3209.3,0.3
2237,3209.4,0.3
2237.25,3209.5,0.3
2237.5,3209.5,0.3
2237.75,3209.6,0.3
2238,3209.7,0.3
2238.25,3209.8,0.3
2238.5,3209.9,0.3
2238.75,3209.9,0.3
2239,3210,0.3
2239.25,3210.1,0.3
2239.5,3210.2,0.3
2239.75,3210.2,0.3
2240,3210.3,0.3
2240.25,3210.4,0.3
2240.5,3210.5,0.3
2240.75,3210.6,0.3
2241,3210.6,0.3
2241.25,3210.7,0.3
2241.5,3210.8,0.3
2241.75,3210.9,0.3
2242,3211,0.3
2242.25,3211,0.3
2242.5,3211.1,0.3
2242.75,3211.2,0.3
2243,3211.3,0.3
2243.25,3211.4,0.3
2243.5,3211.4,0.3
2243.75,3211.5,0.3
2244,3211.6,0.3
2244.25,3211.7,0.3
2244.5,3211.7,0.3
2244.75,3211.8,0.3
2245,3211.9,0.3
2245.25,3212,0.3
2245.5,3212.1,0.3
2245.75,3212.1,0.3
2246,3212.2,0.3
2246.25,3212.3,0.3
2246.5,3212.4,0.3
2246.75,3212.5,0.3
2247,3212.5,0.3
2247.25,3212.6,0.3
2247.5,3212.7,0.3
2247.75,3212.8,0.3
2248,3212.8,0.3
2248.25,3212.9,0.3
2248.5,3213,0.3
2248.75,3213.1,0.3
2249,3213.2,0.3
2249.25,3213.2,0.3
2249.5,3213.3,0.3
2249.75,3213.4,0.3
2250,3213.5,0.3
2250.25,3213.6,0.3
2250.5,3213.6,0.3
2250.75,3213.7,0.3
2251,3213.8,0.3
2251.25,3213.9,0.3
2251.5,3214,0.3
2251.75,3214,0.3
2252,3214.1,0.3
2252.25,3214.2,0.3
2252.5,3214.3,0.3
2252.75,3214.3,0.3
2253,3214.4,0.3
2253.25,3214.5,0.3
2253.5,3222.2,30.9
2253.75,3222.3,0.3
2254,3222.4,0.3
2254.25,3222.5,0.3
2254.5,3222.5,0.3
2254.75,3222.6,0.3
2255,3222.7,0.3
2255.25,3222.8,0.3
2255.5,3222.9,0.3
2255.75,3222.9,0.3
2256,3223,0.3
2256.25,3223.1,0.3
2256.5,3223.2,0.3
2256.75,3223.3,0.3
2257,3223.3,0.3
2257.25,3223.4,0.3
2257.5,3223.5,0.3
2257.75,3223.6,0.3
2258,3223.7,0.3
2258.25,3223.7,0.3
2258.5,3223.8,0.3
2258.75,3223.9,0.3
2259,3224,0.3
2259.25,3224.1,0.3
2259.5,3224.1,0.3
2259.75,3224.2,0.3
2260,3224.3,0.3
2260.25,3224.4,0.3
2260.5,3224.5,0.3
2260.75,3224.5,0.3
2261,3224.6,0.3
2261.25,3224.7,0.3
2261.5,3224.8,0.3
2261.75,3224.8,0.3
2262,3224.9,0.3
2262.25,3225,0.3
2262.5,3225.1,0.3
2262.75,3225.2,0.3
2263,3225.2,0.3
2263.25,3225.3,0.3
2263.5,3225.4,0.3
2263.75,3225.5,0.3
2264,3225.6,0.3
2264.25,3225.6,0.3
2264.5,3225.7,0.3
2264.75,3225.8,0.3
2265,3225.9,0.3
2265.25,3226,0.3
2265.5,3226,0.3
2265.75,3226.1,0.3
2266,3226.2,0.3
2266.25,3226.3,0.3
2266.5,3226.4,0.3
2266.75,3226.4,0.3
2267,3226.5,0.3
2267.25,3226.6,0.3
2267.5,3226.7,0.3
2267.75,3226.8,0.3
2268,3226.8,0.3
2268.25,3226.9,0.3
2268.5,3227,0.3
2268.75,3227.1,0.3
2269,3227.2,0.3
2269.25,3227.2,0.3
2269.5,3227.3,0.3
2269.75,3227.4,0.3
2270,3227.5,0.3
2270.25,3227.6,0.3
2270.5,3227.6,0.3
2270.75,3227.7,0.3
2271,3227.8,0.3
2271.25,3227.9,0.3
2271.5,3228,0.3
2271.75,3228,0.3
2272,3228.1,0.3
2272.25,3228.2,0.3
2272.5,3228.3,0.3
2272.75,3228.4,0.3
2273,3228.4,0.3
2273.25,3228.5,0.3
2273.5,3228.6,0.3
2273.75,3228.7,0.3
2274,3228.7,0.3
2274.25,3228.8,0.3
2274.5,3228.9,0.3
2274.75,3229,0.3
2275,3229.1,0.3
2275.25,3229.1,0.3
2275.5,3229.2,0.3
2275.75,3229.3,0.3
2276,3229.4,0.3
2276.25,3229.5,0.3
2276.5,3229.5,0.3
2276.75,3229.6,0.3
2277,3229.7,0.3
2277.25,3229.8,0.3
2277.5,3237.6,31.1
2277.75,3237.6,0.3
2278,3237.7,0.3
2278.25,3237.8,0.3
2278.5,3237.9,0.3
2278.75,3238,0.3
2279,3238,0.3
2279.25,3238.1,0.3
2279.5,3238.2,0.3
2279.75,3238.3,0.3
2280,3238.4,0.3
2280.25,3238.4,0.3
2280.5,3238.5,0.3
2280.75,3238.6,0.3
2281,3238.7,0.3
2281.25,3238.8,0.3
2281.5,3238.8,0.3
2281.75,3238.9,0.3
2282,3239,0.3
2282.25,3239.1,0.3
2282.5,3239.2,0.3
2282.75,3239.2,0.3
2283,3239.3,0.3
2283.25,3239.4,0.3
2283.5,3239.5,0.3
2283.75,3239.6,0.3
2284,3239.6,0.3
2284.25,3239.7,0.3
2284.5,3239.8,0.3
2284.75,3239.9,0.3
2285,3240,0.3
2285.25,3240,0.3
2285.5,3240.1,0.3
2285.75,3240.2,0.3
2286,3240.3,0.3
2286.25,3240.4,0.3
2286.5,3240.4,0.3
2286.75,3240.5,0.3
2287,3240.6,0.3
2287.25,3240.7,0.3
2287.5,3240.8,0.3
2287.75,3240.8,0.3
2288,3240.9,0.3
2288.25,3241,0.3
2288.5,3241.1,0.3
2288.75,3241.2,0.3
2289,3241.2,0.3
2289.25,3241.3,0.3
2289.5,3241.4,0.3
2289.75,3241.5,0.3
2290,3241.6,0.3
2290.25,3241.6,0.3
2290.5,3241.7,0.3
2290.75,3241.8,0.3
2291,3241.9,0.3
2291.25,3242,0.3
2291.5,3242,0.3
2291.75,3242.1,0.3
2292,3242.2,0.3
2292.25,3242.3,0.3
2292.5,3242.4,0.3
2292.75,3242.4,0.3
2293,3242.5,0.3
2293.25,3242.6,0.3
2293.5,3242.7,0.3
2293.75,3242.8,0.3
2294,3242.8,0.3
2294.25,3242.9,0.3
2294.5,3243,0.3
2294.75,3243.1,0.3
2295,3243.2,0.3
2295.25,3243.2,0.3
2295.5,3243.3,0.3
2295.75,3243.4,0.3
2296,3243.5,0.3
2296.25,3243.6,0.3
2296.5,3243.6,0.3
2296.75,3243.7,0.3
2297,3243.8,0.3
2297.25,3243.9,0.3
2297.5,3244,0.3
2297.75,3244,0.3
2298,3244.1,0.3
2298.25,3244.2,0.3
2298.5,3244.3,0.3
2298.75,3244.3,0.3
2299,3244.4,0.3
2299.25,3244.5,0.3
2299.5,3244.6,0.3
2299.75,3244.7,0.3
2300,3244.7,0.3
2300.25,3244.8,0.3
2300.5,3244.9,0.3
2300.75,3245,0.3
2301,3245.1,0.3
2301.25,3245.1,0.3
2301.5,3252.9,31.2
2301.75,3253,0.3
2302,3253.1,0.3
2302.25,3253.2,0.3
2302.5,3253.3,0.3
2302.75,3253.3,0.3
2303,3253.4,0.3
2303.25,3253.5,0.3
2303.5,3253.6,0.3
2303.75,3253.7,0.3
2304,3253.7,0.3
2304.25,3253.8,0.3
2304.5,3253.9,0.3
2304.75,3254,0.3
2305,3254.1,0.3
2305.25,3254.1,0.3
2305.5,3254.2,0.3
2305.75,3254.3,0.3
2306,3254.4,0.3
2306.25,3254.5,0.3
2306.5,3254.5,0.3
2306.75,3254.6,0.3
2307,3254.7,0.3
2307.25,3254.8,0.3
2307.5,3254.9,0.3
2307.75,3254.9,0.3
2308,3255,0.3
2308.25,3255.1,0.3
2308.5,3255.2,0.3
2308.75,3255.3,0.3
2309,3255.3,0.3
2309.25,3255.4,0.3
2309.5,3255.5,0.3
2309.75,3255.6,0.3
2310,3255.7,0.3
2310.25,3255.7,0.3
2310.5,3255.8,0.3
2310.75,3255.9,0.3
2311,3256,0.3
2311.25,3256.1,0.3
2311.5,3256.1,0.3
2311.75,3256.2,0.3
2312,3256.3,0.3
2312.25,3256.4,0.3
2312.5,3256.5,0.3
2312.75,3256.5,0.3
2313,3256.6,0.3
2313.25,3256.7,0.3
2313.5,3256.8,0.3
2313.75,3256.9,0.3
2314,3256.9,0.3
2314.25,3257,0.3
2314.5,3257.1,0.3
2314.75,3257.2,0.3
2315,3257.3,0.3
2315.25,3257.3,0.3
2315.5,3257.4,0.3
2315.75,3257.5,0.3
2316,3257.6,0.3
2316.25,3257.7,0.3
2316.5,3257.7,0.3
2316.75,3257.8,0.3
2317,3257.9,0.3
2317.25,3258,0.3
2317.5,3258.1,0.3
2317.75,3258.1,0.3
2318,3258.2,0.3
2318.25,3258.3,0.3
2318.5,3258.4,0.3
2318.75,3258.5,0.3
2319,3258.5,0.3
2319.25,3258.6,0.3
2319.5,3258.7,0.3
2319.75,3258.8,0.3
2320,3258.9,0.3
2320.25,3259,0.3
2320.5,3259,0.3
2320.75,3259.1,0.3
2321,3259.2,0.3
2321.25,3259.3,0.3
2321.5,3259.4,0.3
2321.75,3259.4,0.3
2322,3259.5,0.3
2322.25,3259.6,0.3
2322.5,3259.7,0.3
2322.75,3259.8,0.3
2323,3259.8,0.3
2323.25,3259.9,0.3
2323.5,3260,0.3
2323.75,3260.1,0.3
2324,3260.2,0.3
2324.25,3260.2,0.3
2324.5,3260.3,0.3
2324.75,3260.4,0.3
2325,3260.5,0.3
2325.25,3260.6,0.3
2325.5,3276.1,115
