This is LuaHBTeX, Version 1.24.0 (TeX Live 2026/Arch Linux)  (format=lualatex 2026.10.4)  7 OCT 2026 17:30
 system commands enabled.
**main.tex
(./main.tex
LaTeX2e <2025-11-01>
L3 programming layer <2026-01-19>
Lua module: luaotfload 2024-12-03 v3.29 Lua based OpenType font support
Lua module: lualibs 2023-07-13 v2.76 ConTeXt Lua standard libraries.
Lua module: lualibs-extended 2023-07-13 v2.76 ConTeXt Lua libraries -- extended 
collection.
luaotfload | conf : Root cache directory is "/home/chery/.texlive/texmf-var/luat
ex-cache/generic/names".
luaotfload | init : Loading fontloader "fontloader-2023-12-28.lua" from kpse-res
olved path "/usr/share/texmf-dist/tex/luatex/luaotfload/fontloader-2023-12-28.lu
a".
Lua-only attribute luaotfload@noligature = 1
luaotfload | init : Context OpenType loader version 3.134
Inserting `luaotfload.node_processor' in `pre_linebreak_filter'.
Inserting `luaotfload.node_processor' in `hpack_filter'.
Inserting `luaotfload.glyph_stream' in `glyph_stream_provider'.
Inserting `luaotfload.define_font' in `define_font'.
Lua-only attribute luaotfload_color_attribute = 2
luaotfload | conf : Root cache directory is "/home/chery/.texlive/texmf-var/luat
ex-cache/generic/names".
Inserting `luaotfload.harf.strip_prefix' in `find_opentype_file'.
Inserting `luaotfload.harf.strip_prefix' in `find_truetype_file'.
Removing  `luaotfload.glyph_stream' from `glyph_stream_provider'.
Inserting `luaotfload.harf.glyphstream' in `glyph_stream_provider'.
Inserting `luaotfload.harf.finalize_vlist' in `post_linebreak_filter'.
Inserting `luaotfload.harf.finalize_hlist' in `hpack_filter'.
Inserting `luaotfload.cleanup_files' in `wrapup_run'.
Inserting `luaotfload.harf.finalize_unicode' in `finish_pdffile'.
Inserting `luaotfload.glyphinfo' in `glyph_info'.
Lua-only attribute luaotfload.letterspace_done = 3
Inserting `luaotfload.aux.set_sscale_dimens' in `luaotfload.patch_font'.
Inserting `luaotfload.aux.set_font_index' in `luaotfload.patch_font'.
Inserting `luaotfload.aux.patch_cambria_domh' in `luaotfload.patch_font'.
Inserting `luaotfload.aux.fixup_fontdata' in `luaotfload.patch_font_unsafe'.
Inserting `luaotfload.aux.set_capheight' in `luaotfload.patch_font'.
Inserting `luaotfload.aux.set_xheight' in `luaotfload.patch_font'.
Inserting `luaotfload.rewrite_fontname' in `luaotfload.patch_font'.
Inserting `tracingstacklevels' in `input_level_string'. (/usr/share/texmf-dist/
tex/latex/base/report.cls
Document Class: report 2025/01/22 v1.4n Standard LaTeX document class
(/usr/share/texmf-dist/tex/latex/base/size12.clo
File: size12.clo 2025/01/22 v1.4n Standard LaTeX file (size option)
luaotfload | db : Font names database loaded from /home/chery/.texlive/texmf-var
/luatex-cache/generic/names/luaotfload-names.luc.gz)
\c@part=\count273
\c@chapter=\count274
\c@section=\count275
\c@subsection=\count276
\c@subsubsection=\count277
\c@paragraph=\count278
\c@subparagraph=\count279
\c@figure=\count280
\c@table=\count281
\abovecaptionskip=\skip49
\belowcaptionskip=\skip50
\bibindent=\dimen147
) (./preamble.sty
Package: preamble 

(/usr/share/texmf-dist/tex/latex/graphics/graphicx.sty
Package: graphicx 2024/12/31 v1.2e Enhanced LaTeX Graphics (DPC,SPQR)

(/usr/share/texmf-dist/tex/latex/graphics/keyval.sty
Package: keyval 2022/05/29 v1.15 key=value parser (DPC)
\KV@toks@=\toks17
)
(/usr/share/texmf-dist/tex/latex/graphics/graphics.sty
Package: graphics 2024/08/06 v1.4g Standard LaTeX Graphics (DPC,SPQR)

(/usr/share/texmf-dist/tex/latex/graphics/trig.sty
Package: trig 2023/12/02 v1.11 sin cos tan (DPC)
)
(/usr/share/texmf-dist/tex/latex/graphics-cfg/graphics.cfg
File: graphics.cfg 2016/06/04 v1.11 sample graphics configuration
)
Package graphics Info: Driver file: luatex.def on input line 106.

(/usr/share/texmf-dist/tex/latex/graphics-def/luatex.def
File: luatex.def 2025/09/29 v1.2f Graphics/color driver for luatex
))
\Gin@req@height=\dimen148
\Gin@req@width=\dimen149
)
(/usr/share/texmf-dist/tex/latex/pgf/frontendlayer/tikz.sty
(/usr/share/texmf-dist/tex/latex/pgf/basiclayer/pgf.sty
(/usr/share/texmf-dist/tex/latex/pgf/utilities/pgfrcs.sty
(/usr/share/texmf-dist/tex/generic/pgf/utilities/pgfutil-common.tex
\pgfutil@everybye=\toks18
\pgfutil@tempdima=\dimen150
\pgfutil@tempdimb=\dimen151
)
(/usr/share/texmf-dist/tex/generic/pgf/utilities/pgfutil-latex.def
\pgfutil@abb=\box53
)
(/usr/share/texmf-dist/tex/generic/pgf/utilities/pgfrcs.code.tex
(/usr/share/texmf-dist/tex/generic/pgf/pgf.revision.tex)
Package: pgfrcs 2025-08-29 v3.1.11a (3.1.11a)
))
Package: pgf 2025-08-29 v3.1.11a (3.1.11a)

(/usr/share/texmf-dist/tex/latex/pgf/basiclayer/pgfcore.sty
(/usr/share/texmf-dist/tex/latex/pgf/systemlayer/pgfsys.sty
(/usr/share/texmf-dist/tex/generic/pgf/systemlayer/pgfsys.code.tex
Package: pgfsys 2025-08-29 v3.1.11a (3.1.11a)

(/usr/share/texmf-dist/tex/generic/pgf/utilities/pgfkeys.code.tex
\pgfkeys@pathtoks=\toks19
\pgfkeys@temptoks=\toks20

(/usr/share/texmf-dist/tex/generic/pgf/utilities/pgfkeyslibraryfiltered.code.te
x
\pgfkeys@tmptoks=\toks21
))
\pgf@x=\dimen152
\pgf@y=\dimen153
\pgf@xa=\dimen154
\pgf@ya=\dimen155
\pgf@xb=\dimen156
\pgf@yb=\dimen157
\pgf@xc=\dimen158
\pgf@yc=\dimen159
\pgf@xd=\dimen160
\pgf@yd=\dimen161
\w@pgf@writea=\write3
\r@pgf@reada=\read2
\c@pgf@counta=\count282
\c@pgf@countb=\count283
\c@pgf@countc=\count284
\c@pgf@countd=\count285
\t@pgf@toka=\toks22
\t@pgf@tokb=\toks23
\t@pgf@tokc=\toks24
\pgf@sys@id@count=\count286
 (/usr/share/texmf-dist/tex/generic/pgf/systemlayer/pgf.cfg
File: pgf.cfg 2025-08-29 v3.1.11a (3.1.11a)
)
Driver file for pgf: pgfsys-luatex.def

(/usr/share/texmf-dist/tex/generic/pgf/systemlayer/pgfsys-luatex.def
File: pgfsys-luatex.def 2025-08-29 v3.1.11a (3.1.11a)

(/usr/share/texmf-dist/tex/generic/pgf/systemlayer/pgfsys-common-pdf.def
File: pgfsys-common-pdf.def 2025-08-29 v3.1.11a (3.1.11a)
)))
(/usr/share/texmf-dist/tex/generic/pgf/systemlayer/pgfsyssoftpath.code.tex
File: pgfsyssoftpath.code.tex 2025-08-29 v3.1.11a (3.1.11a)
\pgfsyssoftpath@smallbuffer@items=\count287
\pgfsyssoftpath@bigbuffer@items=\count288
)
(/usr/share/texmf-dist/tex/generic/pgf/systemlayer/pgfsysprotocol.code.tex
File: pgfsysprotocol.code.tex 2025-08-29 v3.1.11a (3.1.11a)
))
(/usr/share/texmf-dist/tex/latex/xcolor/xcolor.sty
Package: xcolor 2024/09/29 v3.02 LaTeX color extensions (UK)

(/usr/share/texmf-dist/tex/latex/graphics-cfg/color.cfg
File: color.cfg 2016/01/02 v1.6 sample color configuration
)
Package xcolor Info: Driver file: luatex.def on input line 274.

(/usr/share/texmf-dist/tex/latex/graphics/mathcolor.ltx)
Package xcolor Info: Model `cmy' substituted by `cmy0' on input line 1349.
Package xcolor Info: Model `hsb' substituted by `rgb' on input line 1353.
Package xcolor Info: Model `RGB' extended on input line 1365.
Package xcolor Info: Model `HTML' substituted by `rgb' on input line 1367.
Package xcolor Info: Model `Hsb' substituted by `hsb' on input line 1368.
Package xcolor Info: Model `tHsb' substituted by `hsb' on input line 1369.
Package xcolor Info: Model `HSB' substituted by `hsb' on input line 1370.
Package xcolor Info: Model `Gray' substituted by `gray' on input line 1371.
Package xcolor Info: Model `wave' substituted by `hsb' on input line 1372.
)
(/usr/share/texmf-dist/tex/generic/pgf/basiclayer/pgfcore.code.tex
Package: pgfcore 2025-08-29 v3.1.11a (3.1.11a)

(/usr/share/texmf-dist/tex/generic/pgf/math/pgfmath.code.tex
(/usr/share/texmf-dist/tex/generic/pgf/math/pgfmathutil.code.tex)
(/usr/share/texmf-dist/tex/generic/pgf/math/pgfmathparser.code.tex
\pgfmath@dimen=\dimen162
\pgfmath@count=\count289
\pgfmath@box=\box54
\pgfmath@toks=\toks25
\pgfmath@stack@operand=\toks26
\pgfmath@stack@operation=\toks27
)
(/usr/share/texmf-dist/tex/generic/pgf/math/pgfmathfunctions.code.tex)
(/usr/share/texmf-dist/tex/generic/pgf/math/pgfmathfunctions.basic.code.tex)
(/usr/share/texmf-dist/tex/generic/pgf/math/pgfmathfunctions.trigonometric.code
.tex)
(/usr/share/texmf-dist/tex/generic/pgf/math/pgfmathfunctions.random.code.tex)
(/usr/share/texmf-dist/tex/generic/pgf/math/pgfmathfunctions.comparison.code.te
x) (/usr/share/texmf-dist/tex/generic/pgf/math/pgfmathfunctions.base.code.tex)
(/usr/share/texmf-dist/tex/generic/pgf/math/pgfmathfunctions.round.code.tex)
(/usr/share/texmf-dist/tex/generic/pgf/math/pgfmathfunctions.misc.code.tex)
(/usr/share/texmf-dist/tex/generic/pgf/math/pgfmathfunctions.integerarithmetics
.code.tex) (/usr/share/texmf-dist/tex/generic/pgf/math/pgfmathcalc.code.tex)
(/usr/share/texmf-dist/tex/generic/pgf/math/pgfmathfloat.code.tex
\c@pgfmathroundto@lastzeros=\count290
))
(/usr/share/texmf-dist/tex/generic/pgf/math/pgfint.code.tex)
(/usr/share/texmf-dist/tex/generic/pgf/basiclayer/pgfcorepoints.code.tex
File: pgfcorepoints.code.tex 2025-08-29 v3.1.11a (3.1.11a)
\pgf@picminx=\dimen163
\pgf@picmaxx=\dimen164
\pgf@picminy=\dimen165
\pgf@picmaxy=\dimen166
\pgf@pathminx=\dimen167
\pgf@pathmaxx=\dimen168
\pgf@pathminy=\dimen169
\pgf@pathmaxy=\dimen170
\pgf@xx=\dimen171
\pgf@xy=\dimen172
\pgf@yx=\dimen173
\pgf@yy=\dimen174
\pgf@zx=\dimen175
\pgf@zy=\dimen176
)
(/usr/share/texmf-dist/tex/generic/pgf/basiclayer/pgfcorepathconstruct.code.tex
File: pgfcorepathconstruct.code.tex 2025-08-29 v3.1.11a (3.1.11a)
\pgf@path@lastx=\dimen177
\pgf@path@lasty=\dimen178
) (/usr/share/texmf-dist/tex/generic/pgf/basiclayer/pgfcorepathusage.code.tex
File: pgfcorepathusage.code.tex 2025-08-29 v3.1.11a (3.1.11a)
\pgf@shorten@end@additional=\dimen179
\pgf@shorten@start@additional=\dimen180
)
(/usr/share/texmf-dist/tex/generic/pgf/basiclayer/pgfcorescopes.code.tex
File: pgfcorescopes.code.tex 2025-08-29 v3.1.11a (3.1.11a)
\pgfpic=\box55
\pgf@hbox=\box56
\pgf@layerbox@main=\box57
\pgf@picture@serial@count=\count291
)
(/usr/share/texmf-dist/tex/generic/pgf/basiclayer/pgfcoregraphicstate.code.tex
File: pgfcoregraphicstate.code.tex 2025-08-29 v3.1.11a (3.1.11a)
\pgflinewidth=\dimen181
)
(/usr/share/texmf-dist/tex/generic/pgf/basiclayer/pgfcoretransformations.code.t
ex
File: pgfcoretransformations.code.tex 2025-08-29 v3.1.11a (3.1.11a)
\pgf@pt@x=\dimen182
\pgf@pt@y=\dimen183
\pgf@pt@temp=\dimen184
) (/usr/share/texmf-dist/tex/generic/pgf/basiclayer/pgfcorequick.code.tex
File: pgfcorequick.code.tex 2025-08-29 v3.1.11a (3.1.11a)
)
(/usr/share/texmf-dist/tex/generic/pgf/basiclayer/pgfcoreobjects.code.tex
File: pgfcoreobjects.code.tex 2025-08-29 v3.1.11a (3.1.11a)
)
(/usr/share/texmf-dist/tex/generic/pgf/basiclayer/pgfcorepathprocessing.code.te
x
File: pgfcorepathprocessing.code.tex 2025-08-29 v3.1.11a (3.1.11a)
) (/usr/share/texmf-dist/tex/generic/pgf/basiclayer/pgfcorearrows.code.tex
File: pgfcorearrows.code.tex 2025-08-29 v3.1.11a (3.1.11a)
\pgfarrowsep=\dimen185
)
(/usr/share/texmf-dist/tex/generic/pgf/basiclayer/pgfcoreshade.code.tex
File: pgfcoreshade.code.tex 2025-08-29 v3.1.11a (3.1.11a)
\pgf@max=\dimen186
\pgf@sys@shading@range@num=\count292
\pgf@shadingcount=\count293
)
(/usr/share/texmf-dist/tex/generic/pgf/basiclayer/pgfcoreimage.code.tex
File: pgfcoreimage.code.tex 2025-08-29 v3.1.11a (3.1.11a)
)
(/usr/share/texmf-dist/tex/generic/pgf/basiclayer/pgfcoreexternal.code.tex
File: pgfcoreexternal.code.tex 2025-08-29 v3.1.11a (3.1.11a)
\pgfexternal@startupbox=\box58
)
(/usr/share/texmf-dist/tex/generic/pgf/basiclayer/pgfcorelayers.code.tex
File: pgfcorelayers.code.tex 2025-08-29 v3.1.11a (3.1.11a)
)
(/usr/share/texmf-dist/tex/generic/pgf/basiclayer/pgfcoretransparency.code.tex
File: pgfcoretransparency.code.tex 2025-08-29 v3.1.11a (3.1.11a)
) (/usr/share/texmf-dist/tex/generic/pgf/basiclayer/pgfcorepatterns.code.tex
File: pgfcorepatterns.code.tex 2025-08-29 v3.1.11a (3.1.11a)
)
(/usr/share/texmf-dist/tex/generic/pgf/basiclayer/pgfcorerdf.code.tex
File: pgfcorerdf.code.tex 2025-08-29 v3.1.11a (3.1.11a)
)))
(/usr/share/texmf-dist/tex/generic/pgf/modules/pgfmoduleshapes.code.tex
File: pgfmoduleshapes.code.tex 2025-08-29 v3.1.11a (3.1.11a)
\pgfnodeparttextbox=\box59
)
(/usr/share/texmf-dist/tex/generic/pgf/modules/pgfmoduleplot.code.tex
File: pgfmoduleplot.code.tex 2025-08-29 v3.1.11a (3.1.11a)
)
(/usr/share/texmf-dist/tex/latex/pgf/compatibility/pgfcomp-version-0-65.sty
Package: pgfcomp-version-0-65 2025-08-29 v3.1.11a (3.1.11a)
\pgf@nodesepstart=\dimen187
\pgf@nodesepend=\dimen188
)
(/usr/share/texmf-dist/tex/latex/pgf/compatibility/pgfcomp-version-1-18.sty
Package: pgfcomp-version-1-18 2025-08-29 v3.1.11a (3.1.11a)
))
(/usr/share/texmf-dist/tex/latex/pgf/utilities/pgffor.sty
(/usr/share/texmf-dist/tex/latex/pgf/utilities/pgfkeys.sty
(/usr/share/texmf-dist/tex/generic/pgf/utilities/pgfkeys.code.tex))
(/usr/share/texmf-dist/tex/latex/pgf/math/pgfmath.sty
(/usr/share/texmf-dist/tex/generic/pgf/math/pgfmath.code.tex))
(/usr/share/texmf-dist/tex/generic/pgf/utilities/pgffor.code.tex
Package: pgffor 2025-08-29 v3.1.11a (3.1.11a)
\pgffor@iter=\dimen189
\pgffor@skip=\dimen190
\pgffor@stack=\toks28
\pgffor@toks=\toks29
))
(/usr/share/texmf-dist/tex/generic/pgf/frontendlayer/tikz/tikz.code.tex
Package: tikz 2025-08-29 v3.1.11a (3.1.11a)

(/usr/share/texmf-dist/tex/generic/pgf/libraries/pgflibraryplothandlers.code.te
x
File: pgflibraryplothandlers.code.tex 2025-08-29 v3.1.11a (3.1.11a)
\pgf@plot@mark@count=\count294
\pgfplotmarksize=\dimen191
)
\tikz@lastx=\dimen192
\tikz@lasty=\dimen193
\tikz@lastxsaved=\dimen194
\tikz@lastysaved=\dimen195
\tikz@lastmovetox=\dimen196
\tikz@lastmovetoy=\dimen197
\tikzleveldistance=\dimen198
\tikzsiblingdistance=\dimen199
\tikz@figbox=\box60
\tikz@figbox@bg=\box61
\tikz@tempbox=\box62
\tikz@tempbox@bg=\box63
\tikztreelevel=\count295
\tikznumberofchildren=\count296
\tikznumberofcurrentchild=\count297
\tikz@fig@count=\count298
 (/usr/share/texmf-dist/tex/generic/pgf/modules/pgfmodulematrix.code.tex
File: pgfmodulematrix.code.tex 2025-08-29 v3.1.11a (3.1.11a)
\pgfmatrixcurrentrow=\count299
\pgfmatrixcurrentcolumn=\count300
\pgf@matrix@numberofcolumns=\count301
)
\tikz@expandcount=\count302

(/usr/share/texmf-dist/tex/generic/pgf/frontendlayer/tikz/libraries/tikzlibrary
topaths.code.tex
File: tikzlibrarytopaths.code.tex 2025-08-29 v3.1.11a (3.1.11a)
))) (/usr/share/texmf-dist/tex/latex/pgfplots/pgfplots.sty
(/usr/share/texmf-dist/tex/generic/pgfplots/pgfplots.revision.tex)
Package: pgfplots 2025/08/14 v1.18.2 Data Visualization (1.18.2)

(/usr/share/texmf-dist/tex/generic/pgfplots/pgfplots.code.tex
(/usr/share/texmf-dist/tex/generic/pgfplots/pgfplotscore.code.tex
Package pgfplots info on input line 124: Initializing with LUA version Lua 5.3
\pgfplots@luabackend@table=\catcodetable14
\t@pgfplots@toka=\toks30
\t@pgfplots@tokb=\toks31
\t@pgfplots@tokc=\toks32
\pgfplots@tmpa=\dimen256
\c@pgfplots@coordindex=\count303
\c@pgfplots@scanlineindex=\count304

(/usr/share/texmf-dist/tex/generic/pgfplots/sys/pgfplotssysgeneric.code.tex))
(/usr/share/texmf-dist/tex/generic/pgfplots/libs/pgfplotslibrary.code.tex)
(/usr/share/texmf-dist/tex/generic/pgfplots/oldpgfcompatib/pgfplotsoldpgfsupp_l
oader.code.tex
(/usr/share/texmf-dist/tex/generic/pgf/libraries/pgflibraryfpu.code.tex)
(/usr/share/texmf-dist/tex/generic/pgfplots/oldpgfcompatib/pgfplotsoldpgfsupp_p
gfutil-common-lists.tex)
(/usr/share/texmf-dist/tex/generic/pgf/libraries/luamath/pgflibraryluamath.code
.tex)
Package pgfplots info on input line 292: luamath library shipped with pgf 3.1.1
1a is up-to-date
) (/usr/share/texmf-dist/tex/generic/pgfplots/util/pgfplotsutil.code.tex
Package pgfplots info on input line 82: Found new luatex: initializing lua comm
ands instead of write18 (shell-escape)

(/usr/share/texmf-dist/tex/generic/pgfplots/liststructure/pgfplotsliststructure
.code.tex)
(/usr/share/texmf-dist/tex/generic/pgfplots/liststructure/pgfplotsliststructure
ext.code.tex)
(/usr/share/texmf-dist/tex/generic/pgfplots/liststructure/pgfplotsarray.code.te
x
\c@pgfplotsarray@tmp=\count305
)
(/usr/share/texmf-dist/tex/generic/pgfplots/liststructure/pgfplotsmatrix.code.t
ex)
(/usr/share/texmf-dist/tex/generic/pgfplots/numtable/pgfplotstableshared.code.t
ex
\c@pgfplotstable@counta=\count306
\t@pgfplotstable@a=\toks33
)
(/usr/share/texmf-dist/tex/generic/pgfplots/liststructure/pgfplotsdeque.code.te
x) (/usr/share/texmf-dist/tex/generic/pgfplots/util/pgfplotsbinary.code.tex
(/usr/share/texmf-dist/tex/generic/pgfplots/util/pgfplotsbinary.data.code.tex)) (/usr/share/texmf-dist/tex/generic/pgfplots/util/pgfplotsutil.verb.code.tex)
(/usr/share/texmf-dist/tex/generic/pgfplots/libs/pgflibrarypgfplots.surfshading
.code.tex
\c@pgfplotslibrarysurf@no=\count307

(/usr/share/texmf-dist/tex/generic/pgfplots/sys/pgflibrarypgfplots.surfshading.
pgfsys-luatex.def)))
(/usr/share/texmf-dist/tex/generic/pgfplots/util/pgfplotscolormap.code.tex
(/usr/share/texmf-dist/tex/generic/pgfplots/util/pgfplotscolor.code.tex))
(/usr/share/texmf-dist/tex/generic/pgfplots/pgfplotsstackedplots.code.tex)
(/usr/share/texmf-dist/tex/generic/pgfplots/pgfplotsplothandlers.code.tex
(/usr/share/texmf-dist/tex/generic/pgfplots/pgfplotsmeshplothandler.code.tex
(/usr/share/texmf-dist/tex/generic/pgfplots/pgfplotsmeshplotimage.code.tex)))
(/usr/share/texmf-dist/tex/generic/pgfplots/pgfplots.scaling.code.tex)
(/usr/share/texmf-dist/tex/generic/pgfplots/pgfplotscoordprocessing.code.tex)
(/usr/share/texmf-dist/tex/generic/pgfplots/pgfplots.errorbars.code.tex)
(/usr/share/texmf-dist/tex/generic/pgfplots/pgfplots.markers.code.tex)
(/usr/share/texmf-dist/tex/generic/pgfplots/pgfplotsticks.code.tex)
(/usr/share/texmf-dist/tex/generic/pgfplots/pgfplots.paths.code.tex)
(/usr/share/texmf-dist/tex/generic/pgf/frontendlayer/tikz/libraries/tikzlibrary
decorations.code.tex
(/usr/share/texmf-dist/tex/generic/pgf/modules/pgfmoduledecorations.code.tex
\pgfdecoratedcompleteddistance=\dimen257
\pgfdecoratedremainingdistance=\dimen258
\pgfdecoratedinputsegmentcompleteddistance=\dimen259
\pgfdecoratedinputsegmentremainingdistance=\dimen260
\pgf@decorate@distancetomove=\dimen261
\pgf@decorate@repeatstate=\count308
\pgfdecorationsegmentamplitude=\dimen262
\pgfdecorationsegmentlength=\dimen263
)
\tikz@lib@dec@box=\box64
)
(/usr/share/texmf-dist/tex/generic/pgf/frontendlayer/tikz/libraries/tikzlibrary
decorations.pathmorphing.code.tex
(/usr/share/texmf-dist/tex/generic/pgf/libraries/decorations/pgflibrarydecorati
ons.pathmorphing.code.tex))
(/usr/share/texmf-dist/tex/generic/pgf/frontendlayer/tikz/libraries/tikzlibrary
decorations.pathreplacing.code.tex
(/usr/share/texmf-dist/tex/generic/pgf/libraries/decorations/pgflibrarydecorati
ons.pathreplacing.code.tex))
(/usr/share/texmf-dist/tex/generic/pgfplots/libs/tikzlibrarypgfplots.contourlua
.code.tex)
\pgfplots@numplots=\count309
\pgfplots@xmin@reg=\dimen264
\pgfplots@xmax@reg=\dimen265
\pgfplots@ymin@reg=\dimen266
\pgfplots@ymax@reg=\dimen267
\pgfplots@zmin@reg=\dimen268
\pgfplots@zmax@reg=\dimen269
)
(/usr/share/texmf-dist/tex/generic/pgf/frontendlayer/tikz/libraries/tikzlibrary
plotmarks.code.tex
File: tikzlibraryplotmarks.code.tex 2025-08-29 v3.1.11a (3.1.11a)

(/usr/share/texmf-dist/tex/generic/pgf/libraries/pgflibraryplotmarks.code.tex
File: pgflibraryplotmarks.code.tex 2025-08-29 v3.1.11a (3.1.11a)
))) (/usr/share/texmf-dist/tex/latex/fontspec/fontspec.sty
(/usr/share/texmf-dist/tex/latex/l3packages/xparse/xparse.sty
(/usr/share/texmf-dist/tex/latex/l3kernel/expl3.sty
Package: expl3 2026-01-19 L3 programming layer (loader) 

(/usr/share/texmf-dist/tex/latex/l3backend/l3backend-luatex.def
File: l3backend-luatex.def 2025-10-09 L3 backend support: PDF output (LuaTeX)
\l__color_backend_stack_int=\count310
Inserting `l3color' in `luaotfload.parse_color'.))
Package: xparse 2025-10-09 L3 Experimental document command parser
)
Package: fontspec 2025/09/29 v2.9g Font selection for XeLaTeX and LuaLaTeX
Lua module: fontspec 2025/09/29 v2.9g Font selection for XeLaTeX and LuaLaTeX
(/usr/share/texmf-dist/tex/latex/fontspec/fontspec-luatex.sty
Package: fontspec-luatex 2025/09/29 v2.9g Font selection for XeLaTeX and LuaLaT
eX
\l__fontspec_script_int=\count311
\l__fontspec_language_int=\count312
\l__fontspec_strnum_int=\count313
\l__fontspec_tmp_int=\count314
\l__fontspec_tmpa_int=\count315
\l__fontspec_tmpb_int=\count316
\l__fontspec_tmpc_int=\count317
\l__fontspec_em_int=\count318
\l__fontspec_emdef_int=\count319
\l__fontspec_strong_int=\count320
\l__fontspec_strongdef_int=\count321
\l__fontspec_tmpa_dim=\dimen270
\l__fontspec_tmpb_dim=\dimen271
\l__fontspec_tmpc_dim=\dimen272

(/usr/share/texmf-dist/tex/latex/base/fontenc.sty
Package: fontenc 2025/07/18 v2.1d Standard LaTeX package
)
(/usr/share/texmf-dist/tex/latex/fontspec/fontspec.cfg)))
luaotfload | cache : Lookup cache loaded from /home/chery/.texlive/texmf-var/lua
tex-cache/generic/names/luaotfload-lookup-cache.luc.

Package fontspec Info: 
(fontspec)             Font family 'LiberationSerif(0)' created for font
(fontspec)             'Liberation Serif' with options [Ligatures=TeX].
(fontspec)              
(fontspec)              This font family consists of the following NFSS
(fontspec)             series/shapes:
(fontspec)              
(fontspec)             - 'normal' (m/n) with NFSS spec.: <->"name:Liberation
(fontspec)             Serif:mode=node;script=latn;language=dflt;+tlig;"
(fontspec)             - 'bold' (b/n) with NFSS spec.: <->"name:Liberation
(fontspec)             Serif/B:mode=node;script=latn;language=dflt;+tlig;"
(fontspec)             - 'italic' (m/it) with NFSS spec.: <->"name:Liberation
(fontspec)             Serif/I:mode=node;script=latn;language=dflt;+tlig;"
(fontspec)             - 'bold italic' (b/it) with NFSS spec.:
(fontspec)             <->"name:Liberation
(fontspec)             Serif/BI:mode=node;script=latn;language=dflt;+tlig;"


Package fontspec Info: 
(fontspec)             Font family 'LiberationSans(0)' created for font
(fontspec)             'Liberation Sans' with options [Ligatures=TeX].
(fontspec)              
(fontspec)              This font family consists of the following NFSS
(fontspec)             series/shapes:
(fontspec)              
(fontspec)             - 'normal' (m/n) with NFSS spec.: <->"name:Liberation
(fontspec)             Sans:mode=node;script=latn;language=dflt;+tlig;"
(fontspec)             - 'bold' (b/n) with NFSS spec.: <->"name:Liberation
(fontspec)             Sans/B:mode=node;script=latn;language=dflt;+tlig;"
(fontspec)             - 'italic' (m/it) with NFSS spec.: <->"name:Liberation
(fontspec)             Sans/I:mode=node;script=latn;language=dflt;+tlig;"
(fontspec)             - 'bold italic' (b/it) with NFSS spec.:
(fontspec)             <->"name:Liberation
(fontspec)             Sans/BI:mode=node;script=latn;language=dflt;+tlig;"


Package fontspec Info: 
(fontspec)             Font family 'LiberationMono(0)' created for font
(fontspec)             'Liberation Mono' with options
(fontspec)             [WordSpace={1,0,0},HyphenChar=None,PunctuationSpace=Word
Space].
(fontspec)              
(fontspec)              This font family consists of the following NFSS
(fontspec)             series/shapes:
(fontspec)              
(fontspec)             - 'normal' (m/n) with NFSS spec.: <->"name:Liberation
(fontspec)             Mono:mode=node;script=latn;language=dflt;"
(fontspec)             - 'bold' (b/n) with NFSS spec.: <->"name:Liberation
(fontspec)             Mono/B:mode=node;script=latn;language=dflt;"
(fontspec)             - 'italic' (m/it) with NFSS spec.: <->"name:Liberation
(fontspec)             Mono/I:mode=node;script=latn;language=dflt;"
(fontspec)             - 'bold italic' (b/it) with NFSS spec.:
(fontspec)             <->"name:Liberation
(fontspec)             Mono/BI:mode=node;script=latn;language=dflt;"


(/usr/share/texmf-dist/tex/latex/unicode-math/unicode-math.sty
Package: unicode-math 2023/08/13 v0.8r Unicode maths in XeLaTeX and LuaLaTeX

(/usr/share/texmf-dist/tex/latex/unicode-math/unicode-math-luatex.sty
Package: unicode-math-luatex 2023/08/13 v0.8r Unicode maths in XeLaTeX and LuaL
aTeX

(/usr/share/texmf-dist/tex/latex/l3packages/l3keys2e/l3keys2e.sty
Package: l3keys2e 2025-10-09 LaTeX2e option processing using LaTeX3 keys
)
(/usr/share/texmf-dist/tex/latex/base/fix-cm.sty
Package: fix-cm 2020/11/24 v1.1t fixes to LaTeX

(/usr/share/texmf-dist/tex/latex/base/ts1enc.def
File: ts1enc.def 2001/06/05 v3.0e (jk/car/fm) Standard LaTeX file
LaTeX Font Info:    Redeclaring font encoding TS1 on input line 47.
LaTeX Encoding Info:    Redeclaring text command \capitalcedilla (encoding TS1)
 on input line 49.
LaTeX Encoding Info:    Redeclaring text command \capitalogonek (encoding TS1) 
on input line 52.
LaTeX Encoding Info:    Redeclaring text command \capitalgrave (encoding TS1) o
n input line 55.
LaTeX Encoding Info:    Redeclaring text command \capitalacute (encoding TS1) o
n input line 56.
LaTeX Encoding Info:    Redeclaring text command \capitalcircumflex (encoding T
S1) on input line 57.
LaTeX Encoding Info:    Redeclaring text command \capitaltilde (encoding TS1) o
n input line 58.
LaTeX Encoding Info:    Redeclaring text command \capitaldieresis (encoding TS1
) on input line 59.
LaTeX Encoding Info:    Redeclaring text command \capitalhungarumlaut (encoding
 TS1) on input line 60.
LaTeX Encoding Info:    Redeclaring text command \capitalring (encoding TS1) on
 input line 61.
LaTeX Encoding Info:    Redeclaring text command \capitalcaron (encoding TS1) o
n input line 62.
LaTeX Encoding Info:    Redeclaring text command \capitalbreve (encoding TS1) o
n input line 63.
LaTeX Encoding Info:    Redeclaring text command \capitalmacron (encoding TS1) 
on input line 64.
LaTeX Encoding Info:    Redeclaring text command \capitaldotaccent (encoding TS
1) on input line 65.
LaTeX Encoding Info:    Redeclaring text command \t (encoding TS1) on input lin
e 66.
LaTeX Encoding Info:    Redeclaring text command \capitaltie (encoding TS1) on 
input line 67.
LaTeX Encoding Info:    Redeclaring text command \newtie (encoding TS1) on inpu
t line 68.
LaTeX Encoding Info:    Redeclaring text command \capitalnewtie (encoding TS1) 
on input line 69.
LaTeX Encoding Info:    Redeclaring text symbol \textcapitalcompwordmark (encod
ing TS1) on input line 70.
LaTeX Encoding Info:    Redeclaring text symbol \textascendercompwordmark (enco
ding TS1) on input line 71.
LaTeX Encoding Info:    Redeclaring text symbol \textquotestraightbase (encodin
g TS1) on input line 72.
LaTeX Encoding Info:    Redeclaring text symbol \textquotestraightdblbase (enco
ding TS1) on input line 73.
LaTeX Encoding Info:    Redeclaring text symbol \texttwelveudash (encoding TS1)
 on input line 74.
LaTeX Encoding Info:    Redeclaring text symbol \textthreequartersemdash (encod
ing TS1) on input line 75.
LaTeX Encoding Info:    Redeclaring text symbol \textleftarrow (encoding TS1) o
n input line 76.
LaTeX Encoding Info:    Redeclaring text symbol \textrightarrow (encoding TS1) 
on input line 77.
LaTeX Encoding Info:    Redeclaring text symbol \textblank (encoding TS1) on in
put line 78.
LaTeX Encoding Info:    Redeclaring text symbol \textdollar (encoding TS1) on i
nput line 79.
LaTeX Encoding Info:    Redeclaring text symbol \textquotesingle (encoding TS1)
 on input line 80.
LaTeX Encoding Info:    Redeclaring text command \textasteriskcentered (encodin
g TS1) on input line 81.
LaTeX Encoding Info:    Redeclaring text symbol \textdblhyphen (encoding TS1) o
n input line 92.
LaTeX Encoding Info:    Redeclaring text symbol \textfractionsolidus (encoding 
TS1) on input line 93.
LaTeX Encoding Info:    Redeclaring text symbol \textzerooldstyle (encoding TS1
) on input line 94.
LaTeX Encoding Info:    Redeclaring text symbol \textoneoldstyle (encoding TS1)
 on input line 95.
LaTeX Encoding Info:    Redeclaring text symbol \texttwooldstyle (encoding TS1)
 on input line 96.
LaTeX Encoding Info:    Redeclaring text symbol \textthreeoldstyle (encoding TS
1) on input line 97.
LaTeX Encoding Info:    Redeclaring text symbol \textfouroldstyle (encoding TS1
) on input line 98.
LaTeX Encoding Info:    Redeclaring text symbol \textfiveoldstyle (encoding TS1
) on input line 99.
LaTeX Encoding Info:    Redeclaring text symbol \textsixoldstyle (encoding TS1)
 on input line 100.
LaTeX Encoding Info:    Redeclaring text symbol \textsevenoldstyle (encoding TS
1) on input line 101.
LaTeX Encoding Info:    Redeclaring text symbol \texteightoldstyle (encoding TS
1) on input line 102.
LaTeX Encoding Info:    Redeclaring text symbol \textnineoldstyle (encoding TS1
) on input line 103.
LaTeX Encoding Info:    Redeclaring text symbol \textlangle (encoding TS1) on i
nput line 104.
LaTeX Encoding Info:    Redeclaring text symbol \textminus (encoding TS1) on in
put line 105.
LaTeX Encoding Info:    Redeclaring text symbol \textrangle (encoding TS1) on i
nput line 106.
LaTeX Encoding Info:    Redeclaring text symbol \textmho (encoding TS1) on inpu
t line 107.
LaTeX Encoding Info:    Redeclaring text symbol \textbigcircle (encoding TS1) o
n input line 108.
LaTeX Encoding Info:    Redeclaring text command \textcircled (encoding TS1) on
 input line 109.
LaTeX Encoding Info:    Redeclaring text symbol \textohm (encoding TS1) on inpu
t line 115.
LaTeX Encoding Info:    Redeclaring text symbol \textlbrackdbl (encoding TS1) o
n input line 116.
LaTeX Encoding Info:    Redeclaring text symbol \textrbrackdbl (encoding TS1) o
n input line 117.
LaTeX Encoding Info:    Redeclaring text symbol \textuparrow (encoding TS1) on 
input line 118.
LaTeX Encoding Info:    Redeclaring text symbol \textdownarrow (encoding TS1) o
n input line 119.
LaTeX Encoding Info:    Redeclaring text symbol \textasciigrave (encoding TS1) 
on input line 120.
LaTeX Encoding Info:    Redeclaring text symbol \textborn (encoding TS1) on inp
ut line 121.
LaTeX Encoding Info:    Redeclaring text symbol \textdivorced (encoding TS1) on
 input line 122.
LaTeX Encoding Info:    Redeclaring text symbol \textdied (encoding TS1) on inp
ut line 123.
LaTeX Encoding Info:    Redeclaring text symbol \textleaf (encoding TS1) on inp
ut line 124.
LaTeX Encoding Info:    Redeclaring text symbol \textmarried (encoding TS1) on 
input line 125.
LaTeX Encoding Info:    Redeclaring text symbol \textmusicalnote (encoding TS1)
 on input line 126.
LaTeX Encoding Info:    Redeclaring text symbol \texttildelow (encoding TS1) on
 input line 127.
LaTeX Encoding Info:    Redeclaring text symbol \textdblhyphenchar (encoding TS
1) on input line 128.
LaTeX Encoding Info:    Redeclaring text symbol \textasciibreve (encoding TS1) 
on input line 129.
LaTeX Encoding Info:    Redeclaring text symbol \textasciicaron (encoding TS1) 
on input line 130.
LaTeX Encoding Info:    Redeclaring text symbol \textacutedbl (encoding TS1) on
 input line 131.
LaTeX Encoding Info:    Redeclaring text symbol \textgravedbl (encoding TS1) on
 input line 132.
LaTeX Encoding Info:    Redeclaring text symbol \textdagger (encoding TS1) on i
nput line 133.
LaTeX Encoding Info:    Redeclaring text symbol \textdaggerdbl (encoding TS1) o
n input line 134.
LaTeX Encoding Info:    Redeclaring text symbol \textbardbl (encoding TS1) on i
nput line 135.
LaTeX Encoding Info:    Redeclaring text symbol \textperthousand (encoding TS1)
 on input line 136.
LaTeX Encoding Info:    Redeclaring text symbol \textbullet (encoding TS1) on i
nput line 137.
LaTeX Encoding Info:    Redeclaring text symbol \textcelsius (encoding TS1) on 
input line 138.
LaTeX Encoding Info:    Redeclaring text symbol \textdollaroldstyle (encoding T
S1) on input line 139.
LaTeX Encoding Info:    Redeclaring text symbol \textcentoldstyle (encoding TS1
) on input line 140.
LaTeX Encoding Info:    Redeclaring text symbol \textflorin (encoding TS1) on i
nput line 141.
LaTeX Encoding Info:    Redeclaring text symbol \textcolonmonetary (encoding TS
1) on input line 142.
LaTeX Encoding Info:    Redeclaring text symbol \textwon (encoding TS1) on inpu
t line 143.
LaTeX Encoding Info:    Redeclaring text symbol \textnaira (encoding TS1) on in
put line 144.
LaTeX Encoding Info:    Redeclaring text symbol \textguarani (encoding TS1) on 
input line 145.
LaTeX Encoding Info:    Redeclaring text symbol \textpeso (encoding TS1) on inp
ut line 146.
LaTeX Encoding Info:    Redeclaring text symbol \textlira (encoding TS1) on inp
ut line 147.
LaTeX Encoding Info:    Redeclaring text symbol \textrecipe (encoding TS1) on i
nput line 148.
LaTeX Encoding Info:    Redeclaring text symbol \textinterrobang (encoding TS1)
 on input line 149.
LaTeX Encoding Info:    Redeclaring text symbol \textinterrobangdown (encoding 
TS1) on input line 150.
LaTeX Encoding Info:    Redeclaring text symbol \textdong (encoding TS1) on inp
ut line 151.
LaTeX Encoding Info:    Redeclaring text symbol \texttrademark (encoding TS1) o
n input line 152.
LaTeX Encoding Info:    Redeclaring text symbol \textpertenthousand (encoding T
S1) on input line 153.
LaTeX Encoding Info:    Redeclaring text symbol \textpilcrow (encoding TS1) on 
input line 154.
LaTeX Encoding Info:    Redeclaring text symbol \textbaht (encoding TS1) on inp
ut line 155.
LaTeX Encoding Info:    Redeclaring text symbol \textnumero (encoding TS1) on i
nput line 156.
LaTeX Encoding Info:    Redeclaring text symbol \textdiscount (encoding TS1) on
 input line 157.
LaTeX Encoding Info:    Redeclaring text symbol \textestimated (encoding TS1) o
n input line 158.
LaTeX Encoding Info:    Redeclaring text symbol \textopenbullet (encoding TS1) 
on input line 159.
LaTeX Encoding Info:    Redeclaring text symbol \textservicemark (encoding TS1)
 on input line 160.
LaTeX Encoding Info:    Redeclaring text symbol \textlquill (encoding TS1) on i
nput line 161.
LaTeX Encoding Info:    Redeclaring text symbol \textrquill (encoding TS1) on i
nput line 162.
LaTeX Encoding Info:    Redeclaring text symbol \textcent (encoding TS1) on inp
ut line 163.
LaTeX Encoding Info:    Redeclaring text symbol \textsterling (encoding TS1) on
 input line 164.
LaTeX Encoding Info:    Redeclaring text symbol \textcurrency (encoding TS1) on
 input line 165.
LaTeX Encoding Info:    Redeclaring text symbol \textyen (encoding TS1) on inpu
t line 166.
LaTeX Encoding Info:    Redeclaring text symbol \textbrokenbar (encoding TS1) o
n input line 167.
LaTeX Encoding Info:    Redeclaring text symbol \textsection (encoding TS1) on 
input line 168.
LaTeX Encoding Info:    Redeclaring text symbol \textasciidieresis (encoding TS
1) on input line 169.
LaTeX Encoding Info:    Redeclaring text symbol \textcopyright (encoding TS1) o
n input line 170.
LaTeX Encoding Info:    Redeclaring text symbol \textordfeminine (encoding TS1)
 on input line 171.
LaTeX Encoding Info:    Redeclaring text symbol \textcopyleft (encoding TS1) on
 input line 172.
LaTeX Encoding Info:    Redeclaring text symbol \textlnot (encoding TS1) on inp
ut line 173.
LaTeX Encoding Info:    Redeclaring text symbol \textcircledP (encoding TS1) on
 input line 174.
LaTeX Encoding Info:    Redeclaring text symbol \textregistered (encoding TS1) 
on input line 175.
LaTeX Encoding Info:    Redeclaring text symbol \textasciimacron (encoding TS1)
 on input line 176.
LaTeX Encoding Info:    Redeclaring text symbol \textdegree (encoding TS1) on i
nput line 177.
LaTeX Encoding Info:    Redeclaring text symbol \textpm (encoding TS1) on input
 line 178.
LaTeX Encoding Info:    Redeclaring text symbol \texttwosuperior (encoding TS1)
 on input line 179.
LaTeX Encoding Info:    Redeclaring text symbol \textthreesuperior (encoding TS
1) on input line 180.
LaTeX Encoding Info:    Redeclaring text symbol \textasciiacute (encoding TS1) 
on input line 181.
LaTeX Encoding Info:    Redeclaring text symbol \textmu (encoding TS1) on input
 line 182.
LaTeX Encoding Info:    Redeclaring text symbol \textparagraph (encoding TS1) o
n input line 183.
LaTeX Encoding Info:    Redeclaring text symbol \textperiodcentered (encoding T
S1) on input line 184.
LaTeX Encoding Info:    Redeclaring text symbol \textreferencemark (encoding TS
1) on input line 185.
LaTeX Encoding Info:    Redeclaring text symbol \textonesuperior (encoding TS1)
 on input line 186.
LaTeX Encoding Info:    Redeclaring text symbol \textordmasculine (encoding TS1
) on input line 187.
LaTeX Encoding Info:    Redeclaring text symbol \textsurd (encoding TS1) on inp
ut line 188.
LaTeX Encoding Info:    Redeclaring text symbol \textonequarter (encoding TS1) 
on input line 189.
LaTeX Encoding Info:    Redeclaring text symbol \textonehalf (encoding TS1) on 
input line 190.
LaTeX Encoding Info:    Redeclaring text symbol \textthreequarters (encoding TS
1) on input line 191.
LaTeX Encoding Info:    Redeclaring text symbol \texteuro (encoding TS1) on inp
ut line 192.
LaTeX Encoding Info:    Redeclaring text symbol \texttimes (encoding TS1) on in
put line 193.
LaTeX Encoding Info:    Redeclaring text symbol \textdiv (encoding TS1) on inpu
t line 194.
))
(/usr/share/texmf-dist/tex/latex/amsmath/amsmath.sty
Package: amsmath 2025/07/09 v2.17z AMS math features
\@mathmargin=\skip51

For additional information on amsmath, use the `?' option.
(/usr/share/texmf-dist/tex/latex/amsmath/amstext.sty
Package: amstext 2024/11/17 v2.01 AMS text

(/usr/share/texmf-dist/tex/latex/amsmath/amsgen.sty
File: amsgen.sty 1999/11/30 v2.0 generic functions
\@emptytoks=\toks34
\ex@=\dimen273
))
(/usr/share/texmf-dist/tex/latex/amsmath/amsbsy.sty
Package: amsbsy 1999/11/29 v1.2d Bold Symbols
\pmbraise@=\dimen274
)
(/usr/share/texmf-dist/tex/latex/amsmath/amsopn.sty
Package: amsopn 2022/04/08 v2.04 operator names
)
\inf@bad=\count322
LaTeX Info: Redefining \frac on input line 235.
\uproot@=\count323
\leftroot@=\count324
LaTeX Info: Redefining \overline on input line 398.
LaTeX Info: Redefining \colon on input line 409.
\classnum@=\count325
\DOTSCASE@=\count326
LaTeX Info: Redefining \ldots on input line 495.
LaTeX Info: Redefining \dots on input line 498.
LaTeX Info: Redefining \cdots on input line 619.
\Mathstrutbox@=\box65
\strutbox@=\box66
LaTeX Info: Redefining \big on input line 721.
LaTeX Info: Redefining \Big on input line 722.
LaTeX Info: Redefining \bigg on input line 723.
LaTeX Info: Redefining \Bigg on input line 724.
\big@size=\dimen275
LaTeX Font Info:    Redeclaring font encoding OML on input line 742.
LaTeX Font Info:    Redeclaring font encoding OMS on input line 743.
\macc@depth=\count327
LaTeX Info: Redefining \bmod on input line 904.
LaTeX Info: Redefining \pmod on input line 909.
LaTeX Info: Redefining \smash on input line 939.
LaTeX Info: Redefining \relbar on input line 969.
LaTeX Info: Redefining \Relbar on input line 970.
\c@MaxMatrixCols=\count328
\dotsspace@=\muskip17
\c@parentequation=\count329
\dspbrk@lvl=\count330
\tag@help=\toks35
\row@=\count331
\column@=\count332
\maxfields@=\count333
\andhelp@=\toks36
\eqnshift@=\dimen276
\alignsep@=\dimen277
\tagshift@=\dimen278
\tagwidth@=\dimen279
\totwidth@=\dimen280
\lineht@=\dimen281
\@envbody=\toks37
\multlinegap=\skip52
\multlinetaggap=\skip53
\mathdisplay@stack=\toks38
LaTeX Info: Redefining \[ on input line 2950.
LaTeX Info: Redefining \] on input line 2951.
)
(/usr/share/texmf-dist/tex/lualatex/lualatex-math/lualatex-math.sty
Package: lualatex-math 2022/01/01 v1.12 Patches for mathematics typesetting wit
h LuaLaTeX

(/usr/share/texmf-dist/tex/latex/etoolbox/etoolbox.sty
Package: etoolbox 2025/10/02 v2.5m e-TeX tools for LaTeX (JAW)
\etb@tempcnta=\count334
)
Lua module: lualatex-math 2013/08/03 v1.3 Patches for mathematics typesetting wi
th LuaLaTeX)
\g__um_fam_int=\count335
\g__um_fonts_used_int=\count336
\l__um_primecount_int=\count337
\g__um_primekern_muskip=\muskip18

(/usr/share/texmf-dist/tex/latex/unicode-math/unicode-math-table.tex)))

Package fontspec Info: 
(fontspec)             Font family 'STIXTwoMath(0)' created for font 'STIX Two
(fontspec)             Math' with options
(fontspec)             [Renderer=Basic,BoldItalicFont={},ItalicFont={},SmallCap
sFont={},Script=Math,RawFeature={mathfontdimen=xetex},BoldFont={STIX
(fontspec)             Two Math},ItalicFont={STIX Two
(fontspec)             Math},BoldItalicFont={STIX Two Math}].
(fontspec)              
(fontspec)              This font family consists of the following NFSS
(fontspec)             series/shapes:
(fontspec)              
(fontspec)             - 'normal' (m/n) with NFSS spec.: <->"name:STIX Two
(fontspec)             Math:mode=base;script=math;language=dflt;mathfontdimen=x
etex;"
(fontspec)             - 'bold' (b/n) with NFSS spec.: <->"name:STIX Two
(fontspec)             Math:mode=base;script=math;language=dflt;mathfontdimen=x
etex;"
(fontspec)             - 'italic' (m/it) with NFSS spec.: <->"name:STIX Two
(fontspec)             Math:mode=base;script=math;language=dflt;mathfontdimen=x
etex;"
(fontspec)             - 'bold italic' (b/it) with NFSS spec.: <->"name:STIX
(fontspec)             Two
(fontspec)             Math:mode=base;script=math;language=dflt;mathfontdimen=x
etex;"


Package fontspec Info: 
(fontspec)             Font family 'STIXTwoMath(1)' created for font 'STIX Two
(fontspec)             Math' with options
(fontspec)             [Renderer=Basic,BoldItalicFont={},ItalicFont={},SmallCap
sFont={},Script=Math,SizeFeatures={{Size=10.2-},{Size=7.5-10.2,Font=STIX
(fontspec)             Two Math,Style=MathScript},{Size=-7.5,Font=STIX Two
(fontspec)             Math,Style=MathScriptScript}},RawFeature={mathfontdimen=
xetex},BoldFont={STIX
(fontspec)             Two Math},ItalicFont={STIX Two
(fontspec)             Math},BoldItalicFont={STIX Two Math}].
(fontspec)              
(fontspec)              This font family consists of the following NFSS
(fontspec)             series/shapes:
(fontspec)              
(fontspec)             - 'normal' (m/n) with NFSS spec.: <10.2->"name:STIX Two
(fontspec)             Math:mode=base;script=math;language=dflt;mathfontdimen=x
etex;"<7.5-10.2>"name:STIX
(fontspec)             Two
(fontspec)             Math:mode=base;script=math;language=dflt;mathfontdimen=x
etex;+ssty=0;"<-7.5>"name:STIX
(fontspec)             Two
(fontspec)             Math:mode=base;script=math;language=dflt;mathfontdimen=x
etex;+ssty=1;"
(fontspec)             - 'bold' (b/n) with NFSS spec.: <->"name:STIX Two
(fontspec)             Math:mode=base;script=math;language=dflt;mathfontdimen=x
etex;"
(fontspec)             - 'italic' (m/it) with NFSS spec.: <->"name:STIX Two
(fontspec)             Math:mode=base;script=math;language=dflt;mathfontdimen=x
etex;"
(fontspec)             - 'bold italic' (b/it) with NFSS spec.: <->"name:STIX
(fontspec)             Two
(fontspec)             Math:mode=base;script=math;language=dflt;mathfontdimen=x
etex;"

LaTeX Font Info:    Encoding `OT1' has changed to `TU' for symbol font
(Font)              `operators' in the math version `normal' on input line 24.
LaTeX Font Info:    Overwriting symbol font `operators' in version `normal'
(Font)                  OT1/cmr/m/n --> TU/STIXTwoMath(1)/m/n on input line 24.

LaTeX Font Info:    Encoding `OT1' has changed to `TU' for symbol font
(Font)              `operators' in the math version `bold' on input line 24.
LaTeX Font Info:    Overwriting symbol font `operators' in version `bold'
(Font)                  OT1/cmr/bx/n --> TU/STIXTwoMath(1)/b/n on input line 24
.

Package fontspec Info: 
(fontspec)             Font family 'STIXTwoMath(2)' created for font 'STIX Two
(fontspec)             Math' with options
(fontspec)             [Renderer=Basic,BoldItalicFont={},ItalicFont={},SmallCap
sFont={},Script=Math,SizeFeatures={{Size=10.2-},{Size=7.5-10.2,Font=STIX
(fontspec)             Two Math,Style=MathScript},{Size=-7.5,Font=STIX Two
(fontspec)             Math,Style=MathScriptScript}},RawFeature={mathfontdimen=
xetex},BoldFont={STIX
(fontspec)             Two Math},ItalicFont={STIX Two
(fontspec)             Math},BoldItalicFont={STIX Two
(fontspec)             Math},RawFeature={mathfontdimen=tex2}].
(fontspec)              
(fontspec)              This font family consists of the following NFSS
(fontspec)             series/shapes:
(fontspec)              
(fontspec)             - 'normal' (m/n) with NFSS spec.: <10.2->"name:STIX Two
(fontspec)             Math:mode=base;script=math;language=dflt;mathfontdimen=x
etex;mathfontdimen=tex2;"<7.5-10.2>"name:STIX
(fontspec)             Two
(fontspec)             Math:mode=base;script=math;language=dflt;mathfontdimen=x
etex;mathfontdimen=tex2;+ssty=0;"<-7.5>"name:STIX
(fontspec)             Two
(fontspec)             Math:mode=base;script=math;language=dflt;mathfontdimen=x
etex;mathfontdimen=tex2;+ssty=1;"
(fontspec)             - 'bold' (b/n) with NFSS spec.: <->"name:STIX Two
(fontspec)             Math:mode=base;script=math;language=dflt;mathfontdimen=x
etex;mathfontdimen=tex2;"
(fontspec)             - 'italic' (m/it) with NFSS spec.: <->"name:STIX Two
(fontspec)             Math:mode=base;script=math;language=dflt;mathfontdimen=x
etex;mathfontdimen=tex2;"
(fontspec)             - 'bold italic' (b/it) with NFSS spec.: <->"name:STIX
(fontspec)             Two
(fontspec)             Math:mode=base;script=math;language=dflt;mathfontdimen=x
etex;mathfontdimen=tex2;"

LaTeX Font Info:    Encoding `OMS' has changed to `TU' for symbol font
(Font)              `symbols' in the math version `normal' on input line 24.
LaTeX Font Info:    Overwriting symbol font `symbols' in version `normal'
(Font)                  OMS/cmsy/m/n --> TU/STIXTwoMath(2)/m/n on input line 24
.
LaTeX Font Info:    Encoding `OMS' has changed to `TU' for symbol font
(Font)              `symbols' in the math version `bold' on input line 24.
LaTeX Font Info:    Overwriting symbol font `symbols' in version `bold'
(Font)                  OMS/cmsy/b/n --> TU/STIXTwoMath(2)/b/n on input line 24
.

Package fontspec Info: 
(fontspec)             Font family 'STIXTwoMath(3)' created for font 'STIX Two
(fontspec)             Math' with options
(fontspec)             [Renderer=Basic,BoldItalicFont={},ItalicFont={},SmallCap
sFont={},Script=Math,SizeFeatures={{Size=10.2-},{Size=7.5-10.2,Font=STIX
(fontspec)             Two Math,Style=MathScript},{Size=-7.5,Font=STIX Two
(fontspec)             Math,Style=MathScriptScript}},RawFeature={mathfontdimen=
xetex},BoldFont={STIX
(fontspec)             Two Math},ItalicFont={STIX Two
(fontspec)             Math},BoldItalicFont={STIX Two
(fontspec)             Math},RawFeature={mathfontdimen=tex3}].
(fontspec)              
(fontspec)              This font family consists of the following NFSS
(fontspec)             series/shapes:
(fontspec)              
(fontspec)             - 'normal' (m/n) with NFSS spec.: <10.2->"name:STIX Two
(fontspec)             Math:mode=base;script=math;language=dflt;mathfontdimen=x
etex;mathfontdimen=tex3;"<7.5-10.2>"name:STIX
(fontspec)             Two
(fontspec)             Math:mode=base;script=math;language=dflt;mathfontdimen=x
etex;mathfontdimen=tex3;+ssty=0;"<-7.5>"name:STIX
(fontspec)             Two
(fontspec)             Math:mode=base;script=math;language=dflt;mathfontdimen=x
etex;mathfontdimen=tex3;+ssty=1;"
(fontspec)             - 'bold' (b/n) with NFSS spec.: <->"name:STIX Two
(fontspec)             Math:mode=base;script=math;language=dflt;mathfontdimen=x
etex;mathfontdimen=tex3;"
(fontspec)             - 'italic' (m/it) with NFSS spec.: <->"name:STIX Two
(fontspec)             Math:mode=base;script=math;language=dflt;mathfontdimen=x
etex;mathfontdimen=tex3;"
(fontspec)             - 'bold italic' (b/it) with NFSS spec.: <->"name:STIX
(fontspec)             Two
(fontspec)             Math:mode=base;script=math;language=dflt;mathfontdimen=x
etex;mathfontdimen=tex3;"

LaTeX Font Info:    Encoding `OMX' has changed to `TU' for symbol font
(Font)              `largesymbols' in the math version `normal' on input line 2
4.
LaTeX Font Info:    Overwriting symbol font `largesymbols' in version `normal'
(Font)                  OMX/cmex/m/n --> TU/STIXTwoMath(3)/m/n on input line 24
.
LaTeX Font Info:    Encoding `OMX' has changed to `TU' for symbol font
(Font)              `largesymbols' in the math version `bold' on input line 24.

LaTeX Font Info:    Overwriting symbol font `largesymbols' in version `bold'
(Font)                  OMX/cmex/m/n --> TU/STIXTwoMath(3)/b/n on input line 24
.

(/usr/share/texmf-dist/tex/latex/geometry/geometry.sty
Package: geometry 2020/01/02 v5.9 Page Geometry

(/usr/share/texmf-dist/tex/generic/iftex/ifvtex.sty
Package: ifvtex 2019/10/25 v1.7 ifvtex legacy package. Use iftex instead.

(/usr/share/texmf-dist/tex/generic/iftex/iftex.sty
Package: iftex 2024/12/12 v1.0g TeX engine tests
))
\Gm@cnth=\count338
\Gm@cntv=\count339
\c@Gm@tempcnt=\count340
\Gm@bindingoffset=\dimen282
\Gm@wd@mp=\dimen283
\Gm@odd@mp=\dimen284
\Gm@even@mp=\dimen285
\Gm@layoutwidth=\dimen286
\Gm@layoutheight=\dimen287
\Gm@layouthoffset=\dimen288
\Gm@layoutvoffset=\dimen289
\Gm@dimlist=\toks39
)
(/usr/share/texmf-dist/tex/latex/setspace/setspace.sty
Package: setspace 2022/12/04 v6.7b set line spacing
)
(/usr/share/texmf-dist/tex/generic/babel/babel.sty
Package: babel 2026/02/14 v26.3 The multilingual framework for LuaLaTeX, pdfLaT
eX and XeLaTeX

(/usr/share/texmf-dist/tex/generic/babel/luababel.def
\bbl@readstream=\read3
\l@dumylang=\language2
Package babel Info: Non-standard hyphenation setup on input line 118.
\l@nohyphenation=\language3
\l@arabic=\language4
\l@farsi=\language5
\l@pinyin=\language6
\l@belarusian=\language7
\l@bulgarian=\language8
\l@churchslavonic=\language9
\l@kazakh=\language10
\l@mongolian=\language11
\l@mongolianlmc=\language12
\l@russian=\language13
\l@serbian=\language14
\l@serbianc=\language15
\l@ukrainian=\language16
\l@czech=\language17
\l@slovak=\language18
\l@ukenglish=\language19
\l@usenglishmax=\language20
\l@albanian=\language21
\l@croatian=\language22
\l@danish=\language23
\l@dutch=\language24
\l@estonian=\language25
\l@finnish=\language26
\l@schoolfinnish=\language27
\l@friulan=\language28
\l@hungarian=\language29
\l@icelandic=\language30
\l@irish=\language31
\l@kurmanji=\language32
\l@classiclatin=\language33
\l@latin=\language34
\l@liturgicallatin=\language35
\l@latvian=\language36
\l@lithuanian=\language37
\l@macedonian=\language38
\l@bokmal=\language39
\l@nynorsk=\language40
\l@occitan=\language41
\l@piedmontese=\language42
\l@romanian=\language43
\l@romansh=\language44
\l@slovenian=\language45
\l@swedish=\language46
\l@turkish=\language47
\l@uppersorbian=\language48
\l@welsh=\language49
\l@basque=\language50
\l@french=\language51
\l@german-x-2024-02-28=\language52
\l@ngerman-x-2024-02-28=\language53
\l@german=\language54
\l@ngerman=\language55
\l@swissgerman=\language56
\l@ancientgreek=\language57
\l@ibycus=\language58
\l@greek=\language59
\l@monogreek=\language60
\l@italian=\language61
\l@afrikaans=\language62
\l@armenian=\language63
\l@coptic=\language64
\l@esperanto=\language65
\l@ethiopic=\language66
\l@georgian=\language67
\l@hebrew=\language68
\l@assamese=\language69
\l@bengali=\language70
\l@gujarati=\language71
\l@hindi=\language72
\l@kannada=\language73
\l@malayalam=\language74
\l@marathi=\language75
\l@oriya=\language76
\l@pali=\language77
\l@panjabi=\language78
\l@tamil=\language79
\l@telugu=\language80
\l@indonesian=\language81
\l@interlingua=\language82
\l@sanskrit=\language83
\l@thai=\language84
\l@turkmen=\language85
\l@vietnamese=\language86
\l@polish=\language87
\l@portuguese=\language88
\l@catalan=\language89
\l@galician=\language90
\l@spanish=\language91
\babelcatcodetablenum=\catcodetable15
\bbl@pattcodes=\catcodetable16
)
\babel@savecnt=\count341
LaTeX Encoding Info:    Redeclaring text command \ij (encoding OT1) on input li
ne 2078.
LaTeX Encoding Info:    Redeclaring text command \IJ (encoding OT1) on input li
ne 2080.
LaTeX Encoding Info:    Redeclaring text command \ij (encoding T1) on input lin
e 2082.
LaTeX Encoding Info:    Redeclaring text command \IJ (encoding T1) on input lin
e 2083.
LaTeX Encoding Info:    Ignoring declaration for text command \ij (encoding ?) 
on input line 2084.
LaTeX Encoding Info:    Ignoring declaration for text command \IJ (encoding ?) 
on input line 2086.
LaTeX Encoding Info:    Ignoring declaration for text command \SS (encoding ?) 
on input line 2111.
\U@D=\dimen290
\l@unhyphenated=\language92

(/usr/share/texmf-dist/tex/generic/babel/luababel.def
\bbl@attr@locale=\attribute4
)
Package babel Info: You haven't specified a language as a class or package
(babel)             option. I'll load 'nil'. Reported on input line 4265.
Package babel Info: Importing font and identification data for nil
(babel)             from babel-und-x-nil.ini. Reported on input line 4330.

(/usr/share/texmf-dist/tex/generic/babel/nil.ldf
Language: nil 2026/02/14 v26.3 Nil language
\l@nil=\language93
))
(/usr/share/texmf-dist/tex/generic/babel/locale/en/babel-english.tex)
Package babel Info: Importing data for english
(babel)             from babel-en.ini. Reported on input line 42.

(/usr/share/texmf-dist/tex/generic/babel/locale/pt/babel-portuguese.tex)
Package babel Info: Importing data for portuguese
(babel)             from babel-pt.ini. Reported on input line 43.

(/usr/share/texmf-dist/tex/latex/datetime/datetime.sty
Package: datetime 2015/03/20 v2.60 Date Time Package

(/usr/share/texmf-dist/tex/latex/fmtcount/fmtcount.sty
Package: fmtcount 2025/12/02 v3.12 Displaying the values of LaTeX counters (NT,
VB,NE)

(/usr/share/texmf-dist/tex/latex/base/ifthen.sty
Package: ifthen 2024/03/16 v1.1e Standard LaTeX ifthen package (DPC)
)
(/usr/share/texmf-dist/tex/latex/xkeyval/xkeyval.sty
Package: xkeyval 2025/11/04 v2.10 package option processing (HA)

(/usr/share/texmf-dist/tex/generic/xkeyval/xkeyval.tex
(/usr/share/texmf-dist/tex/generic/xkeyval/xkvutils.tex
\XKV@toks=\toks40
\XKV@tempa@toks=\toks41
\XKV@tempb@toks=\toks42
)
\XKV@depth=\count342
File: xkeyval.tex 2014/12/03 v2.7a key=value parser (HA)
))
(/usr/share/texmf-dist/tex/latex/fmtcount/fcprefix.sty
Package: fcprefix 2012/09/28

(/usr/share/texmf-dist/tex/latex/fmtcount/fcnumparser.sty
Package: fcnumparser 2017/06/15
\fc@digit@counter=\count343
))
\c@padzeroesN=\count344
\fc@tmpcatcode=\count345
\@DT@modctr=\count346
\@ordinalctr=\count347
\@orgargctr=\count348
\@strctr=\count349
\@tmpstrctr=\count350
\@DT@loopN=\count351
\@DT@X=\count352
)
(/usr/share/texmf-dist/tex/latex/datetime/datetime-defaults.sty
Package: datetime-defaults 2013/09/10
)
\@day=\count353
\@month=\count354
\@year=\count355
\c@HOUR=\count356
\c@HOURXII=\count357
\c@MINUTE=\count358
\c@TOHOUR=\count359
\c@TOMINUTE=\count360
\c@SECOND=\count361
\currenthour=\count362
\currentminute=\count363
\currentsecond=\count364
Package datetime Info: No datetime.cfg file found, using default settings on in
put line 308.
\@dtctr=\count365
\dayofyear=\count366
\dayofweek=\count367
LaTeX Info: Redefining \today on input line 736.
\dt@a=\toks43
\dt@b=\toks44
)
(/usr/share/texmf-dist/tex/latex/csquotes/csquotes.sty
Package: csquotes 2024-04-04 v5.2o context-sensitive quotations (JAW)
\csq@reset=\count368
\csq@gtype=\count369
\csq@glevel=\count370
\csq@qlevel=\count371
\csq@maxlvl=\count372
\csq@tshold=\count373
\csq@ltx@everypar=\toks45

(/usr/share/texmf-dist/tex/latex/csquotes/csquotes.def
File: csquotes.def 2024-04-04 v5.2o csquotes generic definitions (JAW)
)
Package csquotes Info: Trying to load configuration file 'csquotes.cfg'...
Package csquotes Info: ... configuration file loaded successfully.

(/usr/share/texmf-dist/tex/latex/csquotes/csquotes.cfg
File: csquotes.cfg 
))
(/usr/share/texmf-dist/tex/latex/fancyhdr/fancyhdr.sty
Package: fancyhdr 2025/02/07 v5.2 Extensive control of page headers and footers

\f@nch@headwidth=\skip54
\f@nch@offset@elh=\skip55
\f@nch@offset@erh=\skip56
\f@nch@offset@olh=\skip57
\f@nch@offset@orh=\skip58
\f@nch@offset@elf=\skip59
\f@nch@offset@erf=\skip60
\f@nch@offset@olf=\skip61
\f@nch@offset@orf=\skip62
\f@nch@height=\skip63
\f@nch@footalignment=\skip64
\f@nch@widthL=\skip65
\f@nch@widthC=\skip66
\f@nch@widthR=\skip67
\@temptokenb=\toks46
)
(/usr/share/texmf-dist/tex/latex/biblatex/biblatex.sty
Package: biblatex 2025/07/10 v3.21 programmable bibliographies (PK/MW)

(/usr/share/texmf-dist/tex/generic/pdftexcmds/pdftexcmds.sty
Package: pdftexcmds 2020-06-27 v0.33 Utility functions of pdfTeX for LuaTeX (HO
)

(/usr/share/texmf-dist/tex/generic/infwarerr/infwarerr.sty
Package: infwarerr 2019/12/03 v1.5 Providing info/warning/error messages (HO)
)
(/usr/share/texmf-dist/tex/generic/ltxcmds/ltxcmds.sty
Package: ltxcmds 2023-12-04 v1.26 LaTeX kernel commands for general use (HO)
)
Package pdftexcmds Info: \pdf@primitive is available.
Package pdftexcmds Info: \pdf@ifprimitive is available.
Package pdftexcmds Info: \pdfdraftmode found.
\pdftexcmds@toks=\toks47
)
(/usr/share/texmf-dist/tex/latex/kvoptions/kvoptions.sty
Package: kvoptions 2022-06-15 v3.15 Key value format for package options (HO)

(/usr/share/texmf-dist/tex/latex/kvsetkeys/kvsetkeys.sty
Package: kvsetkeys 2022-10-05 v1.19 Key value parser (HO)
))
(/usr/share/texmf-dist/tex/latex/logreq/logreq.sty
Package: logreq 2010/08/04 v1.0 xml request logger
\lrq@indent=\count374

(/usr/share/texmf-dist/tex/latex/logreq/logreq.def
File: logreq.def 2010/08/04 v1.0 logreq spec v1.0
))
(/usr/share/texmf-dist/tex/latex/url/url.sty
\Urlmuskip=\muskip19
Package: url 2013/09/16  ver 3.4  Verb mode for urls, etc.
)
\c@tabx@nest=\count375
\c@listtotal=\count376
\c@listcount=\count377
\c@liststart=\count378
\c@liststop=\count379
\c@citecount=\count380
\c@citetotal=\count381
\c@multicitecount=\count382
\c@multicitetotal=\count383
\c@instcount=\count384
\c@maxnames=\count385
\c@minnames=\count386
\c@maxitems=\count387
\c@minitems=\count388
\c@citecounter=\count389
\c@maxcitecounter=\count390
\c@savedcitecounter=\count391
\c@uniquelist=\count392
\c@uniquename=\count393
\c@refsection=\count394
\c@refsegment=\count395
\c@maxextratitle=\count396
\c@maxextratitleyear=\count397
\c@maxextraname=\count398
\c@maxextradate=\count399
\c@maxextraalpha=\count400
\c@abbrvpenalty=\count401
\c@highnamepenalty=\count402
\c@lownamepenalty=\count403
\c@maxparens=\count404
\c@parenlevel=\count405
\blx@tempcnta=\count406
\blx@tempcntb=\count407
\blx@tempcntc=\count408
\c@blx@maxsection=\count409
\blx@maxsegment@0=\count410
\blx@notetype=\count411
\blx@parenlevel@text=\count412
\blx@parenlevel@foot=\count413
\blx@sectionciteorder@0=\count414
\blx@sectionciteorderinternal@0=\count415
\blx@entrysetcounter=\count416
\blx@biblioinstance=\count417
\labelnumberwidth=\skip68
\labelalphawidth=\skip69
\biblabelsep=\skip70
\bibitemsep=\skip71
\bibnamesep=\skip72
\bibinitsep=\skip73
\bibparsep=\skip74
\bibhang=\skip75
\blx@bcfin=\read4
\blx@bcfout=\write4
\blx@langwohyphens=\language94
\c@mincomprange=\count418
\c@maxcomprange=\count419
\c@mincompwidth=\count420
Package biblatex Info: Trying to load biblatex default data model...
Package biblatex Info: ... file 'blx-dm.def' found.

(/usr/share/texmf-dist/tex/latex/biblatex/blx-dm.def
File: blx-dm.def 2025/07/10 v3.21 biblatex datamodel (PK/MW)
)
Package biblatex Info: Trying to load biblatex style data model...
Package biblatex Info: ... file 'abnt.dbx' not found.
Package biblatex Info: Trying to load biblatex custom data model...
Package biblatex Info: ... file 'biblatex-dm.cfg' not found.
\c@afterword=\count421
\c@savedafterword=\count422
\c@annotator=\count423
\c@savedannotator=\count424
\c@author=\count425
\c@savedauthor=\count426
\c@bookauthor=\count427
\c@savedbookauthor=\count428
\c@commentator=\count429
\c@savedcommentator=\count430
\c@editor=\count431
\c@savededitor=\count432
\c@editora=\count433
\c@savededitora=\count434
\c@editorb=\count435
\c@savededitorb=\count436
\c@editorc=\count437
\c@savededitorc=\count438
\c@foreword=\count439
\c@savedforeword=\count440
\c@holder=\count441
\c@savedholder=\count442
\c@introduction=\count443
\c@savedintroduction=\count444
\c@namea=\count445
\c@savednamea=\count446
\c@nameb=\count447
\c@savednameb=\count448
\c@namec=\count449
\c@savednamec=\count450
\c@translator=\count451
\c@savedtranslator=\count452
\c@shortauthor=\count453
\c@savedshortauthor=\count454
\c@shorteditor=\count455
\c@savedshorteditor=\count456
\c@labelname=\count457
\c@savedlabelname=\count458
\c@institution=\count459
\c@savedinstitution=\count460
\c@lista=\count461
\c@savedlista=\count462
\c@listb=\count463
\c@savedlistb=\count464
\c@listc=\count465
\c@savedlistc=\count466
\c@listd=\count467
\c@savedlistd=\count468
\c@liste=\count469
\c@savedliste=\count470
\c@listf=\count471
\c@savedlistf=\count472
\c@location=\count473
\c@savedlocation=\count474
\c@organization=\count475
\c@savedorganization=\count476
\c@origlocation=\count477
\c@savedoriglocation=\count478
\c@origpublisher=\count479
\c@savedorigpublisher=\count480
\c@publisher=\count481
\c@savedpublisher=\count482
\c@language=\count483
\c@savedlanguage=\count484
\c@origlanguage=\count485
\c@savedoriglanguage=\count486
\c@pageref=\count487
\c@savedpageref=\count488
\shorthandwidth=\skip76
\shortjournalwidth=\skip77
\shortserieswidth=\skip78
\shorttitlewidth=\skip79
\shortauthorwidth=\skip80
\shorteditorwidth=\skip81
\locallabelnumberwidth=\skip82
\locallabelalphawidth=\skip83
\localshorthandwidth=\skip84
\localshortjournalwidth=\skip85
\localshortserieswidth=\skip86
\localshorttitlewidth=\skip87
\localshortauthorwidth=\skip88
\localshorteditorwidth=\skip89
Package biblatex Info: Trying to load enhanced support for Unicode engines...
Package biblatex Info: ... file 'blx-unicode.def' found.

(/usr/share/texmf-dist/tex/latex/biblatex/blx-unicode.def)
Package biblatex Info: Trying to load compatibility code...
Package biblatex Info: ... file 'blx-compat.def' found.

(/usr/share/texmf-dist/tex/latex/biblatex/blx-compat.def
File: blx-compat.def 2025/07/10 v3.21 biblatex compatibility (PK/MW)
)
Package biblatex Info: Trying to load generic definitions...
Package biblatex Info: ... file 'biblatex.def' found.

(/usr/share/texmf-dist/tex/latex/biblatex/biblatex.def
File: biblatex.def 2025/07/10 v3.21 biblatex compatibility (PK/MW)
\c@textcitecount=\count489
\c@textcitetotal=\count490
\c@textcitemaxnames=\count491
\c@biburlbigbreakpenalty=\count492
\c@biburlbreakpenalty=\count493
\c@biburlnumpenalty=\count494
\c@biburlucpenalty=\count495
\c@biburllcpenalty=\count496
\biburlbigskip=\muskip20
\biburlnumskip=\muskip21
\biburlucskip=\muskip22
\biburllcskip=\muskip23
\c@smartand=\count497
)
Package biblatex Info: Trying to load bibliography style 'abnt'...
Package biblatex Info: ... file 'abnt.bbx' found.

(/usr/share/texmf-dist/tex/latex/biblatex-abnt/abnt.bbx
File: abnt.bbx 2018-11-17 v3.4 ABNT BibLaTeX citation style

(/usr/share/texmf-dist/tex/latex/xpatch/xpatch.sty
Package: xpatch 2020/03/25 v0.3a Extending etoolbox patching commands
)
Package biblatex Info: Trying to load bibliography style 'standard'...
Package biblatex Info: ... file 'standard.bbx' found.

(/usr/share/texmf-dist/tex/latex/biblatex/bbx/standard.bbx
File: standard.bbx 2025/07/10 v3.21 biblatex bibliography style (PK/MW)
\c@bbx:relatedcount=\count498
\c@bbx:relatedtotal=\count499
))
Package biblatex Info: Trying to load citation style 'abnt'...
Package biblatex Info: ... file 'abnt.cbx' found.

(/usr/share/texmf-dist/tex/latex/biblatex-abnt/abnt.cbx
File: abnt.cbx 2018-11-17 v3.4 ABNT BibLaTeX citation style
Package biblatex Info: Trying to load citation style 'authoryear-comp'...
Package biblatex Info: ... file 'authoryear-comp.cbx' found.

(/usr/share/texmf-dist/tex/latex/biblatex/cbx/authoryear-comp.cbx
File: authoryear-comp.cbx 2025/07/10 v3.21 biblatex citation style (PK/MW)
Package biblatex Info: Redefining '\cite'.
Package biblatex Info: Redefining '\parencite'.
Package biblatex Info: Redefining '\footcite'.
Package biblatex Info: Redefining '\footcitetext'.
Package biblatex Info: Redefining '\smartcite'.
Package biblatex Info: Redefining '\textcite'.
Package biblatex Info: Redefining '\textcites'.
Package biblatex Info: Redefining '\cites'.
Package biblatex Info: Redefining '\parencites'.
Package biblatex Info: Redefining '\footcites'.
Package biblatex Info: Redefining '\footcitetexts'.
Package biblatex Info: Redefining '\smartcites'.
)
Package biblatex Info: Redefining '\cite'.
Package biblatex Info: Redefining '\cites'.
Package biblatex Info: Redefining '\footcite'.
Package biblatex Info: Redefining '\footcites'.
Package biblatex Info: Redefining '\citetitle'.
Package biblatex Info: Redefining '\smartcite'.
Package biblatex Info: Redefining '\citeauthor'.
Package biblatex Info: Redefining '\citeyear'.
)
Package biblatex Info: Trying to load configuration file...
Package biblatex Info: ... file 'biblatex.cfg' found.

(/usr/share/texmf-dist/tex/latex/biblatex/biblatex.cfg
File: biblatex.cfg 
)
Package biblatex Info: LuaTeX detected.
(biblatex)             Assuming input encoding 'utf8'.
Package biblatex Info: Document encoding is UTF8 ....
Package biblatex Info: ... and expl3
(biblatex)             2026-01-19 L3 programming layer (loader) 
(biblatex)             is new enough (at least 2020/04/06),
(biblatex)             setting 'casechanger=expl3'.

(/usr/share/texmf-dist/tex/latex/biblatex/blx-case-expl3.sty
Package: blx-case-expl3 2025/07/10 v3.21 expl3 case changing code for biblatex
))
(/usr/share/texmf-dist/tex/latex/standalone/standalone.sty
Package: standalone 2025/02/22 v1.5a Package to include TeX sub-files with prea
mbles

(/usr/share/texmf-dist/tex/latex/tools/shellesc.sty
Package: shellesc 2023/07/08 v1.0d unified shell escape interface for LaTeX
Package shellesc Info: Unrestricted shell escape enabled on input line 75.
)
(/usr/share/texmf-dist/tex/latex/currfile/currfile.sty
Package: currfile 2024/03/14 v1.0 Provides the file path elements of the curren
t input file

(/usr/share/texmf-dist/tex/latex/filehook/filehook.sty
Package: filehook 2022/10/25 v0.8b Hooks for input files

(/usr/share/texmf-dist/tex/latex/filehook/filehook-2020.sty
Package: filehook-2020 2022/10/25 v0.8b Hooks for input files
))
\c@currfiledepth=\count500
)
(/usr/share/texmf-dist/tex/latex/gincltex/gincltex.sty
(/usr/share/texmf-dist/tex/latex/svn-prov/svn-prov.sty
Package: svn-prov 2010/04/24 v3.1862 Package Date/Version from SVN Keywords
)
Package: gincltex 2011/09/04 v0.3 Include external LaTeX files like graphics

(/usr/share/texmf-dist/tex/latex/adjustbox/adjustbox.sty
Package: adjustbox 2025/02/26 v1.3c Adjusting TeX boxes (trim, clip, ...)

(/usr/share/texmf-dist/tex/latex/adjustbox/adjcalc.sty
Package: adjcalc 2012/05/16 v1.1 Provides advanced setlength with multiple back
-ends (calc, etex, pgfmath)
)
(/usr/share/texmf-dist/tex/latex/adjustbox/trimclip.sty
Package: trimclip 2025/02/21 v1.2a Trim and clip general TeX material

(/usr/share/texmf-dist/tex/latex/collectbox/collectbox.sty
Package: collectbox 2022/10/17 v0.4c Collect macro arguments as boxes
\collectedbox=\box67
)
\tc@llx=\dimen291
\tc@lly=\dimen292
\tc@urx=\dimen293
\tc@ury=\dimen294
Package trimclip Info: Using driver 'tc-luatex.def'.

(/usr/share/texmf-dist/tex/latex/adjustbox/tc-luatex.def
File: tc-luatex.def 2025/02/26 v1.1 Clipping driver for luatex

(/usr/share/texmf-dist/tex/latex/adjustbox/tc-pdftex.def
File: tc-pdftex.def 2025/02/26 v2.3 Clipping driver for pdftex
)))
\adjbox@Width=\dimen295
\adjbox@Height=\dimen296
\adjbox@Depth=\dimen297
\adjbox@Totalheight=\dimen298
\adjbox@pwidth=\dimen299
\adjbox@pheight=\dimen300
\adjbox@pdepth=\dimen301
\adjbox@ptotalheight=\dimen302

(/usr/share/texmf-dist/tex/latex/ifoddpage/ifoddpage.sty
Package: ifoddpage 2022/10/18 v1.2 Conditionals for odd/even page detection
\c@checkoddpage=\count501
)
(/usr/share/texmf-dist/tex/latex/varwidth/varwidth.sty
Package: varwidth 2009/03/30 ver 0.92;  Variable-width minipages
\@vwid@box=\box68
\sift@deathcycles=\count502
\@vwid@loff=\dimen303
\@vwid@roff=\dimen304
)
==> First Aid for varwidth.sty applied!
)
\gincltex@box=\box69
) (/usr/share/texmf-dist/tex/latex/filemod/filemod-expmin.sty
Package: filemod-expmin 2011/09/19 v1.2 Get and compare file modification times
 (expandable; minimal)
))
(/usr/share/texmf-dist/tex/latex/booktabs/booktabs.sty
Package: booktabs 2020/01/12 v1.61803398 Publication quality tables
\heavyrulewidth=\dimen305
\lightrulewidth=\dimen306
\cmidrulewidth=\dimen307
\belowrulesep=\dimen308
\belowbottomsep=\dimen309
\aboverulesep=\dimen310
\abovetopsep=\dimen311
\cmidrulesep=\dimen312
\cmidrulekern=\dimen313
\defaultaddspace=\dimen314
\@cmidla=\count503
\@cmidlb=\count504
\@aboverulesep=\dimen315
\@belowrulesep=\dimen316
\@thisruleclass=\count505
\@lastruleclass=\count506
\@thisrulewidth=\dimen317
)
(/usr/share/texmf-dist/tex/latex/caption/caption.sty
Package: caption 2023/08/05 v3.6o Customizing captions (AR)

(/usr/share/texmf-dist/tex/latex/caption/caption3.sty
Package: caption3 2023/07/31 v2.4d caption3 kernel (AR)
\caption@tempdima=\dimen318
\captionmargin=\dimen319
\caption@leftmargin=\dimen320
\caption@rightmargin=\dimen321
\caption@width=\dimen322
\caption@indent=\dimen323
\caption@parindent=\dimen324
\caption@hangindent=\dimen325
Package caption Info: Standard document class detected.
)
\c@caption@flags=\count507
\c@continuedfloat=\count508
)
(/usr/share/texmf-dist/tex/latex/caption/subcaption.sty
Package: subcaption 2023/07/28 v1.6b Sub-captions (AR)
Package caption Info: New subtype `subfigure' on input line 238.
\c@subfigure=\count509
Package caption Info: New subtype `subtable' on input line 238.
\c@subtable=\count510
)
(/usr/share/texmf-dist/tex/latex/siunitx/siunitx.sty
Package: siunitx 2025-07-09 v3.4.14 A comprehensive (SI) units package
\l__siunitx_number_uncert_offset_int=\count511
\l__siunitx_number_exponent_fixed_int=\count512
\l__siunitx_number_min_decimal_int=\count513
\l__siunitx_number_min_integer_int=\count514
\l__siunitx_number_round_precision_int=\count515
\l__siunitx_number_lower_threshold_int=\count516
\l__siunitx_number_upper_threshold_int=\count517
\l__siunitx_number_group_first_int=\count518
\l__siunitx_number_group_size_int=\count519
\l__siunitx_number_group_minimum_int=\count520
\l__siunitx_angle_tmp_dim=\dimen326
\l__siunitx_angle_marker_box=\box70
\l__siunitx_angle_unit_box=\box71
\l__siunitx_compound_count_int=\count521

(/usr/share/texmf-dist/tex/latex/translations/translations.sty
Package: translations 2022/02/05 v1.12 internationalization of LaTeX2e packages
 (CN)
)
\l__siunitx_table_tmp_box=\box72
\l__siunitx_table_tmp_dim=\dimen327
\l__siunitx_table_column_width_dim=\dimen328
\l__siunitx_table_integer_box=\box73
\l__siunitx_table_decimal_box=\box74
\l__siunitx_table_uncert_box=\box75
\l__siunitx_table_before_box=\box76
\l__siunitx_table_after_box=\box77
\l__siunitx_table_before_dim=\dimen329
\l__siunitx_table_carry_dim=\dimen330
\l__siunitx_unit_tmp_int=\count522
\l__siunitx_unit_position_int=\count523
\l__siunitx_unit_total_int=\count524

(/usr/share/texmf-dist/tex/latex/tools/array.sty
Package: array 2025/09/25 v2.6n Tabular extension package (FMi)
\col@sep=\dimen331
\ar@mcellbox=\box78
\extrarowheight=\dimen332
\NC@list=\toks48
\extratabsurround=\skip90
\backup@length=\skip91
\ar@cellbox=\box79
))
(/usr/share/texmf-dist/tex/latex/chemmacros/chemmacros.sty
Package: chemmacros 2022/03/11 v6.2a comprehensive support for typesetting chem
istry documents (CN & SK)
\l__chemmacros_tmpa_dim=\dimen333
\l__chemmacros_tmpb_dim=\dimen334
\l__chemmacros_tmpc_dim=\dimen335
\l__chemmacros_tmpa_int=\count525
\l__chemmacros_tmpb_int=\count526
\l__chemmacros_tmpc_int=\count527
\l__chemmacros_tmpa_box=\box80
\l__chemmacros_tmpb_box=\box81
\l__chemmacros_tmpc_box=\box82
Loading the chemmacros module `base' ...

Loading the chemmacros module `base' ...
(/usr/share/texmf-dist/tex/latex/tools/bm.sty
Package: bm 2025/10/21 v1.2g Bold Symbol Support (DPC/FMi)
\symboldoperators=\mathgroup4
\symboldletters=\mathgroup5
\symboldsymbols=\mathgroup6
\symboldlargesymbols=\mathgroup7
LaTeX Font Info:    Redeclaring math alphabet \mathbf on input line 149.
)
Loading the chemmacros module `errorcheck' ...

Loading the chemmacros module `errorcheck' ...
Loading the chemmacros module `lang' ...
Loading the chemmacros module `lang' ...
Loading the chemmacros module `greek' ...
Loading the chemmacros module `greek' ...
(/usr/share/texmf-dist/tex/latex/chemgreek/chemgreek.sty
Package: chemgreek 2020/01/16 v1.1a interface for upright Greek letters for use
 in chemistry (CN)
\l__chemgreek_tmpa_int=\count528
\g__chemgreek_tmpa_int=\count529
)
Loading the chemmacros module `formula' ...

Loading the chemmacros module `formula' ...
Loading the chemmacros module `charges' ...
Loading the chemmacros module `charges' ...
Loading the chemmacros module `acid-base' ...
Loading the chemmacros module `acid-base' ...
Loading the chemmacros module `symbols' ...
Loading the chemmacros module `symbols' ...
Loading the chemmacros module `particles' ...
Loading the chemmacros module `particles' ...
\l__chemmacros_nucleophile_dim=\dimen336
Loading the chemmacros module `phases' ...
Loading the chemmacros module `phases' ...
\l__chemmacros_phases_space_dim=\dimen337
Loading the chemmacros module `nomenclature' ...
Loading the chemmacros module `nomenclature' ...
\l__chemmacros_cip_kern_dim=\dimen338
\l__chemmacros_iupac_hyphen_pre_dim=\dimen339
\l__chemmacros_iupac_hyphen_post_dim=\dimen340
\l__chemmacros_iupac_break_dim=\dimen341
\l__chemmacros_iupac_break_skip=\skip92
Loading the chemmacros module `tikz' ...
Loading the chemmacros module `tikz' ...

(/usr/share/texmf-dist/tex/generic/pgf/frontendlayer/tikz/libraries/tikzlibrary
calc.code.tex
File: tikzlibrarycalc.code.tex 2025-08-29 v3.1.11a (3.1.11a)
)
\l__chemmacros_el_length_dim=\dimen342
Loading the chemmacros module `isotopes' ...

Loading the chemmacros module `isotopes' ...
(/usr/share/texmf-dist/tex/latex/elements/elements.sty
Package: elements 2022/01/29 v0.4 properties of chemical elements
\c@@elements@orbital@type=\count530
\c@@elements@shell@number=\count531
)
Loading the chemmacros module `mechanisms' ...

Loading the chemmacros module `mechanisms' ...
Loading the chemmacros module `newman' ...
Loading the chemmacros module `newman' ...
Loading the chemmacros module `orbital' ...
Loading the chemmacros module `orbital' ...
Loading the chemmacros module `polymers' ...
Loading the chemmacros module `polymers' ...
\l__chemmacros_polymer_delimiter_height_dim=\dimen343
\l__chemmacros_polymer_delimiter_depth_dim=\dimen344
Loading the chemmacros module `reactions' ...
Loading the chemmacros module `reactions' ...
\c@reaction=\count532
(/usr/share/texmf-dist/tex/latex/mathtools/mathtools.sty
Package: mathtools 2024/10/04 v1.31 mathematical typesetting tools

(/usr/share/texmf-dist/tex/latex/tools/calc.sty
Package: calc 2025/03/01 v4.3b Infix arithmetic (KKT,FJ)
\calc@Acount=\count533
\calc@Bcount=\count534
\calc@Adimen=\dimen345
\calc@Bdimen=\dimen346
\calc@Askip=\skip93
\calc@Bskip=\skip94
LaTeX Info: Redefining \setlength on input line 86.
LaTeX Info: Redefining \addtolength on input line 87.
\calc@Ccount=\count535
\calc@Cskip=\skip95
)
(/usr/share/texmf-dist/tex/latex/mathtools/mhsetup.sty
Package: mhsetup 2021/03/18 v1.4 programming setup (MH)
)

Package mathtools Warning: For best results, please load mathtools *before* 
(mathtools)                unicode-math on input line 127.

\g_MT_multlinerow_int=\count536
\l_MT_multwidth_dim=\dimen347
\origjot=\skip96
\l_MT_shortvdotswithinadjustabove_dim=\dimen348
\l_MT_shortvdotswithinadjustbelow_dim=\dimen349
\l_MT_above_intertext_sep=\dimen350
\l_MT_below_intertext_sep=\dimen351
\l_MT_above_shortintertext_sep=\dimen352
\l_MT_below_shortintertext_sep=\dimen353
\xmathstrut@box=\box83
\xmathstrut@dim=\dimen354
)
Loading the chemmacros module `redox' ...

Loading the chemmacros module `redox' ...
(/usr/share/texmf-dist/tex/latex/relsize/relsize.sty
Package: relsize 2013/03/29 ver 4.1
)
\l__chemmacros_ox_number_int=\count537
\l__chemmacros_redox_sep_dim=\dimen355
\l__chemmacros_redox_sep_default_dim=\dimen356
\l__chemmacros_redox_dist_dim=\dimen357
Loading the chemmacros module `xfrac' ...

Loading the chemmacros module `xfrac' ...
(/usr/share/texmf-dist/tex/latex/xfrac/xfrac.sty
Package: xfrac 2024-06-04 Split-level fractions
\l__xfrac_slash_box=\box84
\l__xfrac_tmp_box=\box85
\l__xfrac_denominator_bot_sep_dim=\dimen358
\l__xfrac_numerator_bot_sep_dim=\dimen359
\l__xfrac_numerator_top_sep_dim=\dimen360
\l__xfrac_slash_left_sep_dim=\dimen361
\l__xfrac_slash_right_sep_dim=\dimen362
\l__xfrac_slash_left_muskip=\muskip24
\l__xfrac_slash_right_muskip=\muskip25

LaTeX template Info: Declaring template type 'xfrac' taking 3 argument(s) on
(template)           line 100.


LaTeX template Info: Declaring instance 'cmr' of type xfrac on line 392.


LaTeX template Info: Declaring instance 'cmss' of type xfrac on line 392.


LaTeX template Info: Declaring instance 'cmtt' of type xfrac on line 392.

)

LaTeX template Info: Declaring instance 'chemmacros-frac-cmr-superscript' of
(template)           type xfrac on line 4683.


LaTeX template Info: Declaring instance 'chemmacros-frac-cmr-text' of type
(template)           xfrac on line 4691.

Loading the chemmacros module `scheme' ...

Loading the chemmacros module `scheme' ...
(/usr/share/texmf-dist/tex/latex/chemnum/chemnum.sty
Package: chemnum 2021/01/21 v1.3a a comprehensive approach for the numbering of
 chemical compounds (CN)

(/usr/share/texmf-dist/tex/latex/psfrag/psfrag.sty
Package: psfrag 1998/04/11 v3.04 PSfrag (MCG)
\pfg@pcount=\count538
\pfg@scount=\count539
\pfg@temp=\write5
)
\l__chemnum_tmpa_int=\count540
\l__chemnum_tmpb_int=\count541
\l__chemnum_tmpc_int=\count542
\c@cmpdmain=\count543
\g__chemnum_main_int=\count544
\l__chemnum_compound_replace_int=\count545
)
==> First Aid for chemnum.sty applied!
Loading the chemmacros module `spectroscopy' ...
Loading the chemmacros module `spectroscopy' ...
\l__chemmacros_nmr_space_skip=\skip97
Loading the chemmacros module `thermodynamics' ...
Loading the chemmacros module `thermodynamics' ...
Loading the chemmacros module `units' ...
Loading the chemmacros module `units' ...
Loading the chemmacros module `reactants' ...
Loading the chemmacros module `reactants' ...
Loading the chemmacros module `translations' ...
Loading the chemmacros module `translations' ...
) (/usr/share/texmf-dist/tex/latex/mhchem/mhchem.sty
Package: mhchem 2024/01/29 v4.10 for typesetting chemical formulae
\l__mhchem_ce_distanceFromLastComma_int=\count546
\__mhchem_arrow_extPgfLength_skip=\skip98
\mhchem@minispace@tmp=\skip99
\mhchem@minibackspace@tmp=\skip100
\mhchem@bondwidth=\skip101
\mhchem@bondheight=\skip102
\mhchem@smallbondwidth@tmpA=\skip103
\mhchem@smallbondwidth@tmpB=\skip104
\mhchem@smallbondwidth=\skip105
\mhchem@bondtmp@minussidebearingleft=\skip106
\mhchem@bondtmp@minussidebearingright=\skip107
\l__mhchem_option_version_int=\count547
\mhchem@option@minusmathsidebearingleft=\dimen363
\mhchem@option@minusmathsidebearingright=\dimen364
\mhchem@option@minustextsidebearingleft=\dimen365
\mhchem@option@minustextsidebearingright=\dimen366
)
(/usr/share/texmf-dist/tex/latex/pdflscape/pdflscape.sty
Package: pdflscape 2025-06-23 v0.14 Display of landscape pages in PDF

(/usr/share/texmf-dist/tex/latex/pdflscape/pdflscape-nometadata.sty
Package: pdflscape-nometadata 2025-06-23 v0.14 Display of landscape pages in PD
F (HO)

(/usr/share/texmf-dist/tex/latex/graphics/lscape.sty
Package: lscape 2020/05/28 v3.02 Landscape Pages (DPC)
)
Package pdflscape Info: Auto-detected driver: pdftex on input line 81.
))
(/usr/share/texmf-dist/tex/latex/graphics/rotating.sty
Package: rotating 2025/01/14 v2.16e rotated objects in LaTeX
\c@r@tfl@t=\count548
\rotFPtop=\skip108
\rotFPbot=\skip109
\rot@float@box=\box86
\rot@mess@toks=\toks49
)
(/usr/share/texmf-dist/tex/latex/makecell/makecell.sty
Package: makecell 2009/08/03 V0.1e Managing of Tab Column Heads and Cells
\rotheadsize=\dimen367
\c@nlinenum=\count549
\TeXr@lab=\toks50
)
(/usr/share/texmf-dist/tex/latex/multirow/multirow.sty
Package: multirow 2024/11/12 v2.9 Span multiple rows of a table
\multirow@colwidth=\skip110
\multirow@cntb=\count550
\multirow@dima=\skip111
\bigstrutjot=\dimen368
)
(/usr/share/texmf-dist/tex/latex/threeparttable/threeparttable.sty
Package: threeparttable 2003/06/13  v 3.0
\@tempboxb=\box87
)
(/usr/share/texmf-dist/tex/latex/xltabular/xltabular.sty
Package: xltabular 2025/02/28 v0.2i `xltabular' package (hv,RN)

(/usr/share/texmf-dist/tex/latex/tools/tabularx.sty
Package: tabularx 2023/12/11 v2.12a `tabularx' package (DPC)
\TX@col@width=\dimen369
\TX@old@table=\dimen370
\TX@old@col=\dimen371
\TX@target=\dimen372
\TX@delta=\dimen373
\TX@cols=\count551
\TX@ftn=\toks51
)
(/usr/share/texmf-dist/tex/latex/ltablex/ltablex.sty
Package: ltablex 2014/08/13 v1.1 Modified tabularx

(/usr/share/texmf-dist/tex/latex/tools/longtable.sty
Package: longtable 2025-10-13 v4.24 Multi-page Table package (DPC)
\LTleft=\skip112
\LTright=\skip113
\LTpre=\skip114
\LTpost=\skip115
\LTchunksize=\count552
\LTcapwidth=\dimen374
\LT@head=\box88
\LT@firsthead=\box89
\LT@foot=\box90
\LT@lastfoot=\box91
\LT@gbox=\box92
\LT@cols=\count553
\LT@rows=\count554
\c@LT@tables=\count555
\c@LT@chunks=\count556
\LT@p@ftn=\toks52
)))
(/usr/share/texmf-dist/tex/latex/threeparttablex/threeparttablex.sty
Package: threeparttablex 2013/07/23 v0.3 by daleif

(/usr/share/texmf-dist/tex/latex/environ/environ.sty
Package: environ 2014/05/04 v0.3 A new way to define environments

(/usr/share/texmf-dist/tex/latex/trimspaces/trimspaces.sty
Package: trimspaces 2009/09/17 v1.1 Trim spaces around a token list
))
\TPTL@width=\skip116
)
(/usr/share/texmf-dist/tex/latex/pgfplots/pgfplotstable.sty
(/usr/share/texmf-dist/tex/generic/pgfplots/pgfplots.revision.tex)
Package: pgfplotstable 2025/08/14 v1.18.2 Table typesetting and Pretty-printing
 (1.18.2)

(/usr/share/texmf-dist/tex/generic/pgfplots/numtable/pgfplotstable.code.tex
(/usr/share/texmf-dist/tex/generic/pgfplots/numtable/pgfplotstable.coltype.code
.tex))) (/usr/share/texmf-dist/tex/latex/csvsimple/csvsimple.sty
Package: csvsimple 2024/09/27 v2.7.0 LaTeX CSV file processing
)
(/usr/share/texmf-dist/tex/latex/csvsimple/csvsimple-legacy.sty
Package: csvsimple-legacy 2024/09/27 version 2.7.0 LaTeX2e CSV file processing
\csv@file=\read5
\c@csvinputline=\count557
\c@csvrow=\count558
\c@csvcol=\count559
\csv@out=\write6
)
(/usr/share/texmf-dist/tex/latex/microtype/microtype.sty
Package: microtype 2026/03/01 v3.2d Micro-typographical refinements (RS)
\MT@toks=\toks53
\MT@tempbox=\box93
\MT@count=\count560
LaTeX Info: Redefining \noprotrusionifhmode on input line 1084.
LaTeX Info: Redefining \leftprotrusion on input line 1085.
\MT@prot@toks=\toks54
LaTeX Info: Redefining \rightprotrusion on input line 1104.
LaTeX Info: Redefining \textls on input line 1449.
\MT@outer@kern=\dimen375
LaTeX Info: Redefining \microtypecontext on input line 2053.
LaTeX Info: Redefining \textmicrotypecontext on input line 2070.
\MT@listname@count=\count561

(/usr/share/texmf-dist/tex/latex/microtype/microtype-luatex.def
File: microtype-luatex.def 2026/03/01 v3.2d Definitions specific to luatex (RS)

Lua module: microtype 2026/03/01 v3.2d microtype module.
Module microtype Info: overwriting function `keepligature' on input line 63
LaTeX Info: Redefining \lsstyle on input line 779.
LaTeX Info: Redefining \lslig on input line 779.
\MT@outer@space=\skip117
)
Package microtype Info: Loading configuration file microtype.cfg.

(/usr/share/texmf-dist/tex/latex/microtype/microtype.cfg
File: microtype.cfg 2026/03/01 v3.2d microtype main configuration file (RS)
)
LaTeX Info: Redefining \microtypesetup on input line 3065.
)
(/usr/share/texmf-dist/tex/latex/hyperref/hyperref.sty
Package: hyperref 2026-01-29 v7.01p Hypertext links for LaTeX

(/usr/share/texmf-dist/tex/generic/kvdefinekeys/kvdefinekeys.sty
Package: kvdefinekeys 2019-12-19 v1.6 Define keys (HO)
)
(/usr/share/texmf-dist/tex/generic/pdfescape/pdfescape.sty
Package: pdfescape 2019/12/09 v1.15 Implements pdfTeX's escape features (HO)
)
(/usr/share/texmf-dist/tex/latex/hycolor/hycolor.sty
Package: hycolor 2020-01-27 v1.10 Color options for hyperref/bookmark (HO)
)
(/usr/share/texmf-dist/tex/latex/hyperref/nameref.sty
Package: nameref 2026-01-29 v2.58 Cross-referencing by name of section

(/usr/share/texmf-dist/tex/latex/refcount/refcount.sty
Package: refcount 2019/12/15 v3.6 Data extraction from label references (HO)
)
(/usr/share/texmf-dist/tex/generic/gettitlestring/gettitlestring.sty
Package: gettitlestring 2019/12/15 v1.6 Cleanup title references (HO)
)
\c@section@level=\count562
)
(/usr/share/texmf-dist/tex/generic/stringenc/stringenc.sty
Package: stringenc 2019/11/29 v1.12 Convert strings between diff. encodings (HO
)
)
\@linkdim=\dimen376
\Hy@linkcounter=\count563
\Hy@pagecounter=\count564

(/usr/share/texmf-dist/tex/latex/hyperref/pd1enc.def
File: pd1enc.def 2026-01-29 v7.01p Hyperref: PDFDocEncoding definition (HO)
)
(/usr/share/texmf-dist/tex/generic/intcalc/intcalc.sty
Package: intcalc 2019/12/15 v1.3 Expandable calculations with integers (HO)
)
\Hy@SavedSpaceFactor=\count565

(/usr/share/texmf-dist/tex/latex/hyperref/puenc.def
File: puenc.def 2026-01-29 v7.01p Hyperref: PDF Unicode definition (HO)
)
Package hyperref Info: Hyper figures OFF on input line 4201.
Package hyperref Info: Link nesting OFF on input line 4206.
Package hyperref Info: Hyper index ON on input line 4209.
Package hyperref Info: Plain pages OFF on input line 4216.
Package hyperref Info: Backreferencing OFF on input line 4221.
Package hyperref Info: Implicit mode ON; LaTeX internals redefined.
Package hyperref Info: Bookmarks ON on input line 4468.
\c@Hy@tempcnt=\count566
LaTeX Info: Redefining \url on input line 4807.
\XeTeXLinkMargin=\dimen377

(/usr/share/texmf-dist/tex/generic/bitset/bitset.sty
Package: bitset 2019/12/09 v1.3 Handle bit-vector datatype (HO)

(/usr/share/texmf-dist/tex/generic/bigintcalc/bigintcalc.sty
Package: bigintcalc 2019/12/15 v1.5 Expandable calculations on big integers (HO
)
))
\Fld@menulength=\count567
\Field@Width=\dimen378
\Fld@charsize=\dimen379
Package hyperref Info: Hyper figures OFF on input line 6084.
Package hyperref Info: Link nesting OFF on input line 6089.
Package hyperref Info: Hyper index ON on input line 6092.
Package hyperref Info: backreferencing OFF on input line 6099.
Package hyperref Info: Link coloring OFF on input line 6104.
Package hyperref Info: Link coloring with OCG OFF on input line 6109.
Package hyperref Info: PDF/A mode OFF on input line 6114.
\Hy@abspage=\count568
\c@Item=\count569
\c@Hfootnote=\count570
)
Package hyperref Info: Driver (autodetected): hluatex.

(/usr/share/texmf-dist/tex/latex/hyperref/hluatex.def
File: hluatex.def 2026-01-29 v7.01p Hyperref driver for luaTeX
\Fld@listcount=\count571
\c@bookmark@seq@number=\count572

(/usr/share/texmf-dist/tex/latex/rerunfilecheck/rerunfilecheck.sty
Package: rerunfilecheck 2025-06-21 v1.11 Rerun checks for auxiliary files (HO)

(/usr/share/texmf-dist/tex/generic/uniquecounter/uniquecounter.sty
Package: uniquecounter 2019/12/15 v1.4 Provide unlimited unique counter (HO)
)
Package uniquecounter Info: New unique counter `rerunfilecheck' on input line 2
84.
)
\Hy@SectionHShift=\skip118
)
Package hyperref Info: Option `colorlinks' set `true' on input line 129.

(/usr/share/texmf-dist/tex/generic/xstring/xstring.sty
(/usr/share/texmf-dist/tex/generic/xstring/xstring.tex
\xs_counta=\count573
\xs_countb=\count574
)
Package: xstring 2023/08/22 v1.86 String manipulations (CT)
)
(/usr/share/texmf-dist/tex/latex/cleveref/cleveref.sty
Package: cleveref 2018/03/27 v0.21.4 Intelligent cross-referencing
Package cleveref Info: `hyperref' support loaded on input line 2370.
LaTeX Info: Redefining \cref on input line 2370.
LaTeX Info: Redefining \Cref on input line 2370.
LaTeX Info: Redefining \crefrange on input line 2370.
LaTeX Info: Redefining \Crefrange on input line 2370.
LaTeX Info: Redefining \cpageref on input line 2370.
LaTeX Info: Redefining \Cpageref on input line 2370.
LaTeX Info: Redefining \cpagerefrange on input line 2370.
LaTeX Info: Redefining \Cpagerefrange on input line 2370.
LaTeX Info: Redefining \labelcref on input line 2370.
LaTeX Info: Redefining \labelcpageref on input line 2370.
)
==> First Aid for cleveref.sty applied!
(/usr/share/texmf-dist/tex/latex/float/float.sty
Package: float 2001/11/08 v1.3d Float enhancements (AL)
\c@float@type=\count575
\float@exts=\toks55
\float@box=\box94
\@float@everytoks=\toks56
\@floatcapt=\box95
)
(/usr/share/texmf-dist/tex/latex/glossaries-extra/glossaries-extra.sty
Package: glossaries-extra 2025/11/03 v1.9 (NLCT)

(/usr/share/texmf-dist/tex/latex/glossaries/base/glossaries.sty
Package: glossaries 2025/11/09 v4.9 (NLCT)

(/usr/share/texmf-dist/tex/latex/mfirstuc/mfirstuc.sty
Package: mfirstuc 2025/04/03 v2.09 (NLCT)
\@glsmfirst=\toks57
\@glsmrest=\toks58
)
(/usr/share/texmf-dist/tex/latex/xfor/xfor.sty
Package: xfor 2009/02/05 v1.05 (NLCT)
)
(/usr/share/texmf-dist/tex/latex/tracklang/tracklang.sty
Package: tracklang 2025/03/11 v1.6.6 (NLCT) Track Languages

(/usr/share/texmf-dist/tex/generic/tracklang/tracklang.tex)
Package tracklang Info: Tracking dialect `nil' (language `undetermined') on inp
ut line 264.
Package tracklang Info: Tracking dialect `english' (language `english') on inpu
t line 264.
Package tracklang Info: Tracking dialect `portuguese' (language `portuges') on 
input line 264.
)

Package glossaries Warning: No language module detected for `nil'.
(glossaries)                Language modules need to be installed separately.
(glossaries)                Please check on CTAN for a bundle called
(glossaries)                `glossaries-undetermined' or similar.

(/usr/share/texmf-dist/tex/latex/glossaries-english/glossaries-english.ldf
File: glossaries-english.ldf 2014/11/23 v1.0
)
(/usr/share/texmf-dist/tex/latex/glossaries-portuges/glossaries-portuges.ldf
File: glossaries-portuges.ldf 2014/11/23 v1.0

(/usr/share/texmf-dist/tex/latex/glossaries-portuges/glossaries-portuges-noenc.
ldf)) (/usr/share/texmf-dist/tex/latex/datatool/datatool-base.sty
Package: datatool-base 2025/12/04 v3.4.3 (NLCT)
\l__datatool_tmpa_int=\count576
\l__datatool_tmpb_int=\count577
\l__datatool_tmpc_int=\count578
\l__datatool_tmpd_int=\count579
\l__datatool_count_int=\count580
\l__datatool_tmp_datatype_int=\count581
\l__datatool_tmpa_dim=\dimen380
\l__datatool_tmpb_dim=\dimen381

(/usr/share/texmf-dist/tex/latex/datatool/datatool-lua.def
File: datatool-lua.def 2025/12/04 v3.4.3 (NLCT)
)
\@dtl@toks=\toks59
\@dtl@tmpcount=\count582
\dtl@tmplength=\skip119
\l__datatool_measure_box=\box96
\dtl@sortresult=\count583

(/usr/share/texmf-dist/tex/latex/datatool/datatool-utf8.ldf
File: datatool-utf8.ldf 2025/12/04 v3.4.3 (NLCT)
)
\@dtl@datatype=\count584
\c_datatool_unknown_int=\count585
\l__datatool_year_int=\count586
\l__datatool_month_int=\count587
\l__datatool_day_int=\count588
\l__datatool_hour_int=\count589
\l__datatool_minute_int=\count590
\l__datatool_second_int=\count591
\l__datatool_tzhour_int=\count592
\l__datatool_tzminute_int=\count593
\l__datatool_julian_int=\count594
\l__datatool_local_julian_int=\count595
\l__datatool_prefix_int=\count596
\l__datatool_suffix_int=\count597
\@dtl@foreach@level=\count598

(/usr/share/texmf-dist/tex/latex/datatool/datatool-undetermined.ldf
File: datatool-undetermined.ldf 2025/12/04 v3.4.3
)
(/usr/share/texmf-dist/tex/latex/datatool-english/datatool-english.ldf
File: datatool-english.ldf 2025/03/12 v1.1 (NLCT)

(/usr/share/texmf-dist/tex/latex/datatool-english/datatool-english-utf8.ldf
File: datatool-english-utf8.ldf 2025/03/12 v1.1 (NLCT)
))

Package tracklang Warning: No `datatool' support for dialect `portuguese'  on i
nput line 9924.

\dtl@codeA=\count599
\dtl@codeB=\count600
)
\gls@level=\count601
\@gls@tmpb=\toks60
\gls@tmplen=\skip120
\l__glossaries_tmpa_dim=\dimen382
\l__glossaries_tmpb_dim=\dimen383
\glskeylisttok=\toks61
\glslabeltok=\toks62
\glsshorttok=\toks63
\glslongtok=\toks64
 (/usr/share/texmf-dist/tex/latex/glossaries/styles/glossary-hypernav.sty
Package: glossary-hypernav 2025/11/09 v4.9 (NLCT)
)
(/usr/share/texmf-dist/tex/latex/glossaries/styles/glossary-list.sty
Package: glossary-list 2025/11/09 v4.9 (NLCT)
\glslistdottedwidth=\skip121
)
(/usr/share/texmf-dist/tex/latex/glossaries/styles/glossary-long.sty
Package: glossary-long 2025/11/09 v4.9 (NLCT)
\glsdescwidth=\skip122
\glspagelistwidth=\skip123
)
(/usr/share/texmf-dist/tex/latex/glossaries/styles/glossary-super.sty
Package: glossary-super 2025/11/09 v4.9 (NLCT)

(/usr/share/texmf-dist/tex/latex/supertabular/supertabular.sty
Package: supertabular 2025/06/26 v4.2d the supertabular environment
\c@tracingst=\count602
\ST@wd=\dimen384
\ST@rightskip=\skip124
\ST@leftskip=\skip125
\ST@parfillskip=\skip126
\ST@pageleft=\dimen385
\ST@headht=\dimen386
\ST@tailht=\dimen387
\ST@pagesofar=\dimen388
\ST@pboxht=\dimen389
\ST@rowht=\dimen390
\ST@prevht=\dimen391
\ST@toadd=\dimen392
\ST@dimen=\dimen393
\ST@pbox=\box97
))
(/usr/share/texmf-dist/tex/latex/glossaries/styles/glossary-tree.sty
Package: glossary-tree 2025/11/09 v4.9 (NLCT)
\l__glossaries_tree_max_known_level_int=\count603
\l__glossaries_tree_offset_dim=\dimen394
\l__glossaries_tree_namewidth_dim=\dimen395
\l__glossaries_tree_symbolwidth_dim=\dimen396
\l__glossaries_tree_prenamesym_width_dim=\dimen397
\l__glossaries_tree_presubnamesym_width_dim=\dimen398
\l__glossaries_tree_namewidth_padding_dim=\dimen399
\l__glossaries_tree_symbolwidth_padding_dim=\dimen400
\l__glossaries_tree_namesymbolwidth_dim=\dimen401
\l__glossaries_tree_namesymbolwidth_padding_dim=\dimen402
\l__glossaries_tree_level_int=\count604
\glstreeindent=\skip127
))
(/usr/share/texmf-dist/tex/latex/glossaries-extra/glossaries-extra-bib2gls.sty
Package: glossaries-extra-bib2gls 2025/11/03 v1.9 (NLCT)
)
\@glsxtr@leveloffset=\count605
\glsxtrresourcecount=\count606
\@glsxtrnewgls@inner=\count607
\glsshortpltok=\toks65
\glslongpltok=\toks66

(/usr/share/texmf-dist/tex/latex/glossaries-extra/glossaries-extra-abbrstyles.d
ef
File: glossaries-extra-abbrstyles.def 2025/11/03 v1.9 (NLCT)
)
\mglselementindex=\count608
)

Package glossaries-extra Warning: Glossary type `abbreviations' already exists 
on input line 183.


Package glossaries-extra Warning: Glossary type `symbols' already exists on inp
ut line 184.

(./build/main.glstex) (./build/main-1.glstex) (./build/main-2.glstex)
(./build/main-3.glstex) (./build/main-4.glstex) (./build/main-5.glstex))
(./graphs.sty
Package: graphs 
) (./scripts.sty
Package: scripts 
) (./alone.sty
Package: alone 

(/usr/share/texmf-dist/tex/generic/pgf/frontendlayer/tikz/libraries/tikzlibrary
positioning.code.tex
File: tikzlibrarypositioning.code.tex 2025-08-29 v3.1.11a (3.1.11a)
)
(/usr/share/texmf-dist/tex/generic/pgf/libraries/pgflibraryarrows.meta.code.tex
File: pgflibraryarrows.meta.code.tex 2025-08-29 v3.1.11a (3.1.11a)
\pgfarrowinset=\dimen403
\pgfarrowlength=\dimen404
\pgfarrowwidth=\dimen405
\pgfarrowlinewidth=\dimen406
)
(/usr/share/texmf-dist/tex/generic/pgf/frontendlayer/tikz/libraries/tikzlibrary
backgrounds.code.tex
File: tikzlibrarybackgrounds.code.tex 2025-08-29 v3.1.11a (3.1.11a)
\pgf@layerbox@background=\box98
\pgf@layerboxsaved@background=\box99
))
(/usr/share/texmf-dist/tex/latex/chemformula/chemformula.sty
(/usr/share/texmf-dist/tex/latex/units/nicefrac.sty
Package: nicefrac 1998/08/04 v0.9b Nice fractions
\L@UnitsRaiseDisplaystyle=\skip128
\L@UnitsRaiseTextstyle=\skip129
\L@UnitsRaiseScriptstyle=\skip130
)
Package: chemformula 2022/01/23 v4.17 typeset chemical compounds and reactions 
(CN)
\l__chemformula_tmpa_dim=\dimen407
\l__chemformula_tmpb_dim=\dimen408
\l__chemformula_tmpc_dim=\dimen409
\l__chemformula_tmpa_int=\count609
\l__chemformula_tmpb_int=\count610
\l__chemformula_tmpc_int=\count611
\l__chemformula_tmpa_box=\box100
\l__chemformula_tmpb_box=\box101
\l__chemformula_arrow_length_dim=\dimen410
\l__chemformula_arrow_label_height_dim=\dimen411
\l__chemformula_arrow_label_offset_dim=\dimen412
\l__chemformula_arrow_minimum_length_dim=\dimen413
\l__chemformula_arrow_shortage_dim=\dimen414
\l__chemformula_arrow_offset_dim=\dimen415
\l__chemformula_arrow_yshift_dim=\dimen416
\l__chemformula_radical_radius_dim=\dimen417
\l__chemformula_radical_hshift_dim=\dimen418
\l__chemformula_radical_vshift_dim=\dimen419
\l__chemformula_radical_space_dim=\dimen420
\l__chemformula_arrow_head_dim=\dimen421
\l__chemformula_name_dim=\dimen422
\l__chemformula_adduct_space_dim=\dimen423
\l__chemformula_charge_shift_dim=\dimen424
\l__chemformula_subscript_shift_dim=\dimen425
\l__chemformula_superscript_shift_dim=\dimen426
\l__chemformula_subscript_dim=\dimen427
\l__chemformula_superscript_dim=\dimen428
\l__chemformula_bond_dim=\dimen429
\l__chemformula_bond_space_dim=\dimen430
\l__chemformula_elspec_pair_distance_dim=\dimen431
\l__chemformula_elspec_pair_line_length_dim=\dimen432
\l__chemformula_elspec_pair_width_dim=\dimen433
\l__chemformula_kroegervink_positive_radius_dim=\dimen434
\l__chemformula_kroegervink_positive_hshift_dim=\dimen435
\l__chemformula_kroegervink_positive_vshift_dim=\dimen436
\l__chemformula_kroegervink_positive_space_dim=\dimen437
\l__chemformula_stoich_space_skip=\skip131
\l__chemformula_math_space_skip=\skip132
\l__chemformula_additions_symbol_space_skip=\skip133
\l__chemformula_count_tokens_int=\count612
\g__chemformula_lewis_int=\count613
\l__chemformula_arrow_arg_i_box=\box102
\l__chemformula_arrow_arg_ii_box=\box103
\l__chemformula_superscript_box=\box104
\l__chemformula_subscript_box=\box105
\l__chemformula_plus_space_skip=\skip134
\l__chemformula_minus_space_skip=\skip135
) (./definitions.tex)
Package csquotes Info: Checking for multilingual support...
Package csquotes Info: ... found 'babel' package.
Package csquotes Info: Adjusting default style.
Package csquotes Info: Redefining alias 'default' -> 'english'.

Package chemmacros Info: Using float defining method `float'.

\@float@every@scheme=\toks67
\c@scheme=\count614

(./build/main.aux (./build/sections/frontmatter/acknowledgements.aux)
(./build/sections/frontmatter/abstract.aux)
(./build/sections/frontmatter/resumo.aux)
(/usr/share/texmf-dist/tex/generic/hyph-utf8/loadhyph/loadhyph-pt.tex
UTF-8 Portuguese hyphenation patterns
(/usr/share/texmf-dist/tex/generic/hyph-utf8/patterns/tex/hyph-pt.tex))
(./build/sections/chapters/01_introduction.aux)
(./build/sections/chapters/02_literature_review.aux)
(./build/sections/chapters/03_materials_methods.aux)
(./build/sections/chapters/04_results.aux)
(./build/sections/chapters/05_discussion.aux)
(./build/sections/chapters/06_conclusion.aux))
\openout1 = main.aux

LaTeX Font Info:    Checking defaults for OML/cmm/m/it on input line 21.
LaTeX Font Info:    ... okay on input line 21.
LaTeX Font Info:    Checking defaults for OMS/cmsy/m/n on input line 21.
LaTeX Font Info:    ... okay on input line 21.
LaTeX Font Info:    Checking defaults for OT1/cmr/m/n on input line 21.
LaTeX Font Info:    ... okay on input line 21.
LaTeX Font Info:    Checking defaults for T1/cmr/m/n on input line 21.
LaTeX Font Info:    ... okay on input line 21.
LaTeX Font Info:    Checking defaults for TS1/cmr/m/n on input line 21.
LaTeX Font Info:    ... okay on input line 21.
LaTeX Font Info:    Checking defaults for TU/lmr/m/n on input line 21.
LaTeX Font Info:    ... okay on input line 21.
LaTeX Font Info:    Checking defaults for OMX/cmex/m/n on input line 21.
LaTeX Font Info:    ... okay on input line 21.
LaTeX Font Info:    Checking defaults for U/cmr/m/n on input line 21.
LaTeX Font Info:    ... okay on input line 21.
LaTeX Font Info:    Checking defaults for PD1/pdf/m/n on input line 21.
LaTeX Font Info:    ... okay on input line 21.
LaTeX Font Info:    Checking defaults for PU/pdf/m/n on input line 21.
LaTeX Font Info:    ... okay on input line 21.

(/usr/share/texmf-dist/tex/context/base/mkii/supp-pdf.mkii
[Loading MPS to PDF converter (version 2006.09.02).]
\scratchcounter=\count615
\scratchdimen=\dimen438
\scratchbox=\box106
\nofMPsegments=\count616
\nofMParguments=\count617
\everyMPshowfont=\toks68
\MPscratchCnt=\count618
\MPscratchDim=\dimen439
\MPnumerator=\count619
\makeMPintoPDFobject=\count620
\everyMPtoPDFconversion=\toks69
) (/usr/share/texmf-dist/tex/latex/epstopdf-pkg/epstopdf-base.sty
Package: epstopdf-base 2020-01-24 v2.11 Base part for package epstopdf
Package epstopdf-base Info: Redefining graphics rule for `.eps' on input line 4
85.

(/usr/share/texmf-dist/tex/latex/latexconfig/epstopdf-sys.cfg
File: epstopdf-sys.cfg 2010/07/13 v1.3 Configuration of (r)epstopdf for TeX Liv
e
))
Package pgfplots notification 'compat/show suggested version=true': document ha
s been generated with the most recent feature set (\pgfplotsset{compat=1.18}).

LaTeX Font Info:    Overwriting math alphabet `\mathrm' in version `normal'
(Font)                  TU/STIXTwoMath(1)/m/n --> TU/LiberationSerif(0)/m/n on 
input line 21.
LaTeX Font Info:    Overwriting math alphabet `\mathit' in version `normal'
(Font)                  OT1/cmr/m/it --> TU/LiberationSerif(0)/m/it on input li
ne 21.
LaTeX Font Info:    Overwriting math alphabet `\mathbf' in version `normal'
(Font)                  TU/STIXTwoMath(1)/b/n --> TU/LiberationSerif(0)/b/n on 
input line 21.
LaTeX Font Info:    Overwriting math alphabet `\mathsf' in version `normal'
(Font)                  OT1/cmss/m/n --> TU/LiberationSans(0)/m/n on input line
 21.
LaTeX Font Info:    Overwriting math alphabet `\mathsf' in version `bold'
(Font)                  OT1/cmss/bx/n --> TU/LiberationSans(0)/b/n on input lin
e 21.
LaTeX Font Info:    Overwriting math alphabet `\mathtt' in version `normal'
(Font)                  OT1/cmtt/m/n --> TU/LiberationMono(0)/m/n on input line
 21.
LaTeX Font Info:    Overwriting math alphabet `\mathtt' in version `bold'
(Font)                  OT1/cmtt/m/n --> TU/LiberationMono(0)/b/n on input line
 21.

Package unicode-math Warning: Using \overbracket and \underbracket from
(unicode-math)                `mathtools' package.
(unicode-math)                 
(unicode-math)                 Use \Uoverbracket and \Uunderbracket for
(unicode-math)                original `unicode-math' definition.


Package unicode-math Warning: I'm going to overwrite the following commands
(unicode-math)                from the `mathtools' package: 
(unicode-math)                 
(unicode-math)                     \dblcolon, \coloneqq, \Coloneqq, \eqqcolon.
(unicode-math)                
(unicode-math)                 
(unicode-math)                 Note that since I won't overwrite the other
(unicode-math)                colon-like commands, using them will lead to
(unicode-math)                inconsistencies.

*geometry* driver: auto-detecting
*geometry* detected driver: luatex
*geometry* verbose mode - [ preamble ] result:
* driver: luatex
* paper: a4paper
* layout: <same size as paper>
* layoutoffset:(h,v)=(0.0pt,0.0pt)
* modes: includehead includefoot 
* h-part:(L,W,R)=(85.35826pt, 426.79135pt, 85.35826pt)
* v-part:(T,H,B)=(85.35826pt, 674.33032pt, 85.35826pt)
* \paperwidth=597.50787pt
* \paperheight=845.04684pt
* \textwidth=426.79135pt
* \textheight=628.53214pt
* \oddsidemargin=13.08827pt
* \evensidemargin=13.08827pt
* \topmargin=13.08827pt
* \headheight=14.5pt
* \headsep=14.22636pt
* \topskip=12.0pt
* \footskip=17.07182pt
* \marginparwidth=35.0pt
* \marginparsep=10.0pt
* \columnsep=10.0pt
* \skip\footins=10.8pt plus 4.0pt minus 2.0pt
* \hoffset=0.0pt
* \voffset=0.0pt
* \mag=1000
* \@twocolumnfalse
* \@twosidefalse
* \@mparswitchfalse
* \@reversemarginfalse
* (1in=72.27pt=25.4mm, 1cm=28.453pt)

Package biblatex Info: Trying to load language 'nil'...
Package biblatex Info: ... file 'nil.lbx' not found.

Package biblatex Warning: Language 'nil' not supported.
(biblatex)                Using dummy definitions on input line 21.

Package biblatex Info: Trying to load language 'portuguese' -> 'portuguese-abnt
'...
Package biblatex Info: ... file 'portuguese-abnt.lbx' found.
(/usr/share/texmf-dist/tex/latex/biblatex-abnt/portuguese-abnt.lbx
File: portuguese-abnt.lbx 2018-11-17 v3.4 ABNT BibLaTeX citation style
Package biblatex Info: Trying to load language 'brazilian-abnt'...
Package biblatex Info: ... file 'brazilian-abnt.lbx' found.

(/usr/share/texmf-dist/tex/latex/biblatex-abnt/brazilian-abnt.lbx
File: brazilian-abnt.lbx 2018-11-17 v3.4 ABNT BibLaTeX citation style
Package biblatex Info: Trying to load language 'brazilian' -> 'brazilian-abnt'.
..
Package biblatex Info: ... file 'brazilian-abnt.lbx' found.

(/usr/share/texmf-dist/tex/latex/biblatex-abnt/brazilian-abnt.lbx
File: brazilian-abnt.lbx 2018-11-17 v3.4 ABNT BibLaTeX citation style
Package biblatex Info: Trying to load language 'brazilian'...
Package biblatex Info: ... file 'brazilian.lbx' found.

(/usr/share/texmf-dist/tex/latex/biblatex/lbx/brazilian.lbx
File: brazilian.lbx 2025/07/10 v3.21 biblatex localization (PK/MW)
)))
Package biblatex Info: Trying to load language 'brazilian-abnt'...
Package biblatex Info: ... file 'brazilian-abnt.lbx' found.

(/usr/share/texmf-dist/tex/latex/biblatex-abnt/brazilian-abnt.lbx
File: brazilian-abnt.lbx 2018-11-17 v3.4 ABNT BibLaTeX citation style
Package biblatex Info: Trying to load language 'brazilian' -> 'brazilian-abnt'.
..
Package biblatex Info: ... file 'brazilian-abnt.lbx' found.

(/usr/share/texmf-dist/tex/latex/biblatex-abnt/brazilian-abnt.lbx
File: brazilian-abnt.lbx 2018-11-17 v3.4 ABNT BibLaTeX citation style
Package biblatex Info: Trying to load language 'brazilian'...
Package biblatex Info: ... file 'brazilian.lbx' found.

(/usr/share/texmf-dist/tex/latex/biblatex/lbx/brazilian.lbx
File: brazilian.lbx 2025/07/10 v3.21 biblatex localization (PK/MW)
)
Package biblatex Info: Trying to load language 'brazil' -> 'brazil-abnt'...
Package biblatex Info: ... file 'brazil-abnt.lbx' found.

(/usr/share/texmf-dist/tex/latex/biblatex-abnt/brazil-abnt.lbx
File: brazil-abnt.lbx 2018-11-17 v3.4 ABNT BibLaTeX citation style
Package biblatex Info: Trying to load language 'brazilian-abnt'...
Package biblatex Info: ... file 'brazilian-abnt.lbx' found.

(/usr/share/texmf-dist/tex/latex/biblatex-abnt/brazilian-abnt.lbx
File: brazilian-abnt.lbx 2018-11-17 v3.4 ABNT BibLaTeX citation style
Package biblatex Info: Trying to load language 'brazilian'...
Package biblatex Info: ... file 'brazilian.lbx' found.

(/usr/share/texmf-dist/tex/latex/biblatex/lbx/brazilian.lbx
File: brazilian.lbx 2025/07/10 v3.21 biblatex localization (PK/MW)
)
Package biblatex Info: Trying to load language 'brazil'...
Package biblatex Info: ... file 'brazil.lbx' found.

(/usr/share/texmf-dist/tex/latex/biblatex/lbx/brazil.lbx
File: brazil.lbx 2025/07/10 v3.21 biblatex localization (PK/MW)
Package biblatex Info: Trying to load language 'brazilian'...
Package biblatex Info: ... file 'brazilian.lbx' found.

(/usr/share/texmf-dist/tex/latex/biblatex/lbx/brazilian.lbx
File: brazilian.lbx 2025/07/10 v3.21 biblatex localization (PK/MW)
)))))
Package biblatex Info: Trying to load language 'brazil' -> 'brazil-abnt'...
Package biblatex Info: ... file 'brazil-abnt.lbx' found.

(/usr/share/texmf-dist/tex/latex/biblatex-abnt/brazil-abnt.lbx
File: brazil-abnt.lbx 2018-11-17 v3.4 ABNT BibLaTeX citation style
Package biblatex Info: Trying to load language 'brazilian-abnt'...
Package biblatex Info: ... file 'brazilian-abnt.lbx' found.

(/usr/share/texmf-dist/tex/latex/biblatex-abnt/brazilian-abnt.lbx
File: brazilian-abnt.lbx 2018-11-17 v3.4 ABNT BibLaTeX citation style
Package biblatex Info: Trying to load language 'brazilian' -> 'brazilian-abnt'.
..
Package biblatex Info: ... file 'brazilian-abnt.lbx' found.

(/usr/share/texmf-dist/tex/latex/biblatex-abnt/brazilian-abnt.lbx
File: brazilian-abnt.lbx 2018-11-17 v3.4 ABNT BibLaTeX citation style
Package biblatex Info: Trying to load language 'brazilian'...
Package biblatex Info: ... file 'brazilian.lbx' found.

(/usr/share/texmf-dist/tex/latex/biblatex/lbx/brazilian.lbx
File: brazilian.lbx 2025/07/10 v3.21 biblatex localization (PK/MW)
)
Package biblatex Info: Trying to load language 'brazil'...
Package biblatex Info: ... file 'brazil.lbx' found.

(/usr/share/texmf-dist/tex/latex/biblatex/lbx/brazil.lbx
File: brazil.lbx 2025/07/10 v3.21 biblatex localization (PK/MW)
Package biblatex Info: Trying to load language 'brazilian'...
Package biblatex Info: ... file 'brazilian.lbx' found.

(/usr/share/texmf-dist/tex/latex/biblatex/lbx/brazilian.lbx
File: brazilian.lbx 2025/07/10 v3.21 biblatex localization (PK/MW)
)))
Package biblatex Info: Trying to load language 'brazil'...
Package biblatex Info: ... file 'brazil.lbx' found.

(/usr/share/texmf-dist/tex/latex/biblatex/lbx/brazil.lbx
File: brazil.lbx 2025/07/10 v3.21 biblatex localization (PK/MW)
Package biblatex Info: Trying to load language 'brazilian' -> 'brazilian-abnt'.
..
Package biblatex Info: ... file 'brazilian-abnt.lbx' found.

(/usr/share/texmf-dist/tex/latex/biblatex-abnt/brazilian-abnt.lbx
File: brazilian-abnt.lbx 2018-11-17 v3.4 ABNT BibLaTeX citation style
Package biblatex Info: Trying to load language 'brazilian'...
Package biblatex Info: ... file 'brazilian.lbx' found.

(/usr/share/texmf-dist/tex/latex/biblatex/lbx/brazilian.lbx
File: brazilian.lbx 2025/07/10 v3.21 biblatex localization (PK/MW)
)
Package biblatex Info: Trying to load language 'brazil'...
Package biblatex Info: ... file 'brazil.lbx' found.

(/usr/share/texmf-dist/tex/latex/biblatex/lbx/brazil.lbx
File: brazil.lbx 2025/07/10 v3.21 biblatex localization (PK/MW)
Package biblatex Info: Trying to load language 'brazilian'...
Package biblatex Info: ... file 'brazilian.lbx' found.

(/usr/share/texmf-dist/tex/latex/biblatex/lbx/brazilian.lbx
File: brazilian.lbx 2025/07/10 v3.21 biblatex localization (PK/MW)
))))))))
Package biblatex Info: Trying to load language 'english' -> 'english-abnt'...
Package biblatex Info: ... file 'english-abnt.lbx' found.

(/usr/share/texmf-dist/tex/latex/biblatex-abnt/english-abnt.lbx
File: english-abnt.lbx 2018-11-17 v3.4 ABNT BibLaTeX citation style
Package biblatex Info: Trying to load language 'english'...
Package biblatex Info: ... file 'english.lbx' found.

(/usr/share/texmf-dist/tex/latex/biblatex/lbx/english.lbx
File: english.lbx 2025/07/10 v3.21 biblatex localization (PK/MW)
)
Package biblatex Info: Trying to load language 'english'...
Package biblatex Info: ... file 'english.lbx' found.

(/usr/share/texmf-dist/tex/latex/biblatex/lbx/english.lbx
File: english.lbx 2025/07/10 v3.21 biblatex localization (PK/MW)
)
Package biblatex Info: Trying to load language 'english'...
Package biblatex Info: ... file 'english.lbx' found.

(/usr/share/texmf-dist/tex/latex/biblatex/lbx/english.lbx
File: english.lbx 2025/07/10 v3.21 biblatex localization (PK/MW)
))
Package biblatex Info: LuaTeX detected.
(biblatex)             Assuming input encoding 'utf8'.
Package biblatex Info: Automatic encoding selection.
(biblatex)             Assuming data encoding 'utf8'.

\openout4 = main.bcf
Package biblatex Info: Trying to load bibliographic data...
Package biblatex Info: ... file 'main.bbl' found.
 (./build/main.bbl)
Package biblatex Info: Reference section=0 on input line 21.
Package biblatex Info: Reference segment=0 on input line 21.
Package caption Info: Begin \AtBeginDocument code.
Package caption Info: float package is loaded.
Package caption Info: hyperref package is loaded.
Package caption Info: longtable package is loaded.

(/usr/share/texmf-dist/tex/latex/caption/ltcaption.sty
Package: ltcaption 2021/01/08 v1.4c longtable captions (AR)
)
Package caption Info: rotating package is loaded.
Package caption Info: supertabular package is loaded.
Package caption Info: threeparttable package is loaded.
Package caption Info: End \AtBeginDocument code.
Package translations Info: no dictionary file `translations-basic-dictionary-.t
rsl' found. on input line 21.

Package chemgreek Info: Activating mapping `fontspec' on line 21.

Package microtype Info: Patching varwidth to enable character protrusion.
\MT@vwid@leftmargin=\dimen440
\MT@vwid@rightmargin=\dimen441
LaTeX Info: Redefining \microtypecontext on input line 21.
Package microtype Info: Applying patch `item' on input line 21.
Package microtype Info: Applying patch `toc' on input line 21.
Package microtype Info: Applying patch `eqnum' on input line 21.
Package microtype Info: Applying patch `footnote' on input line 21.
Package microtype Info: Applying patch `verbatim' on input line 21.
LaTeX Info: Redefining \microtypesetup on input line 21.
Package microtype Info: Generating PDF output.
Package microtype Info: Character protrusion enabled (level 2).
Package microtype Info: Using default protrusion set `alltext'.
Package microtype Info: Automatic font expansion enabled (level 2),
(microtype)             stretch: 20, shrink: 20, step: 1, non-selected.
Package microtype Info: Using default expansion set `alltext-nott'.
Package microtype Info: Patching command `\showhyphens'.
Package microtype Info: No adjustment of tracking.
Package microtype Info: No adjustment of spacing.
Package microtype Info: No adjustment of kerning.
Package microtype Info: Loading generic protrusion settings for font family
(microtype)             `LiberationSerif' (encoding: TU).
(microtype)             For optimal results, create family-specific settings.
(microtype)             See the microtype manual for details.
Package hyperref Info: Link coloring ON on input line 21.
 (./build/main.out)
(./build/main.out)
\@outlinefile=\write7

\openout7 = main.out

(/usr/share/texmf-dist/tex/latex/elements/elements_names_english.def)
(./cover.tex
<assets/logos/IPB_logo.png, id=123, 513.92pt x 157.58875pt>
File: assets/logos/IPB_logo.png Graphic file (type png)
<use assets/logos/IPB_logo.png>
Package luatex.def Info: assets/logos/IPB_logo.png  used on input line 10.
(luatex.def)             Requested size: 195.66803pt x 60.0pt.

Overfull \hbox (3.61324pt too wide) in paragraph at lines 10--11
[][]  
 []

Package microtype Info: Loading generic protrusion settings for font family
(microtype)             `STIXTwoMath' (encoding: TU).
(microtype)             For optimal results, create family-specific settings.
(microtype)             See the microtype manual for details.
<assets/logos/UTFPR_logo.png, id=124, 2341.74875pt x 877.2775pt>
File: assets/logos/UTFPR_logo.png Graphic file (type png)
<use assets/logos/UTFPR_logo.png>
Package luatex.def Info: assets/logos/UTFPR_logo.png  used on input line 15.
(luatex.def)             Requested size: 160.15155pt x 60.0pt.
[1
Non-PDF special ignored!

{/var/lib/texmf/fonts/map/pdftex/updmap/pdftex.map}<./assets/logos/IPB_logo.png>
<./assets/logos/UTFPR_logo.png>]) (./build/main.toc
warning  (pdf backend): ignoring duplicate destination with the name 'page.i'
[1


])
\tf@toc=\write8

\openout8 = main.toc
 [2] (./build/main.lof
Overfull \hbox (1.48459pt too wide) in paragraph at lines 7--7
 [][] [][][]\TU/LiberationSerif(0)/m/n/12 Crude glyc-erol from biodisel pro-duc-
tion (Adapted from: [][]Gar-la-p-ati, Shankar, 
 []

[3


])
\tf@lof=\write9

\openout9 = main.lof
 [4] (./build/main.lot
Overfull \hbox (0.77596pt too wide) in paragraph at lines 11--11
 [][] [][][]\TU/LiberationSerif(0)/m/n/12 Nu-tri-ents added to the sub-strate an
d there dosages. (Adapted from: [][]Alqudah[][] 
 []

)
\tf@lot=\write10

\openout10 = main.lot
 [5


] [6



]
\openout2 = sections/frontmatter/acknowledgements.aux
 (./sections/frontmatter/acknowledgements.tex) [7


]
\openout2 = sections/frontmatter/abstract.aux

(./sections/frontmatter/abstract.tex) [8




] [9]
\openout2 = sections/frontmatter/resumo.aux

(./sections/frontmatter/resumo.tex [10




]) [11]
\openout2 = sections/chapters/01_introduction.aux

(./sections/chapters/01_introduction.tex
\bbl@ensure@english {Chapter} 1.
[1




] [2] [3]
\bbl@ensure@english {Chapter} 2.
) [4

]
\openout2 = sections/chapters/02_literature_review.aux
 (./sections/chapters/02_literature_review.tex
\bbl@ensure@english {Chapter} 3.
(./assets/graphs/garlapati2016-flow-gl.tex)
File: assets/graphs/garlapati2016-flow-gl.tex Graphic file (type tex)
 [5




]
(./assets/graphs/attarbachi2023-flow-gl.tex)
File: assets/graphs/attarbachi2023-flow-gl.tex Graphic file (type tex)
 [6]
(./assets/graphs/li2011-flow-ferm.tex)
File: assets/graphs/li2011-flow-ferm.tex Graphic file (type tex)
 [7]
(./assets/graphs/gebreegziabher2025-flow-ferm.tex)
File: assets/graphs/gebreegziabher2025-flow-ferm.tex Graphic file (type tex)
 [8]) [9] [10]
\openout2 = sections/chapters/03_materials_methods.aux

(./sections/chapters/03_materials_methods.tex
\bbl@ensure@english {Chapter} 4.
! Undefined control sequence.
l.7 ...genised using a blender to obtain a \glsaut
                                                  {fw} suspension with \qty[...
The control sequence at the end of the top line
of your error message was never \def'ed. If you have
misspelled it (e.g., `\hobx'), type `I' and the correct
spelling (e.g., `I\hbox'). Otherwise just continue,
and I'll forget about whatever was undefined.

[11




] [12]
Overfull \hbox (1.33997pt too wide) in alignment at lines 95--95
 [][][][][][][][][][][][] 
 []


Overfull \hbox (1.33997pt too wide) in alignment at lines 95--95
 [][][][][][][][][][][][] 
 []


Overfull \hbox (1.33997pt too wide) in alignment at lines 95--95
 [][][][][][][][][][][][] 
 []


Package longtable Warning: Column widths have changed
(longtable)                in table 4.1 on input line 95.

[13

]
ignored: Infinite glue shrinkage found in box being split [14

] (./assets/graphs/reactor-model.tex
Package microtype Info: Loading generic protrusion settings for font family
(microtype)             `LiberationSans' (encoding: TU).
(microtype)             For optimal results, create family-specific settings.
(microtype)             See the microtype manual for details.
)
File: assets/graphs/reactor-model.tex Graphic file (type tex)
 [15
Missing character: There is no ; (U+003B) in font nullfont!
Missing character: There is no ; (U+003B) in font nullfont!
Missing character: There is no ; (U+003B) in font nullfont!
Missing character: There is no ; (U+003B) in font nullfont!
Missing character: There is no ; (U+003B) in font nullfont!
Missing character: There is no ; (U+003B) in font nullfont!
Missing character: There is no ; (U+003B) in font nullfont!
Missing character: There is no ; (U+003B) in font nullfont!
Missing character: There is no ; (U+003B) in font nullfont!
]
ignored: Infinite glue shrinkage found in box being split [16]
warning  (file assets/photos/ampts/ampts.jpg) (readjpg): Exif resolution 72dpi x
 72dpi differs from the input resolution 96dpi x 96dpi
<assets/photos/ampts/ampts.jpg, id=836, 2312.64pt x 2500.34125pt>
File: assets/photos/ampts/ampts.jpg Graphic file (type jpg)
<use assets/photos/ampts/ampts.jpg>
Package luatex.def Info: assets/photos/ampts/ampts.jpg  used on input line 274.

(luatex.def)             Requested size: 192.0548pt x 207.62366pt.
<assets/photos/ampts/ampts_co2.jpg, id=837, 2312.64pt x 4111.36pt>
File: assets/photos/ampts/ampts_co2.jpg Graphic file (type jpg)
<use assets/photos/ampts/ampts_co2.jpg>
Package luatex.def Info: assets/photos/ampts/ampts_co2.jpg  used on input line 
281.
(luatex.def)             Requested size: 123.71973pt x 219.94618pt.
<assets/photos/ampts/ampts_sys-print.png, id=838, 651.18282pt x 627.09282pt>
File: assets/photos/ampts/ampts_sys-print.png Graphic file (type png)
<use assets/photos/ampts/ampts_sys-print.png>
Package luatex.def Info: assets/photos/ampts/ampts_sys-print.png  used on input
 line 291.
(luatex.def)             Requested size: 341.43437pt x 328.80765pt.
[17<./assets/photos/ampts/ampts.jpg
warning  (readjpg): Exif resolution 72dpi x 72dpi differs from the input resolut
ion 96dpi x 96dpi
><./assets/photos/ampts/ampts_co2.jpg>] [18<./assets/photos/ampts/ampts_sys-prin
t.png>]) [19]
\openout2 = sections/chapters/04_results.aux
 (./sections/chapters/04_results.tex
\bbl@ensure@english {Chapter} 5.

warning  (file assets/photos/reactor/reator-19-5.jpg) (readjpg): Exif resolution
 72dpi x 72dpi differs from the input resolution 96dpi x 96dpi
<assets/photos/reactor/reator-19-5.jpg, id=973, 1689.31125pt x 2664.95625pt>
File: assets/photos/reactor/reator-19-5.jpg Graphic file (type jpg)
<use assets/photos/reactor/reator-19-5.jpg>
Package luatex.def Info: assets/photos/reactor/reator-19-5.jpg  used on input l
ine 13.
(luatex.def)             Requested size: 106.69783pt x 168.3079pt.

warning  (file assets/photos/reactor/reator-22-5.jpg) (readjpg): Exif resolution
 72dpi x 72dpi differs from the input resolution 96dpi x 96dpi
<assets/photos/reactor/reator-22-5.jpg, id=974, 1870.99pt x 3112.62875pt>
File: assets/photos/reactor/reator-22-5.jpg Graphic file (type jpg)
<use assets/photos/reactor/reator-22-5.jpg>
Package luatex.def Info: assets/photos/reactor/reator-22-5.jpg  used on input l
ine 20.
(luatex.def)             Requested size: 106.69783pt x 177.48817pt.
[20




<./assets/photos/reactor/reator-19-5.jpg
warning  (readjpg): Exif resolution 72dpi x 72dpi differs from the input resolut
ion 96dpi x 96dpi
><./assets/photos/reactor/reator-22-5.jpg
warning  (readjpg): Exif resolution 72dpi x 72dpi differs from the input resolut
ion 96dpi x 96dpi
>]
warning  (file assets/photos/reactor/reator-limp-seco-24-8.jpg) (readjpg): Exif 
resolution 72dpi x 72dpi differs from the input resolution 96dpi x 96dpi
<assets/photos/reactor/reator-limp-seco-24-8.jpg, id=983, 2312.64pt x 3490.0387
6pt>
File: assets/photos/reactor/reator-limp-seco-24-8.jpg Graphic file (type jpg)
<use assets/photos/reactor/reator-limp-seco-24-8.jpg>
Package luatex.def Info: assets/photos/reactor/reator-limp-seco-24-8.jpg  used 
on input line 34.
(luatex.def)             Requested size: 106.69783pt x 160.98573pt.
<assets/photos/reactor/reator-limp-agua-24-8.jpg, id=984, 2312.64pt x 4111.36pt
>
File: assets/photos/reactor/reator-limp-agua-24-8.jpg Graphic file (type jpg)
<use assets/photos/reactor/reator-limp-agua-24-8.jpg>
Package luatex.def Info: assets/photos/reactor/reator-limp-agua-24-8.jpg  used 
on input line 41.
(luatex.def)             Requested size: 85.35858pt x 151.69135pt.
[21<./assets/photos/reactor/reator-limp-seco-24-8.jpg
warning  (readjpg): Exif resolution 72dpi x 72dpi differs from the input resolut
ion 96dpi x 96dpi
><./assets/photos/reactor/reator-limp-agua-24-8.jpg>]
PGFPlots: reading {data/processed/experimentos-day.csv}
Package pgfplots info on input line 62: Using 'lua backend=false' for plot 0 (t
ype 'pgfplothandlerybar'): LUA does not support x filter (yet).

Overfull \hbox (9.16545pt too wide) in paragraph at lines 62--63
 [][] 
 []

PGFPlots: reading {data/processed/experimentos-day.csv}
Package pgfplots info on input line 70: Using 'lua backend=false' for plot 0 (t
ype 'pgfplothandlerlineto'): LUA does not support x filter (yet).

Overfull \hbox (2.68207pt too wide) in paragraph at lines 70--71
 [][] 
 []

[22]
PGFPlots: reading {data/processed/experimentos-day.csv}
Package pgfplots info on input line 85: Using 'lua backend=false' for plot 0 (t
ype 'pgfplothandlerybar'): LUA does not support x filter (yet).
 [23]
PGFPlots: reading {data/processed/experimentos-day.csv}
Package pgfplots info on input line 93: Using 'lua backend=false' for plot 0 (t
ype 'pgfplothandlerlineto'): LUA does not support x filter (yet).
 [24]
PGFPlots: reading {data/processed/experimentos-day.csv}
Package pgfplots info on input line 106: Using 'lua backend=false' for plot 0 (
type 'pgfplothandlerybar'): LUA does not support x filter (yet).

Overfull \hbox (9.17644pt too wide) in paragraph at lines 106--107
 [][] 
 []

PGFPlots: reading {data/processed/experimentos-day.csv}
Package pgfplots info on input line 114: Using 'lua backend=false' for plot 0 (
type 'pgfplothandlerlineto'): LUA does not support x filter (yet).
[25]
PGFPlots: reading {data/processed/experimentos-30min.csv}
Package pgfplots info on input line 122: Using 'lua backend=false' for plot 0 (
type 'pgfplothandlerlineto'): LUA does not support x filter (yet).
 [26]
PGFPlots: reading {data/processed/experimentos-day.csv}
Package pgfplots info on input line 142: Using 'lua backend=false' for plot 0 (
type 'pgfplothandlerybar'): LUA does not support x filter (yet).
 [27]
PGFPlots: reading {data/processed/experimentos-day.csv}
Package pgfplots info on input line 150: Using 'lua backend=false' for plot 0 (
type 'pgfplothandlerlineto'): LUA does not support x filter (yet).

Overfull \hbox (2.6958pt too wide) in paragraph at lines 150--151
 [][] 
 []

PGFPlots: reading {data/processed/experimentos-30min.csv}
Package pgfplots info on input line 158: Using 'lua backend=false' for plot 0 (
type 'pgfplothandlerlineto'): LUA does not support x filter (yet).
[28]
PGFPlots: reading {data/processed/experimentos-day.csv}
Package pgfplots info on input line 171: Using 'lua backend=false' for plot 0 (
type 'pgfplothandlerybar'): LUA does not support x filter (yet).
 [29]
PGFPlots: reading {data/processed/experimentos-day.csv}
Package pgfplots info on input line 179: Using 'lua backend=false' for plot 0 (
type 'pgfplothandlerlineto'): LUA does not support x filter (yet).
 [30]
PGFPlots: reading {data/processed/analysis.csv}
PGFPlots: reading {data/processed/analysis.csv}
 [31]) [32]
\openout2 = sections/chapters/05_discussion.aux
 (./sections/chapters/05_discussion.tex
\bbl@ensure@english {Chapter} 6.
[33




]
Overfull \hbox (16.99643pt too wide) in paragraph at lines 63--64
[]\TU/LiberationSerif(0)/m/n/12 The [][][]C-GL[][] only phase (days $\TU/STIXTw
oMath(1)/b/n/12 53$ [] $81$\TU/LiberationSerif(0)/m/n/12 ) ex-hib-ited a spe-cif
ic yield of $\TU/STIXTwoMath(1)/b/n/12 37.37$$[] [] \TU/LiberationSerif(0)/m/n/
12 g[] []$
 []

[34]
PGFPlots: reading {data/processed/yield.csv}
\pgf@layerbox@axis background=\box107
\pgf@layerboxsaved@axis background=\box108
\pgf@layerbox@pre main=\box109
\pgf@layerboxsaved@pre main=\box110
\pgf@layerbox@axis grid=\box111
\pgf@layerboxsaved@axis grid=\box112
\pgf@layerbox@axis ticks=\box113
\pgf@layerboxsaved@axis ticks=\box114
\pgf@layerbox@axis lines=\box115
\pgf@layerboxsaved@axis lines=\box116
\pgf@layerbox@axis tick labels=\box117
\pgf@layerboxsaved@axis tick labels=\box118
\pgf@layerbox@axis descriptions=\box119
\pgf@layerboxsaved@axis descriptions=\box120
\pgf@layerbox@axis foreground=\box121
\pgf@layerboxsaved@axis foreground=\box122
Package pgfplots info on input line 96: Setting layers 'axis background,pre mai
n,main,axis grid,axis ticks,axis lines,axis tick labels,axis descriptions,axis 
foreground'...
Package pgfplots info on input line 143: Setting layers 'axis background,pre ma
in,main,axis grid,axis ticks,axis lines,axis tick labels,axis descriptions,axis
 foreground'...

Overfull \hbox (39.55396pt too wide) in paragraph at lines 147--148
 [][] 
 []

Package pgfplots info on input line 171: Setting layers 'axis background,pre ma
in,main,axis grid,axis ticks,axis lines,axis tick labels,axis descriptions,axis
 foreground'...
NOTE: coordinate (--,--,--) [--](was (89,--,--) [--]) has been dropped because o
f a coordinate filter.
NOTE: coordinate (--,--,--) [--](was (90,--,--) [--]) has been dropped because o
f a coordinate filter.
NOTE: coordinate (--,--,--) [--](was (91,--,--) [--]) has been dropped because o
f a coordinate filter.
NOTE: coordinate (--,--,--) [--](was (92,--,--) [--]) has been dropped because o
f a coordinate filter.
NOTE: coordinate (--,--,--) [--](was (93,--,--) [--]) has been dropped because o
f a coordinate filter.
NOTE: coordinate (--,--,--) [--](was (94,--,--) [--]) has been dropped because o
f a coordinate filter.
NOTE: coordinate (--,--,--) [--](was (95,--,--) [--]) has been dropped because o
f a coordinate filter.
NOTE: coordinate (--,--,--) [--](was (96,--,--) [--]) has been dropped because o
f a coordinate filter.
NOTE: coordinate (--,--,--) [--](was (97,--,--) [--]) has been dropped because o
f a coordinate filter.
Package pgfplots info on input line 219: Setting layers 'axis background,pre ma
in,main,axis grid,axis ticks,axis lines,axis tick labels,axis descriptions,axis
 foreground'...

Overfull \hbox (54.37396pt too wide) in paragraph at lines 223--224
 [][] 
 []

[35]
Package pgfplots info on input line 247: Setting layers 'axis background,pre ma
in,main,axis grid,axis ticks,axis lines,axis tick labels,axis descriptions,axis
 foreground'...
Package pgfplots info on input line 295: Setting layers 'axis background,pre ma
in,main,axis grid,axis ticks,axis lines,axis tick labels,axis descriptions,axis
 foreground'...

Overfull \hbox (65.62756pt too wide) in paragraph at lines 299--300
 [][] 
 []

[36] [37]) [38] [39]
\openout2 = sections/chapters/06_conclusion.aux
 (./sections/chapters/06_conclusion.tex
\bbl@ensure@english {Chapter} 7.
[40




]) [41]
Package microtype Info: Loading generic protrusion settings for font family
(microtype)             `LiberationMono' (encoding: TU).
(microtype)             For optimal results, create family-specific settings.
(microtype)             See the microtype manual for details.
 [42



] [43] [44]

Package longtable Warning: Table widths have changed. Rerun LaTeX.

(./build/main.aux (./build/sections/frontmatter/acknowledgements.aux)
(./build/sections/frontmatter/abstract.aux)
(./build/sections/frontmatter/resumo.aux)
(./build/sections/chapters/01_introduction.aux)
(./build/sections/chapters/02_literature_review.aux)
(./build/sections/chapters/03_materials_methods.aux)
(./build/sections/chapters/04_results.aux)
(./build/sections/chapters/05_discussion.aux)
(./build/sections/chapters/06_conclusion.aux))
 ***********
LaTeX2e <2025-11-01>
L3 programming layer <2020/03/25>
 ***********


LaTeX Warning: There were undefined references.


LaTeX Warning: Label(s) may have changed. Rerun to get cross-references right.


Package rerunfilecheck Warning: File `main.out' has changed.
(rerunfilecheck)                Rerun to get outlines right
(rerunfilecheck)                or use package `bookmark'.

Package rerunfilecheck Info: Checksums for `main.out':
(rerunfilecheck)             Before: 3D11B8A3F284C7E7D6A293FD1B55F3DE;4889
(rerunfilecheck)             After:  4682443C4232FB54409D6922B98AB218;4985.

Package biblatex Warning: Please rerun LaTeX.
(biblatex)                Page breaks have changed.

Package logreq Info: Writing requests to 'main.run.xml'.

\openout1 = main.run.xml
)

Here is how much of LuaTeX's memory you used:
 83323 strings out of 476076
 477081,7087374 words of node,token memory allocated
 1343 words of node memory still in use:
   7 hlist, 2 vlist, 2 rule, 1 local_par, 4 glue, 4 kern, 1 penalty, 1 margin_ke
rn, 3 glyph, 160 attribute, 88 glue_spec, 81 attribute_list, 2 write, 28 pdf_act
ion nodes
   avail lists: 1:18,2:78524,3:49162,4:312,5:345,6:371,7:8067,8:86,9:3765,10:113
,11:775,12:1
 103519 multiletter control sequences out of 65536+600000
 143 fonts using 81093595 bytes
 110i,25n,152p,5815b,6201s stack positions out of 10000i,1000n,20000p,200000b,200000s

warning  (pdf backend): unreferenced destination with name 'glo:pt.ch4'

warning  (pdf backend): unreferenced destination with name 'glo:pt.tn'

warning  (pdf backend): unreferenced destination with name 'glo:pt.tc'

warning  (pdf backend): unreferenced destination with name 'glo:pt.vs'

warning  (pdf backend): unreferenced destination with name 'glo:pt.ts'

warning  (pdf backend): unreferenced destination with name 'glo:pt.vfa_alk'

warning  (pdf backend): unreferenced destination with name 'glo:pt.vfa'

warning  (pdf backend): unreferenced destination with name 'glo:pt.alk'

warning  (pdf backend): unreferenced destination with name 'glo:pt.ampts'

warning  (pdf backend): unreferenced destination with name 'glo:pt.wwtp'

warning  (pdf backend): unreferenced destination with name 'glo:pt.hrt'

warning  (pdf backend): unreferenced destination with name 'glo:pt.cstr'

warning  (pdf backend): unreferenced destination with name 'glo:pt.cgl'

warning  (pdf backend): unreferenced destination with name 'glo:pt.fw'
</usr/share/fonts/liberation/LiberationMono-Regular.ttf></usr/share/fonts/libera
tion/LiberationSans-Regular.ttf></usr/share/texmf-dist/fonts/opentype/public/sti
x2-otf/STIXTwoMath-Regular.otf></usr/share/texmf-dist/fonts/opentype/public/stix
2-otf/STIXTwoMath-Regular.otf></usr/share/texmf-dist/fonts/opentype/public/stix2
-otf/STIXTwoMath-Regular.otf></usr/share/fonts/liberation/LiberationSerif-Regula
r.ttf></usr/share/fonts/liberation/LiberationSerif-Italic.ttf></usr/share/fonts/
liberation/LiberationSerif-Bold.ttf>
Output written on main.pdf (56 pages, 11331038 bytes).

PDF statistics: 1406 PDF objects out of 1440 (max. 8388607)
 1156 compressed objects within 12 object streams
 203 named destinations out of 1000 (max. 1048576)
 248 words of extra memory for PDF output out of 10000 (max. 100000000)

