"CO2 concentration [%] of flush gas",0,
"Process temperature [Celsius]",37,
"Mixer on time [min]",2,
"Mixer off time [min]",15,
"Mixer speed adjustment [%]",40,
"Eliminate overestimation","Yes",
"",
"Flow Cell nr.",1,2,3,4,5,6,7,8,9,10,11,12,13,14,15,
"Name","S1_oz(0%)_I/S(1)","S2_oz(0%)_I/S(1.5)","s3_oz(0%_(I/S(1.5)","s3_oz(0%)_(s/I(2)","Oz5%_30sec_I/S(1)","Oz5%_90sec_I/S(1)","TEST 2","TEST 1","Oz5%_30sec_I/S(2)","Oz5%_90sec_I/S(2)","R2 TESTE","Oz 10%_30sec_I/S(1.5)","Oz10%_60sec_I/S(2)","Reactor 2 stages","Reactor 1 stage",
"Substrate VS/COD amount [g]",24.15,18.64,18.64,15.18,24.15,24.15,0,0,15.18,15.18,247.47,18.64,15.18,3.6,0.36,
"Inoculum VS/COD amount [g]",24.15,27.96,27.96,30.36,24.15,24.15,0,0,30.36,30.36,494.94,27.96,30.36,3.6,0.36,
"Type of unit [VS/COD]","VS","VS","VS","VS","VS","VS","COD","COD","VS","VS","COD","VS","VS","VS","COD",
"Headspace volume [ml]",150,150,150,150,150,150,0,0,150,150,5500,150,150,200,200,
"Assumed CH4 content [%]",0,0,0,0,0,0,0,0,0,0,60,0,0,0,0,
"",
"Hour","S1_oz(0%)_I/S(1) Volume [Nml]","S2_oz(0%)_I/S(1.5) Volume [Nml]","s3_oz(0%_(I/S(1.5) Volume [Nml]","s3_oz(0%)_(s/I(2) Volume [Nml]","Oz5%_30sec_I/S(1) Volume [Nml]","Oz5%_90sec_I/S(1) Volume [Nml]","TEST 2 Volume [Nml]","TEST 1 Volume [Nml]","Oz5%_30sec_I/S(2) Volume [Nml]","Oz5%_90sec_I/S(2) Volume [Nml]","R2 TESTE Volume [Nml]","Oz 10%_30sec_I/S(1.5) Volume [Nml]","Oz10%_60sec_I/S(2) Volume [Nml]","Reactor 2 stages Volume [Nml]","Reactor 1 stage Volume [Nml]","S1_oz(0%)_I/S(1) Flow [Nml/hour]","S2_oz(0%)_I/S(1.5) Flow [Nml/hour]","s3_oz(0%_(I/S(1.5) Flow [Nml/hour]","s3_oz(0%)_(s/I(2) Flow [Nml/hour]","Oz5%_30sec_I/S(1) Flow [Nml/hour]","Oz5%_90sec_I/S(1) Flow [Nml/hour]","TEST 2 Flow [Nml/hour]","TEST 1 Flow [Nml/hour]","Oz5%_30sec_I/S(2) Flow [Nml/hour]","Oz5%_90sec_I/S(2) Flow [Nml/hour]","R2 TESTE Flow [Nml/hour]","Oz 10%_30sec_I/S(1.5) Flow [Nml/hour]","Oz10%_60sec_I/S(2) Flow [Nml/hour]","Reactor 2 stages Flow [Nml/hour]","Reactor 1 stage Flow [Nml/hour]",
0,"","","","","","","","","","","","","",0,0,"","","","","","","","","","","","","",0,0,
1,"","","","","","","","","","","","","",0,0,"","","","","","","","","","","","","",0,0,
2,"","","","","","","","","","","","","",0,0,"","","","","","","","","","","","","",0,0,
3,"","","","","","","","","","","","","",0,0,"","","","","","","","","","","","","",0,0,
4,"","","","","","","","","","","","","",0,0,"","","","","","","","","","","","","",0,0,
5,"","","","","","","","","","","","","",0,0,"","","","","","","","","","","","","",0,0,
6,"","","","","","","","","","","","","",0,0,"","","","","","","","","","","","","",0,0,
7,"","","","","","","","","","","","","",0,0,"","","","","","","","","","","","","",0,0,
8,"","","","","","","","","","","","","",0,0,"","","","","","","","","","","","","",0,0,
9,"","","","","","","","","","","","","",0,0,"","","","","","","","","","","","","",0,0,
10,"","","","","","","","","","","","","",0,0,"","","","","","","","","","","","","",0,0,
11,"","","","","","","","","","","","","",0,0,"","","","","","","","","","","","","",0,0,
12,"","","","","","","","","","","","","",0,0,"","","","","","","","","","","","","",0,0,
13,"","","","","","","","","","","","","",0,0,"","","","","","","","","","","","","",0,0,
14,"","","","","","","","","","","","","",0,0,"","","","","","","","","","","","","",0,0,
15,"","","","","","","","","","","","","",0,0,"","","","","","","","","","","","","",0,0,
16,"","","","","","","","","","","","","",0,0,"","","","","","","","","","","","","",0,0,
17,"","","","","","","","","","","","","",0,0,"","","","","","","","","","","","","",0,0,
18,"","","","","","","","","","","","","",0,0,"","","","","","","","","","","","","",0,0,
19,"","","","","","","","","","","","","",0,0,"","","","","","","","","","","","","",0,0,
20,"","","","","","","","","","","","","",0,0,"","","","","","","","","","","","","",0,0,
21,"","","","","","","","","","","","","",0,0,"","","","","","","","","","","","","",0,0,
22,"","","","","","","","","","","","","",0,0,"","","","","","","","","","","","","",0,0,
23,"","","","","","","","","","","","","",0,0,"","","","","","","","","","","","","",0,0,
24,"","","","","","","","","","","","","",0,0,"","","","","","","","","","","","","",0,0,
25,"","","","","","","","","","","","","",0,0,"","","","","","","","","","","","","",0,0,
26,"","","","","","","","","","","","","",0,0,"","","","","","","","","","","","","",0,0,
27,"","","","","","","","","","","","","",0,0,"","","","","","","","","","","","","",0,0,
28,"","","","","","","","","","","","","",0,0,"","","","","","","","","","","","","",0,0,
29,"","","","","","","","","","","","","",0,0,"","","","","","","","","","","","","",0,0,
30,"","","","","","","","","","","","","",0,0,"","","","","","","","","","","","","",0,0,
31,"","","","","","","","","","","","","",0,0,"","","","","","","","","","","","","",0,0,
32,"","","","","","","","","","","","","",0,0,"","","","","","","","","","","","","",0,0,
33,"","","","","","","","","","","","","",0,0,"","","","","","","","","","","","","",0,0,
34,"","","","","","","","","","","","","",0,0,"","","","","","","","","","","","","",0,0,
35,"","","","","","","","","","","","","",0,0,"","","","","","","","","","","","","",0,0,
36,"","","","","","","","","","","","","",0,0,"","","","","","","","","","","","","",0,0,
37,"","","","","","","","","","","","","",0,0,"","","","","","","","","","","","","",0,0,
38,"","","","","","","","","","","","","",0,0,"","","","","","","","","","","","","",0,0,
39,"","","","","","","","","","","","","",0,0,"","","","","","","","","","","","","",0,0,
40,"","","","","","","","","","","","","",0,0,"","","","","","","","","","","","","",0,0,
41,"","","","","","","","","","","","","",0,0,"","","","","","","","","","","","","",0,0,
42,"","","","","","","","","","","","","",0,0,"","","","","","","","","","","","","",0,0,
43,"","","","","","","","","","","","","",0,0,"","","","","","","","","","","","","",0,0,
44,"","","","","","","","","","","","","",0,0,"","","","","","","","","","","","","",0,0,
45,"","","","","","","","","","","","","",0,0,"","","","","","","","","","","","","",0,0,
46,"","","","","","","","","","","","","",0,0,"","","","","","","","","","","","","",0,0,
47,"","","","","","","","","","","","","",0,0,"","","","","","","","","","","","","",0,0,
48,"","","","","","","","","","","","","",0,0,"","","","","","","","","","","","","",0,0,
49,"","","","","","","","","","","","","",0,0,"","","","","","","","","","","","","",0,0,
50,"","","","","","","","","","","","","",0,0,"","","","","","","","","","","","","",0,0,
51,"","","","","","","","","","","","","",0,0,"","","","","","","","","","","","","",0,0,
52,"","","","","","","","","","","","","",0,0,"","","","","","","","","","","","","",0,0,
53,"","","","","","","","","","","","","",0,0,"","","","","","","","","","","","","",0,0,
54,"","","","","","","","","","","","","",0,0,"","","","","","","","","","","","","",0,0,
55,"","","","","","","","","","","","","",0,0,"","","","","","","","","","","","","",0,0,
56,"","","","","","","","","","","","","",0,0,"","","","","","","","","","","","","",0,0,
57,"","","","","","","","","","","","","",0,0,"","","","","","","","","","","","","",0,0,
58,"","","","","","","","","","","","","",0,0,"","","","","","","","","","","","","",0,0,
59,"","","","","","","","","","","","","",0,0,"","","","","","","","","","","","","",0,0,
60,"","","","","","","","","","","","","",0,0,"","","","","","","","","","","","","",0,0,
61,"","","","","","","","","","","","","",0,0,"","","","","","","","","","","","","",0,0,
62,"","","","","","","","","","","","","",0,0,"","","","","","","","","","","","","",0,0,
63,"","","","","","","","","","","","","",0,0,"","","","","","","","","","","","","",0,0,
64,"","","","","","","","","","","","","",0,0,"","","","","","","","","","","","","",0,0,
65,"","","","","","","","","","","","","",0,0,"","","","","","","","","","","","","",0,0,
66,"","","","","","","","","","","","","",0,0,"","","","","","","","","","","","","",0,0,
67,"","","","","","","","","","","","","",0,0,"","","","","","","","","","","","","",0,0,
68,"","","","","","","","","","","","","",0,0,"","","","","","","","","","","","","",0,0,
69,"","","","","","","","","","","","","",0,0,"","","","","","","","","","","","","",0,0,
70,"","","","","","","","","","","","","",0,0.4,"","","","","","","","","","","","","",0,0.4,
71,"","","","","","","","","","","","","",0,0.9,"","","","","","","","","","","","","",0,0.5,
72,"","","","","","","","","","","","","",0,1.1,"","","","","","","","","","","","","",0,0.2,
73,"","","","","","","","","","","","","",0,1.1,"","","","","","","","","","","","","",0,0.1,
74,"","","","","","","","","","","","","",0,1.2,"","","","","","","","","","","","","",0,0.1,
75,"","","","","","","","","","","","","",0,1.2,"","","","","","","","","","","","","",0,0.1,
76,"","","","","","","","","","","","","",0,1.3,"","","","","","","","","","","","","",0,0.1,
77,"","","","","","","","","","","","","",0,1.3,"","","","","","","","","","","","","",0,0.1,
78,"","","","","","","","","","","","","",0,1.4,"","","","","","","","","","","","","",0,0.1,
79,"","","","","","","","","","","","","",0,1.4,"","","","","","","","","","","","","",0,0.1,
80,"","","","","","","","","","","","","",0,1.5,"","","","","","","","","","","","","",0,0.1,
81,"","","","","","","","","","","","","",0,1.5,"","","","","","","","","","","","","",0,0.1,
82,"","","","","","","","","","","","","",0,1.6,"","","","","","","","","","","","","",0,0.1,
83,"","","","","","","","","","","","","",0,1.6,"","","","","","","","","","","","","",0,0.1,
84,"","","","","","","","","","","","","",0,1.7,"","","","","","","","","","","","","",0,0.1,
85,"","","","","","","","","","","","","",0,1.7,"","","","","","","","","","","","","",0,0.1,
86,"","","","","","","","","","","","","",0,1.8,"","","","","","","","","","","","","",0,0.1,
87,"","","","","","","","","","","","","",0,1.8,"","","","","","","","","","","","","",0,0.1,
88,"","","","","","","","","","","","","",0,1.9,"","","","","","","","","","","","","",0,0.1,
89,"","","","","","","","","","","","","",0,1.9,"","","","","","","","","","","","","",0,0.1,
90,"","","","","","","","","","","","","",0,2,"","","","","","","","","","","","","",0,0.1,
91,"","","","","","","","","","","","","",0,2,"","","","","","","","","","","","","",0,0.1,
92,"","","","","","","","","","","","","",0,2.5,"","","","","","","","","","","","","",0,0.5,
93,"","","","","","","","","","","","","",0,3.1,"","","","","","","","","","","","","",0,0.6,
94,"","","","","","","","","","","","","",0,5.6,"","","","","","","","","","","","","",0,2.5,
95,"","","","","","","","","","","","","",0,6.7,"","","","","","","","","","","","","",0,1.1,
96,"","","","","","","","","","","","","",0,9.1,"","","","","","","","","","","","","",0,2.4,
97,"","","","","","","","","","","","","",0,9.2,"","","","","","","","","","","","","",0,0.1,
98,"","","","","","","","","","","","","",0,9.3,"","","","","","","","","","","","","",0,0.1,
99,"","","","","","","","","","","","","",0,9.4,"","","","","","","","","","","","","",0,0.1,
100,"","","","","","","","","","","","","",0,9.5,"","","","","","","","","","","","","",0,0.1,
101,"","","","","","","","","","","","","",0,9.6,"","","","","","","","","","","","","",0,0.1,
102,"","","","","","","","","","","","","",0,9.7,"","","","","","","","","","","","","",0,0.1,
103,"","","","","","","","","","","","","",0,9.8,"","","","","","","","","","","","","",0,0.1,
104,"","","","","","","","","","","","","",0,9.9,"","","","","","","","","","","","","",0,0.1,
105,"","","","","","","","","","","","","",0,10,"","","","","","","","","","","","","",0,0.1,
106,"","","","","","","","","","","","","",0,10.1,"","","","","","","","","","","","","",0,0.1,
107,"","","","","","","","","","","","","",0,10.2,"","","","","","","","","","","","","",0,0.1,
108,"","","","","","","","","","","","","",0,10.3,"","","","","","","","","","","","","",0,0.1,
109,"","","","","","","","","","","","","",0,10.4,"","","","","","","","","","","","","",0,0.1,
110,"","","","","","","","","","","","","",0,10.5,"","","","","","","","","","","","","",0,0.1,
111,"","","","","","","","","","","","","",0,10.6,"","","","","","","","","","","","","",0,0.1,
112,"","","","","","","","","","","","","",0,10.7,"","","","","","","","","","","","","",0,0.1,
113,"","","","","","","","","","","","","",0,10.8,"","","","","","","","","","","","","",0,0.1,
114,"","","","","","","","","","","","","",0,10.9,"","","","","","","","","","","","","",0,0.1,
115,"","","","","","","","","","","","","",0,11,"","","","","","","","","","","","","",0,0.1,
116,"","","","","","","","","","","","","",0,11.1,"","","","","","","","","","","","","",0,0.1,
117,"","","","","","","","","","","","","",0,11.2,"","","","","","","","","","","","","",0,0.1,
118,"","","","","","","","","","","","","",0,11.3,"","","","","","","","","","","","","",0,0.1,
119,"","","","","","","","","","","","","",0,11.5,"","","","","","","","","","","","","",0,0.2,
120,"","","","","","","","","","","","","",0,13.4,"","","","","","","","","","","","","",0,2,
121,"","","","","","","","","","","","","",0,15.3,"","","","","","","","","","","","","",0,1.9,
122,"","","","","","","","","","","","","",0,16.9,"","","","","","","","","","","","","",0,1.6,
123,"","","","","","","","","","","","","",0,17,"","","","","","","","","","","","","",0,0.2,
124,"","","","","","","","","","","","","",0,17.2,"","","","","","","","","","","","","",0,0.2,
125,"","","","","","","","","","","","","",0,17.3,"","","","","","","","","","","","","",0,0.2,
126,"","","","","","","","","","","","","",0,17.5,"","","","","","","","","","","","","",0,0.2,
127,"","","","","","","","","","","","","",0,17.7,"","","","","","","","","","","","","",0,0.2,
128,"","","","","","","","","","","","","",0,17.8,"","","","","","","","","","","","","",0,0.2,
129,"","","","","","","","","","","","","",0,18,"","","","","","","","","","","","","",0,0.2,
130,"","","","","","","","","","","","","",0,18.1,"","","","","","","","","","","","","",0,0.2,
131,"","","","","","","","","","","","","",0,18.3,"","","","","","","","","","","","","",0,0.2,
132,"","","","","","","","","","","","","",0,18.4,"","","","","","","","","","","","","",0,0.2,
133,"","","","","","","","","","","","","",0,18.6,"","","","","","","","","","","","","",0,0.2,
134,"","","","","","","","","","","","","",0,18.8,"","","","","","","","","","","","","",0,0.2,
135,"","","","","","","","","","","","","",0,18.9,"","","","","","","","","","","","","",0,0.2,
136,"","","","","","","","","","","","","",0,19.1,"","","","","","","","","","","","","",0,0.2,
137,"","","","","","","","","","","","","",0,19.2,"","","","","","","","","","","","","",0,0.2,
138,"","","","","","","","","","","","","",0,19.4,"","","","","","","","","","","","","",0,0.2,
139,"","","","","","","","","","","","","",0,19.5,"","","","","","","","","","","","","",0,0.2,
140,"","","","","","","","","","","","","",0,19.7,"","","","","","","","","","","","","",0,0.2,
141,"","","","","","","","","","","","","",0,19.8,"","","","","","","","","","","","","",0,0.2,
142,"","","","","","","","","","","","","",0,24.7,"","","","","","","","","","","","","",0,4.8,
143,"","","","","","","","","","","","","",0,27.2,"","","","","","","","","","","","","",0,2.6,
144,"","","","","","","","","","","","","",0,29.8,"","","","","","","","","","","","","",0,2.6,
145,"","","","","","","","","","","","","",0,32.8,"","","","","","","","","","","","","",0,3,
146,"","","","","","","","","","","","","",0,34.3,"","","","","","","","","","","","","",0,1.5,
147,"","","","","","","","","","","","","",0,34.5,"","","","","","","","","","","","","",0,0.2,
148,"","","","","","","","","","","","","",0,34.7,"","","","","","","","","","","","","",0,0.2,
149,"","","","","","","","","","","","","",0,34.9,"","","","","","","","","","","","","",0,0.2,
150,"","","","","","","","","","","","","",0,35.1,"","","","","","","","","","","","","",0,0.2,
151,"","","","","","","","","","","","","",0,35.3,"","","","","","","","","","","","","",0,0.2,
152,"","","","","","","","","","","","","",0,35.6,"","","","","","","","","","","","","",0,0.2,
153,"","","","","","","","","","","","","",0,35.8,"","","","","","","","","","","","","",0,0.2,
154,"","","","","","","","","","","","","",0,36,"","","","","","","","","","","","","",0,0.2,
155,"","","","","","","","","","","","","",0,36.2,"","","","","","","","","","","","","",0,0.2,
156,"","","","","","","","","","","","","",0,36.4,"","","","","","","","","","","","","",0,0.2,
157,"","","","","","","","","","","","","",0,36.6,"","","","","","","","","","","","","",0,0.2,
158,"","","","","","","","","","","","","",0,36.8,"","","","","","","","","","","","","",0,0.2,
159,"","","","","","","","","","","","","",0,37,"","","","","","","","","","","","","",0,0.2,
160,"","","","","","","","","","","","","",0,37.2,"","","","","","","","","","","","","",0,0.2,
161,"","","","","","","","","","","","","",0,37.4,"","","","","","","","","","","","","",0,0.2,
162,"","","","","","","","","","","","","",0,37.6,"","","","","","","","","","","","","",0,0.2,
163,"","","","","","","","","","","","","",0,37.8,"","","","","","","","","","","","","",0,0.2,
164,"","","","","","","","","","","","","",0,38,"","","","","","","","","","","","","",0,0.2,
165,"","","","","","","","","","","","","",0,38.9,"","","","","","","","","","","","","",0,0.9,
166,"","","","","","","","","","","","","",0,49.5,"","","","","","","","","","","","","",0,10.6,
167,"","","","","","","","","","","","","",0,53,"","","","","","","","","","","","","",0,3.5,
168,"","","","","","","","","","","","","",0,55.8,"","","","","","","","","","","","","",0,2.8,
169,"","","","","","","","","","","","","",0,56.2,"","","","","","","","","","","","","",0,0.5,
170,"","","","","","","","","","","","","",0,56.6,"","","","","","","","","","","","","",0,0.3,
171,"","","","","","","","","","","","","",0,56.9,"","","","","","","","","","","","","",0,0.3,
172,"","","","","","","","","","","","","",0,57.2,"","","","","","","","","","","","","",0,0.3,
173,"","","","","","","","","","","","","",0,57.5,"","","","","","","","","","","","","",0,0.3,
174,"","","","","","","","","","","","","",0,57.9,"","","","","","","","","","","","","",0,0.3,
175,"","","","","","","","","","","","","",0,58.2,"","","","","","","","","","","","","",0,0.3,
176,"","","","","","","","","","","","","",0,58.5,"","","","","","","","","","","","","",0,0.3,
177,"","","","","","","","","","","","","",0,58.9,"","","","","","","","","","","","","",0,0.3,
178,"","","","","","","","","","","","","",0,59.2,"","","","","","","","","","","","","",0,0.3,
179,"","","","","","","","","","","","","",0,59.5,"","","","","","","","","","","","","",0,0.3,
180,"","","","","","","","","","","","","",0,59.9,"","","","","","","","","","","","","",0,0.3,
181,"","","","","","","","","","","","","",0,60.2,"","","","","","","","","","","","","",0,0.3,
182,"","","","","","","","","","","","","",0,60.5,"","","","","","","","","","","","","",0,0.3,
183,"","","","","","","","","","","","","",0,61,"","","","","","","","","","","","","",0,0.5,
184,"","","","","","","","","","","","","",0,61.7,"","","","","","","","","","","","","",0,0.7,
185,"","","","","","","","","","","","","",0,62.4,"","","","","","","","","","","","","",0,0.7,
186,"","","","","","","","","","","","","",0,63.2,"","","","","","","","","","","","","",0,0.7,
187,"","","","","","","","","","","","","",0,63.9,"","","","","","","","","","","","","",0,0.7,
188,"","","","","","","","","","","","","",0,64.6,"","","","","","","","","","","","","",0,0.7,
189,"","","","","","","","","","","","","",0,65.3,"","","","","","","","","","","","","",0,0.7,
190,"","","","","","","","","","","","","",0,74.1,"","","","","","","","","","","","","",0,8.9,
191,"","","","","","","","","","","","","",0,116.8,"","","","","","","","","","","","","",0,42.7,
192,"","","","","","","","","","","","","",0,124.6,"","","","","","","","","","","","","",0,7.8,
193,"","","","","","","","","","","","","",0,128.6,"","","","","","","","","","","","","",0,4,
194,"","","","","","","","","","","","","",0,128.9,"","","","","","","","","","","","","",0,0.3,
195,"","","","","","","","","","","","","",0,129.2,"","","","","","","","","","","","","",0,0.3,
196,"","","","","","","","","","","","","",0,129.5,"","","","","","","","","","","","","",0,0.3,
197,"","","","","","","","","","","","","",0,129.8,"","","","","","","","","","","","","",0,0.3,
198,"","","","","","","","","","","","","",0,130.1,"","","","","","","","","","","","","",0,0.3,
199,"","","","","","","","","","","","","",0,130.3,"","","","","","","","","","","","","",0,0.3,
200,"","","","","","","","","","","","","",0,130.6,"","","","","","","","","","","","","",0,0.3,
201,"","","","","","","","","","","","","",0,130.9,"","","","","","","","","","","","","",0,0.3,
202,"","","","","","","","","","","","","",0,131.2,"","","","","","","","","","","","","",0,0.3,
203,"","","","","","","","","","","","","",0,131.5,"","","","","","","","","","","","","",0,0.3,
204,"","","","","","","","","","","","","",0,131.8,"","","","","","","","","","","","","",0,0.3,
205,"","","","","","","","","","","","","",0,132,"","","","","","","","","","","","","",0,0.3,
206,"","","","","","","","","","","","","",0,132.3,"","","","","","","","","","","","","",0,0.3,
207,"","","","","","","","","","","","","",0,132.6,"","","","","","","","","","","","","",0,0.3,
208,"","","","","","","","","","","","","",0,132.9,"","","","","","","","","","","","","",0,0.3,
209,"","","","","","","","","","","","","",0,133.2,"","","","","","","","","","","","","",0,0.3,
210,"","","","","","","","","","","","","",0,133.5,"","","","","","","","","","","","","",0,0.3,
211,"","","","","","","","","","","","","",0,133.7,"","","","","","","","","","","","","",0,0.3,
212,"","","","","","","","","","","","","",0,134,"","","","","","","","","","","","","",0,0.3,
213,"","","","","","","","","","","","","",0,134.3,"","","","","","","","","","","","","",0,0.3,
214,"","","","","","","","","","","","","",0,136.7,"","","","","","","","","","","","","",0,2.4,
215,"","","","","","","","","","","","","",0,143.7,"","","","","","","","","","","","","",0,7,
216,"","","","","","","","","","","","","",0,149.1,"","","","","","","","","","","","","",0,5.4,
217,"","","","","","","","","","","","","",0,153.8,"","","","","","","","","","","","","",0,4.8,
218,"","","","","","","","","","","","","",0,157.3,"","","","","","","","","","","","","",0,3.5,
219,"","","","","","","","","","","","","",0,160.5,"","","","","","","","","","","","","",0,3.1,
220,"","","","","","","","","","","","","",0,163.1,"","","","","","","","","","","","","",0,2.7,
221,"","","","","","","","","","","","","",0,165.7,"","","","","","","","","","","","","",0,2.6,
222,"","","","","","","","","","","","","",0,167.5,"","","","","","","","","","","","","",0,1.8,
223,"","","","","","","","","","","","","",0,169.4,"","","","","","","","","","","","","",0,1.8,
224,"","","","","","","","","","","","","",0,171.2,"","","","","","","","","","","","","",0,1.8,
225,"","","","","","","","","","","","","",0,172.4,"","","","","","","","","","","","","",0,1.2,
226,"","","","","","","","","","","","","",0,173.1,"","","","","","","","","","","","","",0,0.7,
227,"","","","","","","","","","","","","",0,173.9,"","","","","","","","","","","","","",0,0.7,
228,"","","","","","","","","","","","","",0,174.6,"","","","","","","","","","","","","",0,0.7,
229,"","","","","","","","","","","","","",0,175.4,"","","","","","","","","","","","","",0,0.7,
230,"","","","","","","","","","","","","",0,176.1,"","","","","","","","","","","","","",0,0.7,
231,"","","","","","","","","","","","","",0,176.9,"","","","","","","","","","","","","",0,0.7,
232,"","","","","","","","","","","","","",0,177.6,"","","","","","","","","","","","","",0,0.7,
233,"","","","","","","","","","","","","",0,178.4,"","","","","","","","","","","","","",0,0.8,
234,"","","","","","","","","","","","","",0,179.8,"","","","","","","","","","","","","",0,1.5,
235,"","","","","","","","","","","","","",0,181.3,"","","","","","","","","","","","","",0,1.5,
236,"","","","","","","","","","","","","",0,182.8,"","","","","","","","","","","","","",0,1.5,
237,"","","","","","","","","","","","","",0,184.3,"","","","","","","","","","","","","",0,1.5,
238,"","","","","","","","","","","","","",0,198.3,"","","","","","","","","","","","","",0,14,
239,"","","","","","","","","","","","","",0,207.8,"","","","","","","","","","","","","",0,9.5,
240,"","","","","","","","","","","","","",0,217.4,"","","","","","","","","","","","","",0,9.6,
241,"","","","","","","","","","","","","",0,222.8,"","","","","","","","","","","","","",0,5.5,
242,"","","","","","","","","","","","","",0,226.8,"","","","","","","","","","","","","",0,4,
243,"","","","","","","","","","","","","",0,230.2,"","","","","","","","","","","","","",0,3.3,
244,"","","","","","","","","","","","","",0,232.8,"","","","","","","","","","","","","",0,2.6,
245,"","","","","","","","","","","","","",0,235,"","","","","","","","","","","","","",0,2.2,
246,"","","","","","","","","","","","","",0,237.3,"","","","","","","","","","","","","",0,2.2,
247,"","","","","","","","","","","","","",0,238.7,"","","","","","","","","","","","","",0,1.4,
248,"","","","","","","","","","","","","",0,239.6,"","","","","","","","","","","","","",0,1,
249,"","","","","","","","","","","","","",0,240.6,"","","","","","","","","","","","","",0,1,
250,"","","","","","","","","","","","","",0,241.6,"","","","","","","","","","","","","",0,1,
251,"","","","","","","","","","","","","",0,242.5,"","","","","","","","","","","","","",0,1,
252,"","","","","","","","","","","","","",0,243.5,"","","","","","","","","","","","","",0,1,
253,"","","","","","","","","","","","","",0,244.4,"","","","","","","","","","","","","",0,1,
254,"","","","","","","","","","","","","",0,245.4,"","","","","","","","","","","","","",0,0.9,
255,"","","","","","","","","","","","","",0,246.2,"","","","","","","","","","","","","",0,0.9,
256,"","","","","","","","","","","","","",0,247.1,"","","","","","","","","","","","","",0,0.9,
257,"","","","","","","","","","","","","",0,247.9,"","","","","","","","","","","","","",0,0.9,
258,"","","","","","","","","","","","","",0,248.8,"","","","","","","","","","","","","",0,0.9,
259,"","","","","","","","","","","","","",0,249.6,"","","","","","","","","","","","","",0,0.9,
260,"","","","","","","","","","","","","",0,250.5,"","","","","","","","","","","","","",0,0.9,
261,"","","","","","","","","","","","","",0,251.4,"","","","","","","","","","","","","",0,0.9,
262,"","","","","","","","","","","","","",0,256.9,"","","","","","","","","","","","","",0,5.6,
263,"","","","","","","","","","","","","",0,265.6,"","","","","","","","","","","","","",0,8.7,
264,"","","","","","","","","","","","","",0,267.9,"","","","","","","","","","","","","",0,2.3,
265,"","","","","","","","","","","","","",0,270.2,"","","","","","","","","","","","","",0,2.3,
266,"","","","","","","","","","","","","",0,272.4,"","","","","","","","","","","","","",0,2.2,
267,"","","","","","","","","","","","","",0,272.9,"","","","","","","","","","","","","",0,0.5,
268,"","","","","","","","","","","","","",0,273.4,"","","","","","","","","","","","","",0,0.5,
269,"","","","","","","","","","","","","",0,273.9,"","","","","","","","","","","","","",0,0.5,
270,"","","","","","","","","","","","","",0,274.4,"","","","","","","","","","","","","",0,0.5,
271,"","","","","","","","","","","","","",0,274.9,"","","","","","","","","","","","","",0,0.5,
272,"","","","","","","","","","","","","",0,275.4,"","","","","","","","","","","","","",0,0.5,
273,"","","","","","","","","","","","","",0,275.9,"","","","","","","","","","","","","",0,0.5,
274,"","","","","","","","","","","","","",0,276.4,"","","","","","","","","","","","","",0,0.5,
275,"","","","","","","","","","","","","",0,276.9,"","","","","","","","","","","","","",0,0.5,
276,"","","","","","","","","","","","","",0,277.5,"","","","","","","","","","","","","",0,0.5,
277,"","","","","","","","","","","","","",0,278,"","","","","","","","","","","","","",0,0.5,
278,"","","","","","","","","","","","","",0,278.5,"","","","","","","","","","","","","",0,0.5,
279,"","","","","","","","","","","","","",0,279,"","","","","","","","","","","","","",0,0.5,
280,"","","","","","","","","","","","","",0,279.7,"","","","","","","","","","","","","",0,0.7,
281,"","","","","","","","","","","","","",0,280.9,"","","","","","","","","","","","","",0,1.2,
282,"","","","","","","","","","","","","",0,282.1,"","","","","","","","","","","","","",0,1.2,
283,"","","","","","","","","","","","","",0,283.4,"","","","","","","","","","","","","",0,1.2,
284,"","","","","","","","","","","","","",0,284.6,"","","","","","","","","","","","","",0,1.2,
285,"","","","","","","","","","","","","",0,285.8,"","","","","","","","","","","","","",0,1.2,
286,"","","","","","","","","","","","","",0,296.4,"","","","","","","","","","","","","",0,10.5,
287,"","","","","","","","","","","","","",0,301.4,"","","","","","","","","","","","","",0,5.1,
288,"","","","","","","","","","","","","",0,305.8,"","","","","","","","","","","","","",0,4.4,
289,"","","","","","","","","","","","","",0,308.3,"","","","","","","","","","","","","",0,2.5,
290,"","","","","","","","","","","","","",0,309.7,"","","","","","","","","","","","","",0,1.4,
291,"","","","","","","","","","","","","",0,311.1,"","","","","","","","","","","","","",0,1.4,
292,"","","","","","","","","","","","","",0,312.5,"","","","","","","","","","","","","",0,1.4,
293,"","","","","","","","","","","","","",0,313.9,"","","","","","","","","","","","","",0,1.4,
294,"","","","","","","","","","","","","",0,314.9,"","","","","","","","","","","","","",0,0.9,
295,"","","","","","","","","","","","","",0,315.6,"","","","","","","","","","","","","",0,0.7,
296,"","","","","","","","","","","","","",0,316.3,"","","","","","","","","","","","","",0,0.7,
297,"","","","","","","","","","","","","",0,317,"","","","","","","","","","","","","",0,0.7,
298,"","","","","","","","","","","","","",0,317.7,"","","","","","","","","","","","","",0,0.7,
299,"","","","","","","","","","","","","",0,318.4,"","","","","","","","","","","","","",0,0.7,
300,"","","","","","","","","","","","","",0,319.1,"","","","","","","","","","","","","",0,0.7,
301,"","","","","","","","","","","","","",0,319.8,"","","","","","","","","","","","","",0,0.7,
302,"","","","","","","","","","","","","",0,320.5,"","","","","","","","","","","","","",0,0.7,
303,"","","","","","","","","","","","","",0,321.2,"","","","","","","","","","","","","",0,0.7,
304,"","","","","","","","","","","","","",0,322.2,"","","","","","","","","","","","","",0,1,
305,"","","","","","","","","","","","","",0,323.4,"","","","","","","","","","","","","",0,1.2,
306,"","","","","","","","","","","","","",0,324.6,"","","","","","","","","","","","","",0,1.2,
307,"","","","","","","","","","","","","",0,325.7,"","","","","","","","","","","","","",0,1.2,
308,"","","","","","","","","","","","","",0,326.9,"","","","","","","","","","","","","",0,1.2,
309,"","","","","","","","","","","","","",0,328.1,"","","","","","","","","","","","","",0,1.2,
310,"","","","","","","","","","","","","",0,340.5,"","","","","","","","","","","","","",0,12.3,
311,"","","","","","","","","","","","","",0,346.1,"","","","","","","","","","","","","",0,5.6,
312,"","","","","","","","","","","","","",0,350.2,"","","","","","","","","","","","","",0,4.2,
313,"","","","","","","","","","","","","",0,352,"","","","","","","","","","","","","",0,1.8,
314,"","","","","","","","","","","","","",0,353.9,"","","","","","","","","","","","","",0,1.8,
315,"","","","","","","","","","","","","",0,355.7,"","","","","","","","","","","","","",0,1.8,
316,"","","","","","","","","","","","","",0,357.3,"","","","","","","","","","","","","",0,1.6,
317,"","","","","","","","","","","","","",0,358.2,"","","","","","","","","","","","","",0,0.9,
318,"","","","","","","","","","","","","",0,359.1,"","","","","","","","","","","","","",0,0.9,
319,"","","","","","","","","","","","","",0,360,"","","","","","","","","","","","","",0,0.9,
320,"","","","","","","","","","","","","",0,360.9,"","","","","","","","","","","","","",0,0.9,
321,"","","","","","","","","","","","","",0,361.8,"","","","","","","","","","","","","",0,0.9,
322,"","","","","","","","","","","","","",0,362.7,"","","","","","","","","","","","","",0,0.9,
323,"","","","","","","","","","","","","",0,363.6,"","","","","","","","","","","","","",0,0.9,
324,"","","","","","","","","","","","","",0,364.5,"","","","","","","","","","","","","",0,0.9,
325,"","","","","","","","","","","","","",0,365.6,"","","","","","","","","","","","","",0,1.1,
326,"","","","","","","","","","","","","",0,366.7,"","","","","","","","","","","","","",0,1.1,
327,"","","","","","","","","","","","","",0,367.9,"","","","","","","","","","","","","",0,1.1,
328,"","","","","","","","","","","","","",0,369,"","","","","","","","","","","","","",0,1.1,
329,"","","","","","","","","","","","","",0,370.1,"","","","","","","","","","","","","",0,1.1,
330,"","","","","","","","","","","","","",0,371.2,"","","","","","","","","","","","","",0,1.1,
331,"","","","","","","","","","","","","",0,373.2,"","","","","","","","","","","","","",0,2,
332,"","","","","","","","","","","","","",0,375.5,"","","","","","","","","","","","","",0,2.3,
333,"","","","","","","","","","","","","",0,377.8,"","","","","","","","","","","","","",0,2.3,
334,"","","","","","","","","","","","","",0,389.8,"","","","","","","","","","","","","",0,12,
335,"","","","","","","","","","","","","",0,393.3,"","","","","","","","","","","","","",0,3.5,
336,"","","","","","","","","","","","","",0,393.7,"","","","","","","","","","","","","",0,0.4,
337,"","","","","","","","","","","","","",0,394,"","","","","","","","","","","","","",0,0.4,
338,"","","","","","","","","","","","","",0,394.4,"","","","","","","","","","","","","",0,0.4,
339,"","","","","","","","","","","","","",0,394.8,"","","","","","","","","","","","","",0,0.4,
340,"","","","","","","","","","","","","",0,395.2,"","","","","","","","","","","","","",0,0.4,
341,"","","","","","","","","","","","","",0,395.5,"","","","","","","","","","","","","",0,0.4,
342,"","","","","","","","","","","","","",0,395.9,"","","","","","","","","","","","","",0,0.4,
343,"","","","","","","","","","","","","",0,396.3,"","","","","","","","","","","","","",0,0.4,
344,"","","","","","","","","","","","","",0,396.7,"","","","","","","","","","","","","",0,0.4,
345,"","","","","","","","","","","","","",0,397,"","","","","","","","","","","","","",0,0.4,
346,"","","","","","","","","","","","","",0,397.4,"","","","","","","","","","","","","",0,0.4,
347,"","","","","","","","","","","","","",0,397.8,"","","","","","","","","","","","","",0,0.4,
348,"","","","","","","","","","","","","",0,398.1,"","","","","","","","","","","","","",0,0.4,
349,"","","","","","","","","","","","","",0,398.5,"","","","","","","","","","","","","",0,0.4,
350,"","","","","","","","","","","","","",0,398.9,"","","","","","","","","","","","","",0,0.4,
351,"","","","","","","","","","","","","",0,399.3,"","","","","","","","","","","","","",0,0.4,
352,"","","","","","","","","","","","","",0,399.6,"","","","","","","","","","","","","",0,0.4,
353,"","","","","","","","","","","","","",0,400,"","","","","","","","","","","","","",0,0.4,
354,"","","","","","","","","","","","","",0,400.4,"","","","","","","","","","","","","",0,0.4,
355,"","","","","","","","","","","","","",0,402.6,"","","","","","","","","","","","","",0,2.1,
356,"","","","","","","","","","","","","",0,404.7,"","","","","","","","","","","","","",0,2.1,
357,"","","","","","","","","","","","","",0,406.8,"","","","","","","","","","","","","",0,2.1,
358,"","","","","","","","","","","","","",0,420.1,"","","","","","","","","","","","","",0,13.3,
359,"","","","","","","","","","","","","",0,426.9,"","","","","","","","","","","","","",0,6.8,
360,"","","","","","","","","","","","","",0,430.7,"","","","","","","","","","","","","",0,3.8,
361,"","","","","","","","","","","","","",0,432.8,"","","","","","","","","","","","","",0,2.1,
362,"","","","","","","","","","","","","",0,434.9,"","","","","","","","","","","","","",0,2.1,
363,"","","","","","","","","","","","","",0,436.9,"","","","","","","","","","","","","",0,2,
364,"","","","","","","","","","","","","",0,438.1,"","","","","","","","","","","","","",0,1.2,
365,"","","","","","","","","","","","","",0,439.4,"","","","","","","","","","","","","",0,1.2,
366,"","","","","","","","","","","","","",0,440.6,"","","","","","","","","","","","","",0,1.2,
367,"","","","","","","","","","","","","",0,441.8,"","","","","","","","","","","","","",0,1.2,
368,"","","","","","","","","","","","","",0,443,"","","","","","","","","","","","","",0,1.2,
369,"","","","","","","","","","","","","",0,444.2,"","","","","","","","","","","","","",0,1.2,
370,"","","","","","","","","","","","","",0,445.3,"","","","","","","","","","","","","",0,1.1,
371,"","","","","","","","","","","","","",0,446.4,"","","","","","","","","","","","","",0,1.1,
372,"","","","","","","","","","","","","",0,447.6,"","","","","","","","","","","","","",0,1.1,
373,"","","","","","","","","","","","","",0,448.7,"","","","","","","","","","","","","",0,1.1,
374,"","","","","","","","","","","","","",0,449.8,"","","","","","","","","","","","","",0,1.1,
375,"","","","","","","","","","","","","",0,450.9,"","","","","","","","","","","","","",0,1.1,
376,"","","","","","","","","","","","","",0,452.1,"","","","","","","","","","","","","",0,1.3,
377,"","","","","","","","","","","","","",0,453.5,"","","","","","","","","","","","","",0,1.4,
378,"","","","","","","","","","","","","",0,454.9,"","","","","","","","","","","","","",0,1.4,
379,"","","","","","","","","","","","","",0,456.3,"","","","","","","","","","","","","",0,1.4,
380,"","","","","","","","","","","","","",0,457.7,"","","","","","","","","","","","","",0,1.4,
381,"","","","","","","","","","","","","",0,461.2,"","","","","","","","","","","","","",0,3.6,
382,"","","","","","","","","","","","","",0,471.3,"","","","","","","","","","","","","",0,10.1,
383,"","","","","","","","","","","","","",0,475.6,"","","","","","","","","","","","","",0,4.3,
384,"","","","","","","","","","","","","",0,478.4,"","","","","","","","","","","","","",0,2.8,
385,"","","","","","","","","","","","","",0,481,"","","","","","","","","","","","","",0,2.6,
386,"","","","","","","","","","","","","",0,482.2,"","","","","","","","","","","","","",0,1.2,
387,"","","","","","","","","","","","","",0,483.4,"","","","","","","","","","","","","",0,1.2,
388,"","","","","","","","","","","","","",0,484.6,"","","","","","","","","","","","","",0,1.2,
389,"","","","","","","","","","","","","",0,485.8,"","","","","","","","","","","","","",0,1.2,
390,"","","","","","","","","","","","","",0,487,"","","","","","","","","","","","","",0,1.2,
391,"","","","","","","","","","","","","",0,488.2,"","","","","","","","","","","","","",0,1.2,
392,"","","","","","","","","","","","","",0,489.3,"","","","","","","","","","","","","",0,1.1,
393,"","","","","","","","","","","","","",0,490.3,"","","","","","","","","","","","","",0,1.1,
394,"","","","","","","","","","","","","",0,491.4,"","","","","","","","","","","","","",0,1.1,
395,"","","","","","","","","","","","","",0,492.5,"","","","","","","","","","","","","",0,1.1,
396,"","","","","","","","","","","","","",0,493.6,"","","","","","","","","","","","","",0,1.1,
397,"","","","","","","","","","","","","",0,494.7,"","","","","","","","","","","","","",0,1.1,
398,"","","","","","","","","","","","","",0,495.8,"","","","","","","","","","","","","",0,1.1,
399,"","","","","","","","","","","","","",0,497,"","","","","","","","","","","","","",0,1.2,
400,"","","","","","","","","","","","","",0,498.3,"","","","","","","","","","","","","",0,1.2,
401,"","","","","","","","","","","","","",0,499.5,"","","","","","","","","","","","","",0,1.2,
402,"","","","","","","","","","","","","",0,500.7,"","","","","","","","","","","","","",0,1.2,
403,"","","","","","","","","","","","","",0,502,"","","","","","","","","","","","","",0,1.2,
404,"","","","","","","","","","","","","",0,504,"","","","","","","","","","","","","",0,2,
405,"","","","","","","","","","","","","",0,508.5,"","","","","","","","","","","","","",0,4.6,
406,"","","","","","","","","","","","","",0,518,"","","","","","","","","","","","","",0,9.4,
407,"","","","","","","","","","","","","",0,520.4,"","","","","","","","","","","","","",0,2.5,
408,"","","","","","","","","","","","","",0,522.9,"","","","","","","","","","","","","",0,2.5,
409,"","","","","","","","","","","","","",0,525.3,"","","","","","","","","","","","","",0,2.4,
410,"","","","","","","","","","","","","",0,526.8,"","","","","","","","","","","","","",0,1.5,
411,"","","","","","","","","","","","","",0,528.3,"","","","","","","","","","","","","",0,1.5,
412,"","","","","","","","","","","","","",0,529.8,"","","","","","","","","","","","","",0,1.5,
413,"","","","","","","","","","","","","",0,531.3,"","","","","","","","","","","","","",0,1.5,
414,"","","","","","","","","","","","","",0,532.7,"","","","","","","","","","","","","",0,1.4,
415,"","","","","","","","","","","","","",0,533.6,"","","","","","","","","","","","","",0,0.9,
416,"","","","","","","","","","","","","",0,534.5,"","","","","","","","","","","","","",0,0.9,
417,"","","","","","","","","","","","","",0,535.4,"","","","","","","","","","","","","",0,0.9,
418,"","","","","","","","","","","","","",0,536.4,"","","","","","","","","","","","","",0,0.9,
419,"","","","","","","","","","","","","",0,537.3,"","","","","","","","","","","","","",0,0.9,
420,"","","","","","","","","","","","","",0,538.2,"","","","","","","","","","","","","",0,0.9,
421,"","","","","","","","","","","","","",0,539.1,"","","","","","","","","","","","","",0,0.9,
422,"","","","","","","","","","","","","",0,540.1,"","","","","","","","","","","","","",0,0.9,
423,"","","","","","","","","","","","","",0,541.5,"","","","","","","","","","","","","",0,1.4,
424,"","","","","","","","","","","","","",0,542.9,"","","","","","","","","","","","","",0,1.4,
425,"","","","","","","","","","","","","",0,544.3,"","","","","","","","","","","","","",0,1.4,
426,"","","","","","","","","","","","","",0,545.7,"","","","","","","","","","","","","",0,1.4,
427,"","","","","","","","","","","","","",0,547.1,"","","","","","","","","","","","","",0,1.4,
428,"","","","","","","","","","","","","",0,550,"","","","","","","","","","","","","",0,2.9,
429,"","","","","","","","","","","","","",0,553.6,"","","","","","","","","","","","","",0,3.6,
430,"","","","","","","","","","","","","",0,560.1,"","","","","","","","","","","","","",0,6.5,
431,"","","","","","","","","","","","","",0,565,"","","","","","","","","","","","","",0,4.8,
432,"","","","","","","","","","","","","",0,568.4,"","","","","","","","","","","","","",0,3.5,
433,"","","","","","","","","","","","","",0,571.6,"","","","","","","","","","","","","",0,3.2,
434,"","","","","","","","","","","","","",0,574.5,"","","","","","","","","","","","","",0,2.9,
435,"","","","","","","","","","","","","",0,577.4,"","","","","","","","","","","","","",0,2.9,
436,"","","","","","","","","","","","","",0,578.6,"","","","","","","","","","","","","",0,1.2,
437,"","","","","","","","","","","","","",0,579.8,"","","","","","","","","","","","","",0,1.2,
438,"","","","","","","","","","","","","",0,580.9,"","","","","","","","","","","","","",0,1.2,
439,"","","","","","","","","","","","","",0,582.1,"","","","","","","","","","","","","",0,1.2,
440,"","","","","","","","","","","","","",0,583.3,"","","","","","","","","","","","","",0,1.2,
441,"","","","","","","","","","","","","",0,584.5,"","","","","","","","","","","","","",0,1.2,
442,"","","","","","","","","","","","","",0,585.4,"","","","","","","","","","","","","",0,0.9,
443,"","","","","","","","","","","","","",0,586.1,"","","","","","","","","","","","","",0,0.7,
444,"","","","","","","","","","","","","",0,586.8,"","","","","","","","","","","","","",0,0.7,
445,"","","","","","","","","","","","","",0,587.5,"","","","","","","","","","","","","",0,0.7,
446,"","","","","","","","","","","","","",0,588.2,"","","","","","","","","","","","","",0,0.7,
447,"","","","","","","","","","","","","",0,588.9,"","","","","","","","","","","","","",0,0.7,
448,"","","","","","","","","","","","","",0,589.7,"","","","","","","","","","","","","",0,0.7,
449,"","","","","","","","","","","","","",0,590.4,"","","","","","","","","","","","","",0,0.7,
450,"","","","","","","","","","","","","",0,591.1,"","","","","","","","","","","","","",0,0.7,
451,"","","","","","","","","","","","","",0,591.8,"","","","","","","","","","","","","",0,0.7,
452,"","","","","","","","","","","","","",0,593.4,"","","","","","","","","","","","","",0,1.6,
453,"","","","","","","","","","","","","",0,598.1,"","","","","","","","","","","","","",0,4.7,
454,"","","","","","","","","","","","","",0,605.2,"","","","","","","","","","","","","",0,7.1,
455,"","","","","","","","","","","","","",0,608.9,"","","","","","","","","","","","","",0,3.7,
456,"","","","","","","","","","","","","",0,611,"","","","","","","","","","","","","",0,2,
457,"","","","","","","","","","","","","",0,613,"","","","","","","","","","","","","",0,2,
458,"","","","","","","","","","","","","",0,615,"","","","","","","","","","","","","",0,1.9,
459,"","","","","","","","","","","","","",0,615.7,"","","","","","","","","","","","","",0,0.7,
460,"","","","","","","","","","","","","",0,616.3,"","","","","","","","","","","","","",0,0.7,
461,"","","","","","","","","","","","","",0,617,"","","","","","","","","","","","","",0,0.7,
462,"","","","","","","","","","","","","",0,617.7,"","","","","","","","","","","","","",0,0.7,
463,"","","","","","","","","","","","","",0,618.4,"","","","","","","","","","","","","",0,0.7,
464,"","","","","","","","","","","","","",0,619,"","","","","","","","","","","","","",0,0.7,
465,"","","","","","","","","","","","","",0,619.7,"","","","","","","","","","","","","",0,0.7,
466,"","","","","","","","","","","","","",0,620.4,"","","","","","","","","","","","","",0,0.7,
467,"","","","","","","","","","","","","",0,621.1,"","","","","","","","","","","","","",0,0.7,
468,"","","","","","","","","","","","","",0,621.7,"","","","","","","","","","","","","",0,0.7,
469,"","","","","","","","","","","","","",0,622.4,"","","","","","","","","","","","","",0,0.7,
470,"","","","","","","","","","","","","",0,623.4,"","","","","","","","","","","","","",0,1,
471,"","","","","","","","","","","","","",0,624.4,"","","","","","","","","","","","","",0,1,
472,"","","","","","","","","","","","","",0,625.3,"","","","","","","","","","","","","",0,1,
473,"","","","","","","","","","","","","",0,626.3,"","","","","","","","","","","","","",0,1,
474,"","","","","","","","","","","","","",0,627.3,"","","","","","","","","","","","","",0,1,
475,"","","","","","","","","","","","","",0,628.2,"","","","","","","","","","","","","",0,1,
476,"","","","","","","","","","","","","",0,629.2,"","","","","","","","","","","","","",0,1,
477,"","","","","","","","","","","","","",0,632.4,"","","","","","","","","","","","","",0,3.2,
478,"","","","","","","","","","","","","",0,640.7,"","","","","","","","","","","","","",0,8.3,
479,"","","","","","","","","","","","","",0,645.2,"","","","","","","","","","","","","",0,4.5,
480,"","","","","","","","","","","","","",0,646.2,"","","","","","","","","","","","","",0,1,
481,"","","","","","","","","","","","","",0,647.2,"","","","","","","","","","","","","",0,1,
482,"","","","","","","","","","","","","",0,648.1,"","","","","","","","","","","","","",0,1,
483,"","","","","","","","","","","","","",0,649.1,"","","","","","","","","","","","","",0,1,
484,"","","","","","","","","","","","","",0,650.1,"","","","","","","","","","","","","",0,1,
485,"","","","","","","","","","","","","",0,651.1,"","","","","","","","","","","","","",0,1,
486,"","","","","","","","","","","","","",0,652.1,"","","","","","","","","","","","","",0,1,
487,"","","","","","","","","","","","","",0,652.8,"","","","","","","","","","","","","",0,0.8,
488,"","","","","","","","","","","","","",0,653.4,"","","","","","","","","","","","","",0,0.6,
489,"","","","","","","","","","","","","",0,654,"","","","","","","","","","","","","",0,0.6,
490,"","","","","","","","","","","","","",0,654.5,"","","","","","","","","","","","","",0,0.6,
491,"","","","","","","","","","","","","",0,655.1,"","","","","","","","","","","","","",0,0.6,
492,"","","","","","","","","","","","","",0,655.6,"","","","","","","","","","","","","",0,0.6,
493,"","","","","","","","","","","","","",0,656.2,"","","","","","","","","","","","","",0,0.6,
494,"","","","","","","","","","","","","",0,656.7,"","","","","","","","","","","","","",0,0.6,
495,"","","","","","","","","","","","","",0,657.3,"","","","","","","","","","","","","",0,0.6,
496,"","","","","","","","","","","","","",0,657.9,"","","","","","","","","","","","","",0,0.6,
497,"","","","","","","","","","","","","",0,658.4,"","","","","","","","","","","","","",0,0.6,
498,"","","","","","","","","","","","","",0.3,659,"","","","","","","","","","","","","",0.3,0.6,
499,"","","","","","","","","","","","","",0.3,659.5,"","","","","","","","","","","","","",0,0.6,
500,"","","","","","","","","","","","","",0.3,660.6,"","","","","","","","","","","","","",0,1,
501,"","","","","","","","","","","","","",0.3,665.5,"","","","","","","","","","","","","",0,5,
502,"","","","","","","","","","","","","",0.3,672.9,"","","","","","","","","","","","","",0,7.3,
503,"","","","","","","","","","","","","",0.4,677.3,"","","","","","","","","","","","","",0,4.4,
504,"","","","","","","","","","","","","",0.4,680.1,"","","","","","","","","","","","","",0,2.9,
505,"","","","","","","","","","","","","",0.4,682.7,"","","","","","","","","","","","","",0,2.5,
506,"","","","","","","","","","","","","",0.4,683.2,"","","","","","","","","","","","","",0,0.5,
507,"","","","","","","","","","","","","",0.4,683.7,"","","","","","","","","","","","","",0,0.5,
508,"","","","","","","","","","","","","",0.4,684.1,"","","","","","","","","","","","","",0,0.5,
509,"","","","","","","","","","","","","",0.4,684.6,"","","","","","","","","","","","","",0,0.5,
510,"","","","","","","","","","","","","",0.4,685.1,"","","","","","","","","","","","","",0,0.5,
511,"","","","","","","","","","","","","",0.4,685.6,"","","","","","","","","","","","","",0,0.5,
512,"","","","","","","","","","","","","",0.4,686.1,"","","","","","","","","","","","","",0,0.5,
513,"","","","","","","","","","","","","",0.4,686.6,"","","","","","","","","","","","","",0,0.5,
514,"","","","","","","","","","","","","",0.4,687.1,"","","","","","","","","","","","","",0,0.5,
515,"","","","","","","","","","","","","",0.4,687.6,"","","","","","","","","","","","","",0,0.5,
516,"","","","","","","","","","","","","",0.4,688.1,"","","","","","","","","","","","","",0,0.5,
517,"","","","","","","","","","","","","",0.4,688.6,"","","","","","","","","","","","","",0,0.5,
518,"","","","","","","","","","","","","",0.4,689.1,"","","","","","","","","","","","","",0,0.5,
519,"","","","","","","","","","","","","",0.4,689.6,"","","","","","","","","","","","","",0,0.5,
520,"","","","","","","","","","","","","",0.4,690.1,"","","","","","","","","","","","","",0,0.5,
521,"","","","","","","","","","","","","",0.4,691.5,"","","","","","","","","","","","","",0,1.4,
522,"","","","","","","","","","","","","",0.4,692.9,"","","","","","","","","","","","","",0,1.4,
523,"","","","","","","","","","","","","",0.4,694.3,"","","","","","","","","","","","","",0,1.4,
524,"","","","","","","","","","","","","",0.4,695.7,"","","","","","","","","","","","","",0,1.4,
525,"","","","","","","","","","","","","",0.4,697.1,"","","","","","","","","","","","","",0,1.4,
526,"","","","","","","","","","","","","",0.4,705.6,"","","","","","","","","","","","","",0,8.4,
527,"","","","","","","","","","","","","",0.4,706.2,"","","","","","","","","","","","","",0,0.6,
528,"","","","","","","","","","","","","",0.4,706.8,"","","","","","","","","","","","","",0,0.6,
529,"","","","","","","","","","","","","",0.4,707.4,"","","","","","","","","","","","","",0,0.6,
530,"","","","","","","","","","","","","",0.4,708,"","","","","","","","","","","","","",0,0.6,
531,"","","","","","","","","","","","","",0.4,708.6,"","","","","","","","","","","","","",0,0.6,
532,"","","","","","","","","","","","","",0.4,709.2,"","","","","","","","","","","","","",0,0.6,
533,"","","","","","","","","","","","","",0.4,709.8,"","","","","","","","","","","","","",0,0.6,
534,"","","","","","","","","","","","","",0.4,710.4,"","","","","","","","","","","","","",0,0.6,
535,"","","","","","","","","","","","","",0.4,711,"","","","","","","","","","","","","",0,0.6,
536,"","","","","","","","","","","","","",0.4,711.6,"","","","","","","","","","","","","",0,0.6,
537,"","","","","","","","","","","","","",0.4,712.2,"","","","","","","","","","","","","",0,0.6,
538,"","","","","","","","","","","","","",0.4,712.8,"","","","","","","","","","","","","",0,0.6,
539,"","","","","","","","","","","","","",0.4,713.4,"","","","","","","","","","","","","",0,0.7,
540,"","","","","","","","","","","","","",0.4,714.1,"","","","","","","","","","","","","",0,0.7,
541,"","","","","","","","","","","","","",0.4,714.7,"","","","","","","","","","","","","",0,0.7,
542,"","","","","","","","","","","","","",0.4,715.4,"","","","","","","","","","","","","",0,0.7,
543,"","","","","","","","","","","","","",0.4,716.1,"","","","","","","","","","","","","",0,0.7,
544,"","","","","","","","","","","","","",0.4,716.7,"","","","","","","","","","","","","",0,0.7,
545,"","","","","","","","","","","","","",0.4,717.4,"","","","","","","","","","","","","",0,0.7,
546,"","","","","","","","","","","","","",0.4,718.1,"","","","","","","","","","","","","",0,0.7,
547,"","","","","","","","","","","","","",0.4,718.7,"","","","","","","","","","","","","",0,0.7,
548,"","","","","","","","","","","","","",0.4,719.4,"","","","","","","","","","","","","",0,0.7,
549,"","","","","","","","","","","","","",0.4,720.1,"","","","","","","","","","","","","",0,0.7,
550,"","","","","","","","","","","","","",0.4,729.5,"","","","","","","","","","","","","",0,9.4,
551,"","","","","","","","","","","","","",0.4,732,"","","","","","","","","","","","","",0,2.6,
552,"","","","","","","","","","","","","",0.4,734.6,"","","","","","","","","","","","","",0,2.6,
553,"","","","","","","","","","","","","",0.4,735.7,"","","","","","","","","","","","","",0,1.1,
554,"","","","","","","","","","","","","",0.4,736.1,"","","","","","","","","","","","","",0,0.4,
555,"","","","","","","","","","","","","",0.4,736.4,"","","","","","","","","","","","","",0,0.4,
556,"","","","","","","","","","","","","",0.4,736.8,"","","","","","","","","","","","","",0,0.4,
557,"","","","","","","","","","","","","",0.4,737.2,"","","","","","","","","","","","","",0,0.4,
558,"","","","","","","","","","","","","",0.4,737.5,"","","","","","","","","","","","","",0,0.4,
559,"","","","","","","","","","","","","",0.4,737.9,"","","","","","","","","","","","","",0,0.4,
560,"","","","","","","","","","","","","",0.4,738.2,"","","","","","","","","","","","","",0,0.4,
561,"","","","","","","","","","","","","",0.4,738.6,"","","","","","","","","","","","","",0,0.4,
562,"","","","","","","","","","","","","",0.4,739,"","","","","","","","","","","","","",0,0.4,
563,"","","","","","","","","","","","","",0.4,739.3,"","","","","","","","","","","","","",0,0.4,
564,"","","","","","","","","","","","","",0.4,739.7,"","","","","","","","","","","","","",0,0.4,
565,"","","","","","","","","","","","","",0.4,740,"","","","","","","","","","","","","",0,0.4,
566,"","","","","","","","","","","","","",0.4,740.4,"","","","","","","","","","","","","",0,0.4,
567,"","","","","","","","","","","","","",0.4,740.8,"","","","","","","","","","","","","",0,0.4,
568,"","","","","","","","","","","","","",0.4,741.1,"","","","","","","","","","","","","",0,0.4,
569,"","","","","","","","","","","","","",0.4,741.5,"","","","","","","","","","","","","",0,0.4,
570,"","","","","","","","","","","","","",0.4,741.8,"","","","","","","","","","","","","",0,0.4,
571,"","","","","","","","","","","","","",0.4,742.2,"","","","","","","","","","","","","",0,0.4,
572,"","","","","","","","","","","","","",0.4,742.6,"","","","","","","","","","","","","",0,0.4,
573,"","","","","","","","","","","","","",0.4,742.9,"","","","","","","","","","","","","",0,0.4,
574,"","","","","","","","","","","","","",0.4,753.5,"","","","","","","","","","","","","",0,10.6,
575,"","","","","","","","","","","","","",0.4,758.2,"","","","","","","","","","","","","",0,4.7,
576,"","","","","","","","","","","","","",0.4,758.9,"","","","","","","","","","","","","",0,0.7,
577,"","","","","","","","","","","","","",0.4,759.6,"","","","","","","","","","","","","",0,0.7,
578,"","","","","","","","","","","","","",0.4,760.3,"","","","","","","","","","","","","",0,0.7,
579,"","","","","","","","","","","","","",0.4,760.9,"","","","","","","","","","","","","",0,0.7,
580,"","","","","","","","","","","","","",0.4,761.6,"","","","","","","","","","","","","",0,0.7,
581,"","","","","","","","","","","","","",0.4,762.3,"","","","","","","","","","","","","",0,0.7,
582,"","","","","","","","","","","","","",0.4,762.9,"","","","","","","","","","","","","",0,0.7,
583,"","","","","","","","","","","","","",0.4,763.6,"","","","","","","","","","","","","",0,0.7,
584,"","","","","","","","","","","","","",0.4,764.3,"","","","","","","","","","","","","",0,0.7,
585,"","","","","","","","","","","","","",0.4,764.9,"","","","","","","","","","","","","",0,0.7,
586,"","","","","","","","","","","","","",0.5,765.6,"","","","","","","","","","","","","",0,0.7,
587,"","","","","","","","","","","","","",0.5,766.3,"","","","","","","","","","","","","",0,0.7,
588,"","","","","","","","","","","","","",0.5,767,"","","","","","","","","","","","","",0,0.7,
589,"","","","","","","","","","","","","",0.5,767.7,"","","","","","","","","","","","","",0,0.7,
590,"","","","","","","","","","","","","",0.5,768.4,"","","","","","","","","","","","","",0,0.7,
591,"","","","","","","","","","","","","",0.5,769,"","","","","","","","","","","","","",0,0.7,
592,"","","","","","","","","","","","","",0.5,769.7,"","","","","","","","","","","","","",0,0.7,
593,"","","","","","","","","","","","","",0.5,770.4,"","","","","","","","","","","","","",0,0.7,
594,"","","","","","","","","","","","","",0.5,771.1,"","","","","","","","","","","","","",0,0.7,
595,"","","","","","","","","","","","","",0.5,771.8,"","","","","","","","","","","","","",0,0.7,
596,"","","","","","","","","","","","","",0.5,772.5,"","","","","","","","","","","","","",0,0.7,
597,"","","","","","","","","","","","","",0.5,773.2,"","","","","","","","","","","","","",0,0.7,
598,"","","","","","","","","","","","","",0.5,785.7,"","","","","","","","","","","","","",0,12.5,
599,"","","","","","","","","","","","","",0.5,793.4,"","","","","","","","","","","","","",0,7.8,
600,"","","","","","","","","","","","","",0.5,798,"","","","","","","","","","","","","",0,4.6,
601,"","","","","","","","","","","","","",0.5,800.9,"","","","","","","","","","","","","",0,2.9,
602,"","","","","","","","","","","","","",0.5,803.7,"","","","","","","","","","","","","",0,2.8,
603,"","","","","","","","","","","","","",0.5,804.1,"","","","","","","","","","","","","",0,0.4,
604,"","","","","","","","","","","","","",0.5,804.5,"","","","","","","","","","","","","",0,0.4,
605,"","","","","","","","","","","","","",0.5,804.9,"","","","","","","","","","","","","",0,0.4,
606,"","","","","","","","","","","","","",0.5,805.3,"","","","","","","","","","","","","",0,0.4,
607,"","","","","","","","","","","","","",0.5,805.6,"","","","","","","","","","","","","",0,0.4,
608,"","","","","","","","","","","","","",0.5,806,"","","","","","","","","","","","","",0,0.4,
609,"","","","","","","","","","","","","",0.5,806.4,"","","","","","","","","","","","","",0,0.4,
610,"","","","","","","","","","","","","",0.5,806.8,"","","","","","","","","","","","","",0,0.4,
611,"","","","","","","","","","","","","",0.5,807.2,"","","","","","","","","","","","","",0,0.4,
612,"","","","","","","","","","","","","",0.5,807.6,"","","","","","","","","","","","","",0,0.4,
613,"","","","","","","","","","","","","",0.5,808,"","","","","","","","","","","","","",0,0.4,
614,"","","","","","","","","","","","","",0.5,808.3,"","","","","","","","","","","","","",0,0.4,
615,"","","","","","","","","","","","","",0.5,808.7,"","","","","","","","","","","","","",0,0.4,
616,"","","","","","","","","","","","","",0.5,809.1,"","","","","","","","","","","","","",0,0.4,
617,"","","","","","","","","","","","","",0.5,809.5,"","","","","","","","","","","","","",0,0.4,
618,"","","","","","","","","","","","","",0.5,809.9,"","","","","","","","","","","","","",0,0.4,
619,"","","","","","","","","","","","","",0.5,810.3,"","","","","","","","","","","","","",0,0.4,
620,"","","","","","","","","","","","","",0.5,810.7,"","","","","","","","","","","","","",0,0.4,
621,"","","","","","","","","","","","","",0.5,811.1,"","","","","","","","","","","","","",0,0.4,
622,"","","","","","","","","","","","","",0.5,819.1,"","","","","","","","","","","","","",0,8,
623,"","","","","","","","","","","","","",0.5,819.7,"","","","","","","","","","","","","",0,0.6,
624,"","","","","","","","","","","","","",0.5,820.2,"","","","","","","","","","","","","",0,0.6,
625,"","","","","","","","","","","","","",0.5,820.8,"","","","","","","","","","","","","",0,0.6,
626,"","","","","","","","","","","","","",0.5,821.4,"","","","","","","","","","","","","",0,0.6,
627,"","","","","","","","","","","","","",0.5,821.9,"","","","","","","","","","","","","",0,0.6,
628,"","","","","","","","","","","","","",0.5,822.5,"","","","","","","","","","","","","",0,0.6,
629,"","","","","","","","","","","","","",0.5,823.1,"","","","","","","","","","","","","",0,0.6,
630,"","","","","","","","","","","","","",0.5,823.6,"","","","","","","","","","","","","",0,0.6,
631,"","","","","","","","","","","","","",0.5,824.2,"","","","","","","","","","","","","",0,0.6,
632,"","","","","","","","","","","","","",0.5,824.8,"","","","","","","","","","","","","",0,0.6,
633,"","","","","","","","","","","","","",0.5,825.3,"","","","","","","","","","","","","",0,0.6,
634,"","","","","","","","","","","","","",0.5,825.9,"","","","","","","","","","","","","",0,0.6,
635,"","","","","","","","","","","","","",0.5,826.5,"","","","","","","","","","","","","",0,0.6,
636,"","","","","","","","","","","","","",0.5,827.2,"","","","","","","","","","","","","",0,0.7,
637,"","","","","","","","","","","","","",0.5,827.9,"","","","","","","","","","","","","",0,0.7,
638,"","","","","","","","","","","","","",0.5,828.6,"","","","","","","","","","","","","",0,0.7,
639,"","","","","","","","","","","","","",0.5,829.3,"","","","","","","","","","","","","",0,0.7,
640,"","","","","","","","","","","","","",0.5,830,"","","","","","","","","","","","","",0,0.7,
641,"","","","","","","","","","","","","",0.5,830.7,"","","","","","","","","","","","","",0,0.7,
642,"","","","","","","","","","","","","",0.5,831.3,"","","","","","","","","","","","","",0,0.7,
643,"","","","","","","","","","","","","",0.5,832,"","","","","","","","","","","","","",0,0.7,
644,"","","","","","","","","","","","","",0.5,832.7,"","","","","","","","","","","","","",0,0.7,
645,"","","","","","","","","","","","","",0.5,833.4,"","","","","","","","","","","","","",0,0.7,
646,"","","","","","","","","","","","","",0.5,842.4,"","","","","","","","","","","","","",0,9,
647,"","","","","","","","","","","","","",0.5,844.5,"","","","","","","","","","","","","",0,2.1,
648,"","","","","","","","","","","","","",0.5,846.5,"","","","","","","","","","","","","",0,2.1,
649,"","","","","","","","","","","","","",0.5,848.6,"","","","","","","","","","","","","",0,2.1,
650,"","","","","","","","","","","","","",0.5,849,"","","","","","","","","","","","","",0,0.4,
651,"","","","","","","","","","","","","",0.5,849.3,"","","","","","","","","","","","","",0,0.4,
652,"","","","","","","","","","","","","",0.5,849.7,"","","","","","","","","","","","","",0,0.4,
653,"","","","","","","","","","","","","",0.5,850.1,"","","","","","","","","","","","","",0,0.4,
654,"","","","","","","","","","","","","",0.5,850.4,"","","","","","","","","","","","","",0,0.4,
655,"","","","","","","","","","","","","",0.5,850.8,"","","","","","","","","","","","","",0,0.4,
656,"","","","","","","","","","","","","",0.5,851.2,"","","","","","","","","","","","","",0,0.4,
657,"","","","","","","","","","","","","",0.5,851.5,"","","","","","","","","","","","","",0,0.4,
658,"","","","","","","","","","","","","",0.5,851.9,"","","","","","","","","","","","","",0,0.4,
659,"","","","","","","","","","","","","",0.5,852.2,"","","","","","","","","","","","","",0,0.4,
660,"","","","","","","","","","","","","",0.5,852.6,"","","","","","","","","","","","","",0,0.4,
661,"","","","","","","","","","","","","",0.5,853,"","","","","","","","","","","","","",0,0.4,
662,"","","","","","","","","","","","","",0.5,853.3,"","","","","","","","","","","","","",0,0.4,
663,"","","","","","","","","","","","","",0.5,853.7,"","","","","","","","","","","","","",0,0.4,
664,"","","","","","","","","","","","","",0.5,854.1,"","","","","","","","","","","","","",0,0.4,
665,"","","","","","","","","","","","","",0.5,854.4,"","","","","","","","","","","","","",0,0.4,
666,"","","","","","","","","","","","","",0.5,854.8,"","","","","","","","","","","","","",0,0.4,
667,"","","","","","","","","","","","","",0.5,855.2,"","","","","","","","","","","","","",0,0.4,
668,"","","","","","","","","","","","","",0.6,855.5,"","","","","","","","","","","","","",0,0.4,
669,"","","","","","","","","","","","","",0.6,855.9,"","","","","","","","","","","","","",0,0.4,
670,"","","","","","","","","","","","","",0.6,865.7,"","","","","","","","","","","","","",0,9.8,
671,"","","","","","","","","","","","","",0.6,869.4,"","","","","","","","","","","","","",0,3.7,
672,"","","","","","","","","","","","","",0.6,871.2,"","","","","","","","","","","","","",0,1.8,
673,"","","","","","","","","","","","","",0.6,871.5,"","","","","","","","","","","","","",0,0.3,
674,"","","","","","","","","","","","","",0.6,871.8,"","","","","","","","","","","","","",0,0.3,
675,"","","","","","","","","","","","","",0.6,872.2,"","","","","","","","","","","","","",0,0.3,
676,"","","","","","","","","","","","","",0.6,872.5,"","","","","","","","","","","","","",0,0.3,
677,"","","","","","","","","","","","","",0.6,872.9,"","","","","","","","","","","","","",0,0.3,
678,"","","","","","","","","","","","","",0.6,873.2,"","","","","","","","","","","","","",0,0.3,
679,"","","","","","","","","","","","","",0.6,873.5,"","","","","","","","","","","","","",0,0.3,
680,"","","","","","","","","","","","","",0.6,873.9,"","","","","","","","","","","","","",0,0.3,
681,"","","","","","","","","","","","","",0.6,874.2,"","","","","","","","","","","","","",0,0.3,
682,"","","","","","","","","","","","","",0.6,874.5,"","","","","","","","","","","","","",0,0.3,
683,"","","","","","","","","","","","","",0.6,874.9,"","","","","","","","","","","","","",0,0.3,
684,"","","","","","","","","","","","","",0.6,875.2,"","","","","","","","","","","","","",0,0.3,
685,"","","","","","","","","","","","","",0.6,875.6,"","","","","","","","","","","","","",0,0.3,
686,"","","","","","","","","","","","","",0.6,875.9,"","","","","","","","","","","","","",0,0.3,
687,"","","","","","","","","","","","","",0.6,876.2,"","","","","","","","","","","","","",0,0.3,
688,"","","","","","","","","","","","","",0.6,876.6,"","","","","","","","","","","","","",0,0.3,
689,"","","","","","","","","","","","","",0.6,876.9,"","","","","","","","","","","","","",0,0.3,
690,"","","","","","","","","","","","","",0.6,877.3,"","","","","","","","","","","","","",0,0.3,
691,"","","","","","","","","","","","","",0.6,877.6,"","","","","","","","","","","","","",0,0.3,
692,"","","","","","","","","","","","","",0.6,877.9,"","","","","","","","","","","","","",0,0.3,
693,"","","","","","","","","","","","","",0.6,878.3,"","","","","","","","","","","","","",0,0.3,
694,"","","","","","","","","","","","","",0.6,890.4,"","","","","","","","","","","","","",0,12.1,
695,"","","","","","","","","","","","","",0.6,895.1,"","","","","","","","","","","","","",0,4.6,
696,"","","","","","","","","","","","","",0.6,897.9,"","","","","","","","","","","","","",0,2.8,
697,"","","","","","","","","","","","","",0.6,900.7,"","","","","","","","","","","","","",0,2.8,
698,"","","","","","","","","","","","","",0.6,901.1,"","","","","","","","","","","","","",0,0.4,
699,"","","","","","","","","","","","","",0.6,901.4,"","","","","","","","","","","","","",0,0.4,
700,"","","","","","","","","","","","","",0.6,901.8,"","","","","","","","","","","","","",0,0.4,
701,"","","","","","","","","","","","","",0.6,902.2,"","","","","","","","","","","","","",0,0.4,
702,"","","","","","","","","","","","","",0.6,902.5,"","","","","","","","","","","","","",0,0.4,
703,"","","","","","","","","","","","","",0.6,902.9,"","","","","","","","","","","","","",0,0.4,
704,"","","","","","","","","","","","","",0.6,903.3,"","","","","","","","","","","","","",0,0.4,
705,"","","","","","","","","","","","","",0.6,903.6,"","","","","","","","","","","","","",0,0.4,
706,"","","","","","","","","","","","","",0.6,904,"","","","","","","","","","","","","",0,0.4,
707,"","","","","","","","","","","","","",0.6,904.4,"","","","","","","","","","","","","",0,0.4,
708,"","","","","","","","","","","","","",0.6,904.7,"","","","","","","","","","","","","",0,0.4,
709,"","","","","","","","","","","","","",0.6,905.1,"","","","","","","","","","","","","",0,0.4,
710,"","","","","","","","","","","","","",0.6,905.4,"","","","","","","","","","","","","",0,0.4,
711,"","","","","","","","","","","","","",0.6,905.8,"","","","","","","","","","","","","",0,0.4,
712,"","","","","","","","","","","","","",0.6,906.2,"","","","","","","","","","","","","",0,0.4,
713,"","","","","","","","","","","","","",0.6,906.5,"","","","","","","","","","","","","",0,0.4,
714,"","","","","","","","","","","","","",0.6,906.9,"","","","","","","","","","","","","",0,0.4,
715,"","","","","","","","","","","","","",0.6,907.3,"","","","","","","","","","","","","",0,0.4,
716,"","","","","","","","","","","","","",0.6,907.6,"","","","","","","","","","","","","",0,0.4,
717,"","","","","","","","","","","","","",0.6,908,"","","","","","","","","","","","","",0,0.4,
718,"","","","","","","","","","","","","",0.6,917.8,"","","","","","","","","","","","","",0,9.8,
719,"","","","","","","","","","","","","",0.6,921.6,"","","","","","","","","","","","","",0,3.8,
720,"","","","","","","","","","","","","",0.6,923.4,"","","","","","","","","","","","","",0,1.8,
721,"","","","","","","","","","","","","",0.6,924,"","","","","","","","","","","","","",0,0.6,
722,"","","","","","","","","","","","","",0.6,924.6,"","","","","","","","","","","","","",0,0.6,
723,"","","","","","","","","","","","","",0.6,925.3,"","","","","","","","","","","","","",0,0.6,
724,"","","","","","","","","","","","","",0.6,925.9,"","","","","","","","","","","","","",0,0.6,
725,"","","","","","","","","","","","","",0.6,926.5,"","","","","","","","","","","","","",0,0.6,
726,"","","","","","","","","","","","","",0.6,927.2,"","","","","","","","","","","","","",0,0.6,
727,"","","","","","","","","","","","","",0.6,927.8,"","","","","","","","","","","","","",0,0.6,
728,"","","","","","","","","","","","","",0.6,928.4,"","","","","","","","","","","","","",0,0.6,
729,"","","","","","","","","","","","","",0.6,929.1,"","","","","","","","","","","","","",0,0.6,
730,"","","","","","","","","","","","","",0.6,929.7,"","","","","","","","","","","","","",0,0.6,
731,"","","","","","","","","","","","","",0.6,930.3,"","","","","","","","","","","","","",0,0.6,
732,"","","","","","","","","","","","","",0.6,931,"","","","","","","","","","","","","",0,0.7,
733,"","","","","","","","","","","","","",0.6,931.8,"","","","","","","","","","","","","",0,0.7,
734,"","","","","","","","","","","","","",0.6,932.5,"","","","","","","","","","","","","",0,0.7,
735,"","","","","","","","","","","","","",0.6,933.2,"","","","","","","","","","","","","",0,0.7,
736,"","","","","","","","","","","","","",0.6,933.9,"","","","","","","","","","","","","",0,0.7,
737,"","","","","","","","","","","","","",0.6,934.6,"","","","","","","","","","","","","",0,0.7,
738,"","","","","","","","","","","","","",0.6,935.3,"","","","","","","","","","","","","",0,0.7,
739,"","","","","","","","","","","","","",0.6,936.1,"","","","","","","","","","","","","",0,0.7,
740,"","","","","","","","","","","","","",0.6,936.8,"","","","","","","","","","","","","",0,0.7,
741,"","","","","","","","","","","","","",0.6,937.5,"","","","","","","","","","","","","",0,0.7,
742,"","","","","","","","","","","","","",0.6,950.1,"","","","","","","","","","","","","",0,12.6,
743,"","","","","","","","","","","","","",0.6,955.9,"","","","","","","","","","","","","",0,5.8,
744,"","","","","","","","","","","","","",0.6,960.1,"","","","","","","","","","","","","",0,4.3,
745,"","","","","","","","","","","","","",0.6,961.6,"","","","","","","","","","","","","",0,1.4,
746,"","","","","","","","","","","","","",0.6,963,"","","","","","","","","","","","","",0,1.4,
747,"","","","","","","","","","","","","",0.6,964.4,"","","","","","","","","","","","","",0,1.4,
748,"","","","","","","","","","","","","",0.6,965.8,"","","","","","","","","","","","","",0,1.4,
749,"","","","","","","","","","","","","",0.6,967.2,"","","","","","","","","","","","","",0,1.4,
750,"","","","","","","","","","","","","",0.6,968.3,"","","","","","","","","","","","","",0,1.1,
751,"","","","","","","","","","","","","",0.7,969.4,"","","","","","","","","","","","","",0,1.1,
752,"","","","","","","","","","","","","",0.7,970.4,"","","","","","","","","","","","","",0,1.1,
753,"","","","","","","","","","","","","",0.7,971.5,"","","","","","","","","","","","","",0,1.1,
754,"","","","","","","","","","","","","",0.7,972.6,"","","","","","","","","","","","","",0,1.1,
755,"","","","","","","","","","","","","",0.7,973.6,"","","","","","","","","","","","","",0,1.1,
756,"","","","","","","","","","","","","",0.7,974.7,"","","","","","","","","","","","","",0,1.1,
757,"","","","","","","","","","","","","",0.7,975.8,"","","","","","","","","","","","","",0,1.2,
758,"","","","","","","","","","","","","",0.7,977,"","","","","","","","","","","","","",0,1.2,
759,"","","","","","","","","","","","","",0.7,978.1,"","","","","","","","","","","","","",0,1.2,
760,"","","","","","","","","","","","","",0.7,979.3,"","","","","","","","","","","","","",0,1.2,
761,"","","","","","","","","","","","","",0.7,980.4,"","","","","","","","","","","","","",0,1.2,
762,"","","","","","","","","","","","","",0.7,981.6,"","","","","","","","","","","","","",0,1.2,
763,"","","","","","","","","","","","","",0.7,983.5,"","","","","","","","","","","","","",0,1.9,
764,"","","","","","","","","","","","","",0.7,986,"","","","","","","","","","","","","",0,2.5,
765,"","","","","","","","","","","","","",0.7,988.5,"","","","","","","","","","","","","",0,2.5,
766,"","","","","","","","","","","","","",0.7,1001.9,"","","","","","","","","","","","","",0,13.4,
767,"","","","","","","","","","","","","",0.7,1011.7,"","","","","","","","","","","","","",0,9.8,
768,"","","","","","","","","","","","","",0.7,1012.3,"","","","","","","","","","","","","",0,0.6,
769,"","","","","","","","","","","","","",0.7,1012.9,"","","","","","","","","","","","","",0,0.6,
770,"","","","","","","","","","","","","",0.7,1013.5,"","","","","","","","","","","","","",0,0.6,
771,"","","","","","","","","","","","","",0.7,1014.1,"","","","","","","","","","","","","",0,0.6,
772,"","","","","","","","","","","","","",0.7,1014.7,"","","","","","","","","","","","","",0,0.6,
773,"","","","","","","","","","","","","",0.7,1015.3,"","","","","","","","","","","","","",0,0.6,
774,"","","","","","","","","","","","","",0.7,1015.9,"","","","","","","","","","","","","",0,0.6,
775,"","","","","","","","","","","","","",0.7,1016.5,"","","","","","","","","","","","","",0,0.6,
776,"","","","","","","","","","","","","",0.7,1017.1,"","","","","","","","","","","","","",0,0.6,
777,"","","","","","","","","","","","","",0.7,1017.7,"","","","","","","","","","","","","",0,0.6,
778,"","","","","","","","","","","","","",0.7,1018.3,"","","","","","","","","","","","","",0,0.6,
779,"","","","","","","","","","","","","",0.7,1018.9,"","","","","","","","","","","","","",0,0.6,
780,"","","","","","","","","","","","","",0.7,1019.8,"","","","","","","","","","","","","",0,0.9,
781,"","","","","","","","","","","","","",0.7,1020.7,"","","","","","","","","","","","","",0,0.9,
782,"","","","","","","","","","","","","",0.7,1021.7,"","","","","","","","","","","","","",0,0.9,
783,"","","","","","","","","","","","","",0.7,1022.6,"","","","","","","","","","","","","",0,0.9,
784,"","","","","","","","","","","","","",0.7,1023.6,"","","","","","","","","","","","","",0,0.9,
785,"","","","","","","","","","","","","",0.7,1024.5,"","","","","","","","","","","","","",0,0.9,
786,"","","","","","","","","","","","","",0.7,1025.4,"","","","","","","","","","","","","",0,0.9,
787,"","","","","","","","","","","","","",0.7,1026.4,"","","","","","","","","","","","","",0,0.9,
788,"","","","","","","","","","","","","",0.7,1029.4,"","","","","","","","","","","","","",0,3.1,
789,"","","","","","","","","","","","","",0.7,1032.6,"","","","","","","","","","","","","",0,3.2,
790,"","","","","","","","","","","","","",0.7,1042.1,"","","","","","","","","","","","","",0,9.5,
791,"","","","","","","","","","","","","",0.7,1043.6,"","","","","","","","","","","","","",0,1.5,
792,"","","","","","","","","","","","","",0.7,1045.1,"","","","","","","","","","","","","",0,1.5,
793,"","","","","","","","","","","","","",0.7,1046.6,"","","","","","","","","","","","","",0,1.5,
794,"","","","","","","","","","","","","",0.7,1048.1,"","","","","","","","","","","","","",0,1.5,
795,"","","","","","","","","","","","","",0.7,1049.7,"","","","","","","","","","","","","",0,1.6,
796,"","","","","","","","","","","","","",0.7,1051.3,"","","","","","","","","","","","","",0,1.7,
797,"","","","","","","","","","","","","",0.7,1053,"","","","","","","","","","","","","",0,1.7,
798,"","","","","","","","","","","","","",0.7,1054.7,"","","","","","","","","","","","","",0,1.7,
799,"","","","","","","","","","","","","",0.7,1056.3,"","","","","","","","","","","","","",0,1.6,
800,"","","","","","","","","","","","","",0.7,1057.7,"","","","","","","","","","","","","",0,1.4,
801,"","","","","","","","","","","","","",0.7,1059,"","","","","","","","","","","","","",0,1.4,
802,"","","","","","","","","","","","","",0.7,1060.4,"","","","","","","","","","","","","",0,1.4,
803,"","","","","","","","","","","","","",0.7,1061.8,"","","","","","","","","","","","","",0,1.4,
804,"","","","","","","","","","","","","",0.7,1063.2,"","","","","","","","","","","","","",0,1.4,
805,"","","","","","","","","","","","","",0.7,1064.4,"","","","","","","","","","","","","",0,1.2,
806,"","","","","","","","","","","","","",0.7,1065.5,"","","","","","","","","","","","","",0,1.1,
807,"","","","","","","","","","","","","",0.7,1066.6,"","","","","","","","","","","","","",0,1.1,
808,"","","","","","","","","","","","","",0.7,1067.8,"","","","","","","","","","","","","",0,1.1,
809,"","","","","","","","","","","","","",0.7,1068.9,"","","","","","","","","","","","","",0,1.1,
810,"","","","","","","","","","","","","",0.7,1070,"","","","","","","","","","","","","",0,1.1,
811,"","","","","","","","","","","","","",0.7,1071.7,"","","","","","","","","","","","","",0,1.7,
812,"","","","","","","","","","","","","",0.7,1074.4,"","","","","","","","","","","","","",0,2.7,
813,"","","","","","","","","","","","","",0.7,1077.2,"","","","","","","","","","","","","",0,2.7,
814,"","","","","","","","","","","","","",0.7,1086.9,"","","","","","","","","","","","","",0,9.7,
815,"","","","","","","","","","","","","",0.7,1089,"","","","","","","","","","","","","",0,2.2,
816,"","","","","","","","","","","","","",0.7,1091.2,"","","","","","","","","","","","","",0,2.2,
817,"","","","","","","","","","","","","",0.7,1093.3,"","","","","","","","","","","","","",0,2.1,
818,"","","","","","","","","","","","","",0.7,1095.3,"","","","","","","","","","","","","",0,2,
819,"","","","","","","","","","","","","",0.7,1097.3,"","","","","","","","","","","","","",0,2,
820,"","","","","","","","","","","","","",0.7,1099.3,"","","","","","","","","","","","","",0,2,
821,"","","","","","","","","","","","","",0.7,1101.1,"","","","","","","","","","","","","",0,1.8,
822,"","","","","","","","","","","","","",0.7,1102.6,"","","","","","","","","","","","","",0,1.5,
823,"","","","","","","","","","","","","",0.7,1104.2,"","","","","","","","","","","","","",0,1.5,
824,"","","","","","","","","","","","","",0.7,1105.7,"","","","","","","","","","","","","",0,1.5,
825,"","","","","","","","","","","","","",0.7,1107.2,"","","","","","","","","","","","","",0,1.5,
826,"","","","","","","","","","","","","",0.7,1108.5,"","","","","","","","","","","","","",0,1.3,
827,"","","","","","","","","","","","","",0.7,1109.7,"","","","","","","","","","","","","",0,1.2,
828,"","","","","","","","","","","","","",0.7,1110.9,"","","","","","","","","","","","","",0,1.2,
829,"","","","","","","","","","","","","",0.7,1112.1,"","","","","","","","","","","","","",0,1.2,
830,"","","","","","","","","","","","","",0.7,1113.3,"","","","","","","","","","","","","",0,1.2,
831,"","","","","","","","","","","","","",0.7,1114.5,"","","","","","","","","","","","","",0,1.2,
832,"","","","","","","","","","","","","",0.7,1116.3,"","","","","","","","","","","","","",0,1.9,
833,"","","","","","","","","","","","","",0.8,1118.9,"","","","","","","","","","","","","",0,2.6,
834,"","","","","","","","","","","","","",0.8,1121.4,"","","","","","","","","","","","","",0,2.6,
835,"","","","","","","","","","","","","",0.8,1123.9,"","","","","","","","","","","","","",0,2.5,
836,"","","","","","","","","","","","","",0.8,1126.4,"","","","","","","","","","","","","",0,2.5,
837,"","","","","","","","","","","","","",0.8,1128.8,"","","","","","","","","","","","","",0,2.5,
838,"","","","","","","","","","","","","",0.8,1145.6,"","","","","","","","","","","","","",0,16.8,
839,"","","","","","","","","","","","","",0.8,1157.3,"","","","","","","","","","","","","",0,11.7,
840,"","","","","","","","","","","","","",0.8,1162.8,"","","","","","","","","","","","","",0,5.4,
841,"","","","","","","","","","","","","",0.8,1167,"","","","","","","","","","","","","",0,4.2,
842,"","","","","","","","","","","","","",0.8,1170,"","","","","","","","","","","","","",0,3,
843,"","","","","","","","","","","","","",0.8,1173.1,"","","","","","","","","","","","","",0,3,
844,"","","","","","","","","","","","","",0.8,1175.7,"","","","","","","","","","","","","",0,2.6,
845,"","","","","","","","","","","","","",0.8,1178.2,"","","","","","","","","","","","","",0,2.5,
846,"","","","","","","","","","","","","",0.8,1180.6,"","","","","","","","","","","","","",0,2.5,
847,"","","","","","","","","","","","","",0.8,1181.7,"","","","","","","","","","","","","",0,1,
848,"","","","","","","","","","","","","",0.8,1182.4,"","","","","","","","","","","","","",0,0.7,
849,"","","","","","","","","","","","","",0.8,1183.2,"","","","","","","","","","","","","",0,0.7,
850,"","","","","","","","","","","","","",0.8,1183.9,"","","","","","","","","","","","","",0,0.7,
851,"","","","","","","","","","","","","",0.8,1184.7,"","","","","","","","","","","","","",0,0.7,
852,"","","","","","","","","","","","","",0.8,1185.4,"","","","","","","","","","","","","",0,0.7,
853,"","","","","","","","","","","","","",0.8,1186.2,"","","","","","","","","","","","","",0,0.7,
854,"","","","","","","","","","","","","",0.8,1186.9,"","","","","","","","","","","","","",0,0.7,
855,"","","","","","","","","","","","","",0.8,1187.6,"","","","","","","","","","","","","",0,0.7,
856,"","","","","","","","","","","","","",0.8,1188.4,"","","","","","","","","","","","","",0,0.7,
857,"","","","","","","","","","","","","",0.8,1190.1,"","","","","","","","","","","","","",0,1.7,
858,"","","","","","","","","","","","","",0.8,1191.8,"","","","","","","","","","","","","",0,1.7,
859,"","","","","","","","","","","","","",0.8,1193.4,"","","","","","","","","","","","","",0,1.7,
860,"","","","","","","","","","","","","",0.8,1195.1,"","","","","","","","","","","","","",0,1.7,
861,"","","","","","","","","","","","","",0.8,1200.3,"","","","","","","","","","","","","",0,5.2,
862,"","","","","","","","","","","","","",0.8,1211.2,"","","","","","","","","","","","","",0,10.9,
863,"","","","","","","","","","","","","",0.8,1212.7,"","","","","","","","","","","","","",0,1.5,
864,"","","","","","","","","","","","","",0.8,1214.3,"","","","","","","","","","","","","",0,1.5,
865,"","","","","","","","","","","","","",0.8,1215.8,"","","","","","","","","","","","","",0,1.5,
866,"","","","","","","","","","","","","",0.8,1217.3,"","","","","","","","","","","","","",0,1.5,
867,"","","","","","","","","","","","","",0.8,1220,"","","","","","","","","","","","","",0,2.7,
868,"","","","","","","","","","","","","",0.8,1222.9,"","","","","","","","","","","","","",0,3,
869,"","","","","","","","","","","","","",0.8,1225.7,"","","","","","","","","","","","","",0,2.7,
870,"","","","","","","","","","","","","",0.8,1227.9,"","","","","","","","","","","","","",0,2.3,
871,"","","","","","","","","","","","","",0.8,1230.2,"","","","","","","","","","","","","",0,2.3,
872,"","","","","","","","","","","","","",0.8,1232.4,"","","","","","","","","","","","","",0,2.2,
873,"","","","","","","","","","","","","",0.8,1233.9,"","","","","","","","","","","","","",0,1.6,
874,"","","","","","","","","","","","","",0.8,1235.5,"","","","","","","","","","","","","",0,1.6,
875,"","","","","","","","","","","","","",0.8,1237,"","","","","","","","","","","","","",0,1.6,
876,"","","","","","","","","","","","","",0.8,1238.6,"","","","","","","","","","","","","",0,1.6,
877,"","","","","","","","","","","","","",0.8,1240.1,"","","","","","","","","","","","","",0,1.5,
878,"","","","","","","","","","","","","",0.8,1241.5,"","","","","","","","","","","","","",0,1.5,
879,"","","","","","","","","","","","","",0.8,1243,"","","","","","","","","","","","","",0,1.5,
880,"","","","","","","","","","","","","",0.8,1244.5,"","","","","","","","","","","","","",0,1.5,
881,"","","","","","","","","","","","","",0.8,1245.9,"","","","","","","","","","","","","",0,1.5,
882,"","","","","","","","","","","","","",0.8,1247.6,"","","","","","","","","","","","","",0,1.6,
883,"","","","","","","","","","","","","",0.8,1249.5,"","","","","","","","","","","","","",0,1.9,
884,"","","","","","","","","","","","","",0.8,1251.5,"","","","","","","","","","","","","",0,1.9,
885,"","","","","","","","","","","","","",0.8,1253.4,"","","","","","","","","","","","","",0,1.9,
886,"","","","","","","","","","","","","",0.8,1264.4,"","","","","","","","","","","","","",0,11.1,
887,"","","","","","","","","","","","","",0.8,1269.2,"","","","","","","","","","","","","",0,4.7,
888,"","","","","","","","","","","","","",0.8,1272.6,"","","","","","","","","","","","","",0,3.4,
889,"","","","","","","","","","","","","",0.8,1276,"","","","","","","","","","","","","",0,3.4,
890,"","","","","","","","","","","","","",0.8,1278.9,"","","","","","","","","","","","","",0,3,
891,"","","","","","","","","","","","","",0.8,1281.9,"","","","","","","","","","","","","",0,3,
892,"","","","","","","","","","","","","",0.8,1284.5,"","","","","","","","","","","","","",0,2.6,
893,"","","","","","","","","","","","","",0.8,1286.8,"","","","","","","","","","","","","",0,2.3,
894,"","","","","","","","","","","","","",0.8,1289.1,"","","","","","","","","","","","","",0,2.3,
895,"","","","","","","","","","","","","",0.8,1291.1,"","","","","","","","","","","","","",0,2,
896,"","","","","","","","","","","","","",0.8,1292.7,"","","","","","","","","","","","","",0,1.6,
897,"","","","","","","","","","","","","",0.8,1294.4,"","","","","","","","","","","","","",0,1.6,
898,"","","","","","","","","","","","","",0.8,1296,"","","","","","","","","","","","","",0,1.6,
899,"","","","","","","","","","","","","",0.8,1297.7,"","","","","","","","","","","","","",0,1.6,
900,"","","","","","","","","","","","","",0.8,1299.1,"","","","","","","","","","","","","",0,1.5,
901,"","","","","","","","","","","","","",0.8,1300.6,"","","","","","","","","","","","","",0,1.5,
902,"","","","","","","","","","","","","",0.8,1302,"","","","","","","","","","","","","",0,1.5,
903,"","","","","","","","","","","","","",0.8,1303.5,"","","","","","","","","","","","","",0,1.5,
904,"","","","","","","","","","","","","",0.8,1305,"","","","","","","","","","","","","",0,1.5,
905,"","","","","","","","","","","","","",0.8,1306.4,"","","","","","","","","","","","","",0,1.5,
906,"","","","","","","","","","","","","",0.8,1307.9,"","","","","","","","","","","","","",0,1.5,
907,"","","","","","","","","","","","","",0.8,1309.3,"","","","","","","","","","","","","",0,1.5,
908,"","","","","","","","","","","","","",0.8,1310.8,"","","","","","","","","","","","","",0,1.5,
909,"","","","","","","","","","","","","",0.8,1312.2,"","","","","","","","","","","","","",0,1.5,
910,"","","","","","","","","","","","","",0.8,1328.3,"","","","","","","","","","","","","",0,16.1,
911,"","","","","","","","","","","","","",0.8,1330.5,"","","","","","","","","","","","","",0,2.2,
912,"","","","","","","","","","","","","",0.8,1332.7,"","","","","","","","","","","","","",0,2.2,
913,"","","","","","","","","","","","","",0.8,1335.1,"","","","","","","","","","","","","",0,2.3,
914,"","","","","","","","","","","","","",0.8,1337.7,"","","","","","","","","","","","","",0,2.6,
915,"","","","","","","","","","","","","",0.9,1340.3,"","","","","","","","","","","","","",0,2.6,
916,"","","","","","","","","","","","","",0.9,1342.7,"","","","","","","","","","","","","",0,2.4,
917,"","","","","","","","","","","","","",0.9,1344.8,"","","","","","","","","","","","","",0,2.1,
918,"","","","","","","","","","","","","",0.9,1346.9,"","","","","","","","","","","","","",0,2.1,
919,"","","","","","","","","","","","","",0.9,1349.1,"","","","","","","","","","","","","",0,2.1,
920,"","","","","","","","","","","","","",0.9,1350.7,"","","","","","","","","","","","","",0,1.6,
921,"","","","","","","","","","","","","",0.9,1352.2,"","","","","","","","","","","","","",0,1.6,
922,"","","","","","","","","","","","","",0.9,1353.8,"","","","","","","","","","","","","",0,1.6,
923,"","","","","","","","","","","","","",0.9,1355.4,"","","","","","","","","","","","","",0,1.6,
924,"","","","","","","","","","","","","",0.9,1356.9,"","","","","","","","","","","","","",0,1.5,
925,"","","","","","","","","","","","","",0.9,1358.1,"","","","","","","","","","","","","",0,1.3,
926,"","","","","","","","","","","","","",0.9,1359.4,"","","","","","","","","","","","","",0,1.3,
927,"","","","","","","","","","","","","",0.9,1360.7,"","","","","","","","","","","","","",0,1.3,
928,"","","","","","","","","","","","","",0.9,1361.9,"","","","","","","","","","","","","",0,1.3,
929,"","","","","","","","","","","","","",0.9,1363.2,"","","","","","","","","","","","","",0,1.3,
930,"","","","","","","","","","","","","",0.9,1364.8,"","","","","","","","","","","","","",0,1.6,
931,"","","","","","","","","","","","","",0.9,1366.7,"","","","","","","","","","","","","",0,1.9,
932,"","","","","","","","","","","","","",0.9,1368.7,"","","","","","","","","","","","","",0,1.9,
933,"","","","","","","","","","","","","",0.9,1370.6,"","","","","","","","","","","","","",0,1.9,
934,"","","","","","","","","","","","","",0.9,1380.9,"","","","","","","","","","","","","",0,10.3,
935,"","","","","","","","","","","","","",0.9,1384.4,"","","","","","","","","","","","","",0,3.5,
936,"","","","","","","","","","","","","",0.9,1387.8,"","","","","","","","","","","","","",0,3.4,
937,"","","","","","","","","","","","","",0.9,1391.2,"","","","","","","","","","","","","",0,3.4,
938,"","","","","","","","","","","","","",0.9,1394.3,"","","","","","","","","","","","","",0,3.1,
939,"","","","","","","","","","","","","",0.9,1396.7,"","","","","","","","","","","","","",0,2.4,
940,"","","","","","","","","","","","","",0.9,1399.2,"","","","","","","","","","","","","",0,2.4,
941,"","","","","","","","","","","","","",0.9,1401.4,"","","","","","","","","","","","","",0,2.2,
942,"","","","","","","","","","","","","",0.9,1403.1,"","","","","","","","","","","","","",0,1.7,
943,"","","","","","","","","","","","","",0.9,1404.8,"","","","","","","","","","","","","",0,1.7,
944,"","","","","","","","","","","","","",0.9,1406.5,"","","","","","","","","","","","","",0,1.7,
945,"","","","","","","","","","","","","",0.9,1408.2,"","","","","","","","","","","","","",0,1.7,
946,"","","","","","","","","","","","","",0.9,1409.7,"","","","","","","","","","","","","",0,1.5,
947,"","","","","","","","","","","","","",0.9,1411.1,"","","","","","","","","","","","","",0,1.5,
948,"","","","","","","","","","","","","",0.9,1412.6,"","","","","","","","","","","","","",0,1.5,
949,"","","","","","","","","","","","","",0.9,1414,"","","","","","","","","","","","","",0,1.5,
950,"","","","","","","","","","","","","",0.9,1415.5,"","","","","","","","","","","","","",0,1.5,
951,"","","","","","","","","","","","","",0.9,1417,"","","","","","","","","","","","","",0,1.5,
952,"","","","","","","","","","","","","",0.9,1418.5,"","","","","","","","","","","","","",0,1.5,
953,"","","","","","","","","","","","","",0.9,1420,"","","","","","","","","","","","","",0,1.5,
954,"","","","","","","","","","","","","",0.9,1421.4,"","","","","","","","","","","","","",0,1.5,
955,"","","","","","","","","","","","","",0.9,1422.9,"","","","","","","","","","","","","",0,1.5,
956,"","","","","","","","","","","","","",0.9,1426,"","","","","","","","","","","","","",0,3.1,
957,"","","","","","","","","","","","","",0.9,1429.3,"","","","","","","","","","","","","",0,3.3,
958,"","","","","","","","","","","","","",0.9,1440.1,"","","","","","","","","","","","","",0,10.8,
959,"","","","","","","","","","","","","",0.9,1443.5,"","","","","","","","","","","","","",0,3.5,
960,"","","","","","","","","","","","","",0.9,1446.6,"","","","","","","","","","","","","",0,3.1,
961,"","","","","","","","","","","","","",0.9,1449.3,"","","","","","","","","","","","","",0,2.7,
962,"","","","","","","","","","","","","",0.9,1452,"","","","","","","","","","","","","",0,2.7,
963,"","","","","","","","","","","","","",0.9,1454,"","","","","","","","","","","","","",0,2,
964,"","","","","","","","","","","","","",0.9,1455.8,"","","","","","","","","","","","","",0,1.8,
965,"","","","","","","","","","","","","",0.9,1457.5,"","","","","","","","","","","","","",0,1.8,
966,"","","","","","","","","","","","","",0.9,1459.3,"","","","","","","","","","","","","",0,1.8,
967,"","","","","","","","","","","","","",0.9,1460.8,"","","","","","","","","","","","","",0,1.5,
968,"","","","","","","","","","","","","",0.9,1462.1,"","","","","","","","","","","","","",0,1.3,
969,"","","","","","","","","","","","","",0.9,1463.4,"","","","","","","","","","","","","",0,1.3,
970,"","","","","","","","","","","","","",0.9,1464.7,"","","","","","","","","","","","","",0,1.3,
971,"","","","","","","","","","","","","",0.9,1466,"","","","","","","","","","","","","",0,1.3,
972,"","","","","","","","","","","","","",0.9,1467.3,"","","","","","","","","","","","","",0,1.3,
973,"","","","","","","","","","","","","",0.9,1468.4,"","","","","","","","","","","","","",0,1.1,
974,"","","","","","","","","","","","","",0.9,1469.5,"","","","","","","","","","","","","",0,1.1,
975,"","","","","","","","","","","","","",0.9,1470.6,"","","","","","","","","","","","","",0,1.1,
976,"","","","","","","","","","","","","",0.9,1471.6,"","","","","","","","","","","","","",0,1.1,
977,"","","","","","","","","","","","","",0.9,1472.7,"","","","","","","","","","","","","",0,1.1,
978,"","","","","","","","","","","","","",0.9,1473.7,"","","","","","","","","","","","","",0,1.1,
979,"","","","","","","","","","","","","",0.9,1474.8,"","","","","","","","","","","","","",0,1.1,
980,"","","","","","","","","","","","","",0.9,1477.8,"","","","","","","","","","","","","",0,3,
981,"","","","","","","","","","","","","",0.9,1481.1,"","","","","","","","","","","","","",0,3.3,
982,"","","","","","","","","","","","","",0.9,1492,"","","","","","","","","","","","","",0,10.9,
983,"","","","","","","","","","","","","",0.9,1495.6,"","","","","","","","","","","","","",0,3.6,
984,"","","","","","","","","","","","","",0.9,1498.8,"","","","","","","","","","","","","",0,3.2,
985,"","","","","","","","","","","","","",0.9,1501.7,"","","","","","","","","","","","","",0,2.9,
986,"","","","","","","","","","","","","",0.9,1504.6,"","","","","","","","","","","","","",0,2.9,
987,"","","","","","","","","","","","","",0.9,1506.1,"","","","","","","","","","","","","",0,1.5,
988,"","","","","","","","","","","","","",0.9,1507.6,"","","","","","","","","","","","","",0,1.5,
989,"","","","","","","","","","","","","",0.9,1509,"","","","","","","","","","","","","",0,1.5,
990,"","","","","","","","","","","","","",0.9,1510.5,"","","","","","","","","","","","","",0,1.5,
991,"","","","","","","","","","","","","",0.9,1512,"","","","","","","","","","","","","",0,1.5,
992,"","","","","","","","","","","","","",0.9,1513.1,"","","","","","","","","","","","","",0,1.1,
993,"","","","","","","","","","","","","",0.9,1514.2,"","","","","","","","","","","","","",0,1.1,
994,"","","","","","","","","","","","","",0.9,1515.3,"","","","","","","","","","","","","",0,1.1,
995,"","","","","","","","","","","","","",0.9,1516.4,"","","","","","","","","","","","","",0,1.1,
996,"","","","","","","","","","","","","",0.9,1517.5,"","","","","","","","","","","","","",0,1.1,
997,"","","","","","","","","","","","","",0.9,1518.6,"","","","","","","","","","","","","",0,1.1,
998,"","","","","","","","","","","","","",1,1519.8,"","","","","","","","","","","","","",0,1.1,
999,"","","","","","","","","","","","","",1,1520.9,"","","","","","","","","","","","","",0,1.1,
1000,"","","","","","","","","","","","","",1,1522,"","","","","","","","","","","","","",0,1.1,
1001,"","","","","","","","","","","","","",1,1523.2,"","","","","","","","","","","","","",0,1.1,
1002,"","","","","","","","","","","","","",1,1524.3,"","","","","","","","","","","","","",0,1.1,
1003,"","","","","","","","","","","","","",1,1525.4,"","","","","","","","","","","","","",0,1.1,
1004,"","","","","","","","","","","","","",1,1526.6,"","","","","","","","","","","","","",0,1.1,
1005,"","","","","","","","","","","","","",1,1531.7,"","","","","","","","","","","","","",0,5.2,
1006,"","","","","","","","","","","","","",1,1537.7,"","","","","","","","","","","","","",0,6,
1007,"","","","","","","","","","","","","",1,1542.8,"","","","","","","","","","","","","",0,5.1,
1008,"","","","","","","","","","","","","",1,1546.5,"","","","","","","","","","","","","",0,3.7,
1009,"","","","","","","","","","","","","",1,1549.6,"","","","","","","","","","","","","",0,3.1,
1010,"","","","","","","","","","","","","",1,1551.4,"","","","","","","","","","","","","",0,1.8,
1011,"","","","","","","","","","","","","",1,1553.2,"","","","","","","","","","","","","",0,1.8,
1012,"","","","","","","","","","","","","",1,1555,"","","","","","","","","","","","","",0,1.8,
1013,"","","","","","","","","","","","","",1,1556.7,"","","","","","","","","","","","","",0,1.7,
1014,"","","","","","","","","","","","","",1,1558,"","","","","","","","","","","","","",0,1.3,
1015,"","","","","","","","","","","","","",1,1559.4,"","","","","","","","","","","","","",0,1.3,
1016,"","","","","","","","","","","","","",1,1560.7,"","","","","","","","","","","","","",0,1.3,
1017,"","","","","","","","","","","","","",1,1562.1,"","","","","","","","","","","","","",0,1.3,
1018,"","","","","","","","","","","","","",1,1563.4,"","","","","","","","","","","","","",0,1.3,
1019,"","","","","","","","","","","","","",1,1564.6,"","","","","","","","","","","","","",0,1.2,
1020,"","","","","","","","","","","","","",1,1565.7,"","","","","","","","","","","","","",0,1.1,
1021,"","","","","","","","","","","","","",1,1566.7,"","","","","","","","","","","","","",0,1.1,
1022,"","","","","","","","","","","","","",1,1567.8,"","","","","","","","","","","","","",0,1.1,
1023,"","","","","","","","","","","","","",1,1568.9,"","","","","","","","","","","","","",0,1.1,
1024,"","","","","","","","","","","","","",1,1570,"","","","","","","","","","","","","",0,1.1,
1025,"","","","","","","","","","","","","",1,1571.1,"","","","","","","","","","","","","",0,1.1,
1026,"","","","","","","","","","","","","",1,1572.7,"","","","","","","","","","","","","",0,1.6,
1027,"","","","","","","","","","","","","",1,1574.5,"","","","","","","","","","","","","",0,1.8,
1028,"","","","","","","","","","","","","",1,1576.3,"","","","","","","","","","","","","",0,1.8,
1029,"","","","","","","","","","","","","",1,1578,"","","","","","","","","","","","","",0,1.8,
1030,"","","","","","","","","","","","","",1,1589.1,"","","","","","","","","","","","","",0,11,
1031,"","","","","","","","","","","","","",1,1593.8,"","","","","","","","","","","","","",0,4.8,
1032,"","","","","","","","","","","","","",1,1597.9,"","","","","","","","","","","","","",0,4.1,
1033,"","","","","","","","","","","","","","",1601.3,"","","","","","","","","","","","","","",3.4,
1034,"","","","","","","","","","","","","","",1602.9,"","","","","","","","","","","","","","",1.6,
1035,"","","","","","","","","","","","","","",1604.6,"","","","","","","","","","","","","","",1.6,
1036,"","","","","","","","","","","","","","",1606.2,"","","","","","","","","","","","","","",1.6,
1037,"","","","","","","","","","","","","","",1607.8,"","","","","","","","","","","","","","",1.6,
1038,"","","","","","","","","","","","","","",1609,"","","","","","","","","","","","","","",1.1,
1039,"","","","","","","","","","","","","","",1609.9,"","","","","","","","","","","","","","",1,
1040,"","","","","","","","","","","","","","",1610.9,"","","","","","","","","","","","","","",1,
1041,"","","","","","","","","","","","","","",1611.8,"","","","","","","","","","","","","","",1,
1042,"","","","","","","","","","","","","","",1612.8,"","","","","","","","","","","","","","",1,
1043,"","","","","","","","","","","","","","",1613.8,"","","","","","","","","","","","","","",1,
1044,"","","","","","","","","","","","","","",1614.7,"","","","","","","","","","","","","","",1,
1045,"","","","","","","","","","","","","","",1615.7,"","","","","","","","","","","","","","",1,
1046,"","","","","","","","","","","","","","",1616.6,"","","","","","","","","","","","","","",0.9,
1047,"","","","","","","","","","","","","","",1617.5,"","","","","","","","","","","","","","",0.9,
1048,"","","","","","","","","","","","","","",1618.5,"","","","","","","","","","","","","","",0.9,
1049,"","","","","","","","","","","","","","",1619.4,"","","","","","","","","","","","","","",0.9,
1050,"","","","","","","","","","","","","","",1620.3,"","","","","","","","","","","","","","",0.9,
1051,"","","","","","","","","","","","","","",1621.2,"","","","","","","","","","","","","","",0.9,
1052,"","","","","","","","","","","","","","",1622.2,"","","","","","","","","","","","","","",0.9,
1053,"","","","","","","","","","","","","","",1624.8,"","","","","","","","","","","","","","",2.7,
1054,"","","","","","","","","","","","","","",1639.7,"","","","","","","","","","","","","","",14.9,
1055,"","","","","","","","","","","","","","",1642.9,"","","","","","","","","","","","","","",3.2,
1056,"","","","","","","","","","","","","","",1645.9,"","","","","","","","","","","","","","",3,
1057,"","","","","","","","","","","","","","",1648.5,"","","","","","","","","","","","","","",2.5,
1058,"","","","","","","","","","","","","","",1651,"","","","","","","","","","","","","","",2.5,
1059,"","","","","","","","","","","","","","",1652.9,"","","","","","","","","","","","","","",1.9,
1060,"","","","","","","","","","","","","","",1653.9,"","","","","","","","","","","","","","",0.9,
1061,"","","","","","","","","","","","","","",1654.8,"","","","","","","","","","","","","","",0.9,
1062,"","","","","","","","","","","","","","",1655.7,"","","","","","","","","","","","","","",0.9,
1063,"","","","","","","","","","","","","","",1656.7,"","","","","","","","","","","","","","",0.9,
1064,"","","","","","","","","","","","","","",1657.6,"","","","","","","","","","","","","","",0.9,
1065,"","","","","","","","","","","","","","",1658.6,"","","","","","","","","","","","","","",0.9,
1066,"","","","","","","","","","","","","","",1659.5,"","","","","","","","","","","","","","",0.9,
1067,"","","","","","","","","","","","","","",1660.4,"","","","","","","","","","","","","","",0.8,
1068,"","","","","","","","","","","","","","",1661.1,"","","","","","","","","","","","","","",0.8,
1069,"","","","","","","","","","","","","","",1661.9,"","","","","","","","","","","","","","",0.8,
1070,"","","","","","","","","","","","","","",1662.6,"","","","","","","","","","","","","","",0.8,
1071,"","","","","","","","","","","","","","",1663.4,"","","","","","","","","","","","","","",0.8,
1072,"","","","","","","","","","","","","","",1664.1,"","","","","","","","","","","","","","",0.8,
1073,"","","","","","","","","","","","","","",1664.9,"","","","","","","","","","","","","","",0.8,
1074,"","","","","","","","","","","","","","",1665.6,"","","","","","","","","","","","","","",0.8,
1075,"","","","","","","","","","","","","","",1666.4,"","","","","","","","","","","","","","",0.8,
1076,"","","","","","","","","","","","","","",1667.1,"","","","","","","","","","","","","","",0.8,
1077,"","","","","","","","","","","","","","",1672.3,"","","","","","","","","","","","","","",5.1,
1078,"","","","","","","","","","","","","","",1684.3,"","","","","","","","","","","","","","",12.1,
1079,"","","","","","","","","","","","","","",1687.9,"","","","","","","","","","","","","","",3.5,
1080,"","","","","","","","","","","","","","",1691.1,"","","","","","","","","","","","","","",3.2,
1081,"","","","","","","","","","","","","","",1694,"","","","","","","","","","","","","","",2.9,
1082,"","","","","","","","","","","","","","",1696.9,"","","","","","","","","","","","","","",2.9,
1083,"","","","","","","","","","","","","","",1698.2,"","","","","","","","","","","","","","",1.3,
1084,"","","","","","","","","","","","","","",1699.5,"","","","","","","","","","","","","","",1.3,
1085,"","","","","","","","","","","","","","",1700.8,"","","","","","","","","","","","","","",1.3,
1086,"","","","","","","","","","","","","","",1702.1,"","","","","","","","","","","","","","",1.3,
1087,"","","","","","","","","","","","","","",1703.4,"","","","","","","","","","","","","","",1.3,
1088,"","","","","","","","","","","","","","",1704.6,"","","","","","","","","","","","","","",1.2,
1089,"","","","","","","","","","","","","","",1705.7,"","","","","","","","","","","","","","",1.1,
1090,"","","","","","","","","","","","","","",1706.8,"","","","","","","","","","","","","","",1.1,
1091,"","","","","","","","","","","","","","",1707.9,"","","","","","","","","","","","","","",1.1,
1092,"","","","","","","","","","","","","","",1709,"","","","","","","","","","","","","","",1.1,
1093,"","","","","","","","","","","","","","",1710.1,"","","","","","","","","","","","","","",1.1,
1094,"","","","","","","","","","","","","","",1711.2,"","","","","","","","","","","","","","",1.1,
1095,"","","","","","","","","","","","","","",1712.1,"","","","","","","","","","","","","","",0.9,
1096,"","","","","","","","","","","","","","",1712.8,"","","","","","","","","","","","","","",0.7,
1097,"","","","","","","","","","","","","","",1713.6,"","","","","","","","","","","","","","",0.7,
1098,"","","","","","","","","","","","","","",1714.3,"","","","","","","","","","","","","","",0.7,
1099,"","","","","","","","","","","","","","",1715,"","","","","","","","","","","","","","",0.7,
1100,"","","","","","","","","","","","","","",1715.8,"","","","","","","","","","","","","","",0.7,
1101,"","","","","","","","","","","","","","",1716.5,"","","","","","","","","","","","","","",0.7,
1102,"","","","","","","","","","","","","","",1717.2,"","","","","","","","","","","","","","",0.7,
1103,"","","","","","","","","","","","","","",1717.9,"","","","","","","","","","","","","","",0.7,
1104,"","","","","","","","","","","","","","",1718.7,"","","","","","","","","","","","","","",0.7,
1105,"","","","","","","","","","","","","","",1720.1,"","","","","","","","","","","","","","",1.4,
1106,"","","","","","","","","","","","","","",1722.7,"","","","","","","","","","","","","","",2.6,
1107,"","","","","","","","","","","","","","",1725.3,"","","","","","","","","","","","","","",2.6,
1108,"","","","","","","","","","","","","","",1727.2,"","","","","","","","","","","","","","",1.9,
1109,"","","","","","","","","","","","","","",1728.4,"","","","","","","","","","","","","","",1.2,
1110,"","","","","","","","","","","","","","",1729.6,"","","","","","","","","","","","","","",1.2,
1111,"","","","","","","","","","","","","","",1730.8,"","","","","","","","","","","","","","",1.2,
1112,"","","","","","","","","","","","","","",1732,"","","","","","","","","","","","","","",1.2,
1113,"","","","","","","","","","","","","","",1733.2,"","","","","","","","","","","","","","",1.2,
1114,"","","","","","","","","","","","","","",1734.3,"","","","","","","","","","","","","","",1.1,
1115,"","","","","","","","","","","","","","",1735.3,"","","","","","","","","","","","","","",1,
1116,"","","","","","","","","","","","","","",1736.4,"","","","","","","","","","","","","","",1,
1117,"","","","","","","","","","","","","","",1737.4,"","","","","","","","","","","","","","",1,
1118,"","","","","","","","","","","","","","",1738.4,"","","","","","","","","","","","","","",1,
1119,"","","","","","","","","","","","","","",1739.5,"","","","","","","","","","","","","","",1,
1120,"","","","","","","","","","","","","","",1740.5,"","","","","","","","","","","","","","",1,
1121,"","","","","","","","","","","","","","",1741.7,"","","","","","","","","","","","","","",1.2,
1122,"","","","","","","","","","","","","","",1743.3,"","","","","","","","","","","","","","",1.6,
1123,"","","","","","","","","","","","","","",1744.9,"","","","","","","","","","","","","","",1.6,
1124,"","","","","","","","","","","","","","",1746.5,"","","","","","","","","","","","","","",1.6,
1125,"","","","","","","","","","","","","","",1748.1,"","","","","","","","","","","","","","",1.6,
1126,"","","","","","","","","","","","","","",1765.4,"","","","","","","","","","","","","","",17.3,
1127,"","","","","","","","","","","","","","",1768.5,"","","","","","","","","","","","","","",3.1,
1128,"","","","","","","","","","","","","","",1771.4,"","","","","","","","","","","","","","",2.9,
1129,"","","","","","","","","","","","","","",1773.8,"","","","","","","","","","","","","","",2.4,
1130,"","","","","","","","","","","","","","",1776.2,"","","","","","","","","","","","","","",2.4,
1131,"","","","","","","","","","","","","","",1778.4,"","","","","","","","","","","","","","",2.2,
1132,"","","","","","","","","","","","","","",1779.4,"","","","","","","","","","","","","","",0.9,
1133,"","","","","","","","","","","","","","",1780.3,"","","","","","","","","","","","","","",0.9,
1134,"","","","","","","","","","","","","","",1781.2,"","","","","","","","","","","","","","",0.9,
1135,"","","","","","","","","","","","","","",1782.1,"","","","","","","","","","","","","","",0.9,
1136,"","","","","","","","","","","","","","",1783,"","","","","","","","","","","","","","",0.9,
1137,"","","","","","","","","","","","","","",1783.9,"","","","","","","","","","","","","","",0.9,
1138,"","","","","","","","","","","","","","",1784.8,"","","","","","","","","","","","","","",0.9,
1139,"","","","","","","","","","","","","","",1785.8,"","","","","","","","","","","","","","",0.9,
1140,"","","","","","","","","","","","","","",1786.7,"","","","","","","","","","","","","","",0.9,
1141,"","","","","","","","","","","","","","",1787.7,"","","","","","","","","","","","","","",0.9,
1142,"","","","","","","","","","","","","","",1788.6,"","","","","","","","","","","","","","",0.9,
1143,"","","","","","","","","","","","","","",1789.6,"","","","","","","","","","","","","","",0.9,
1144,"","","","","","","","","","","","","","",1790.5,"","","","","","","","","","","","","","",0.9,
1145,"","","","","","","","","","","","","","",1791.5,"","","","","","","","","","","","","","",0.9,
1146,"","","","","","","","","","","","","","",1792.4,"","","","","","","","","","","","","","",0.9,
1147,"","","","","","","","","","","","","","",1793.8,"","","","","","","","","","","","","","",1.4,
1148,"","","","","","","","","","","","","","",1796.6,"","","","","","","","","","","","","","",2.8,
1149,"","","","","","","","","","","","","","",1799.4,"","","","","","","","","","","","","","",2.8,
1150,"","","","","","","","","","","","","","",1810.5,"","","","","","","","","","","","","","",11,
1151,"","","","","","","","","","","","","","",1814.7,"","","","","","","","","","","","","","",4.2,
1152,"","","","","","","","","","","","","","",1819.2,"","","","","","","","","","","","","","",4.5,
1153,"","","","","","","","","","","","","","",1822.9,"","","","","","","","","","","","","","",3.7,
1154,"","","","","","","","","","","","","","",1824.3,"","","","","","","","","","","","","","",1.4,
1155,"","","","","","","","","","","","","","",1825.7,"","","","","","","","","","","","","","",1.4,
1156,"","","","","","","","","","","","","","",1827.1,"","","","","","","","","","","","","","",1.4,
1157,"","","","","","","","","","","","","","",1828.5,"","","","","","","","","","","","","","",1.4,
1158,"","","","","","","","","","","","","","",1829.9,"","","","","","","","","","","","","","",1.4,
1159,"","","","","","","","","","","","","","",1830.6,"","","","","","","","","","","","","","",0.7,
1160,"","","","","","","","","","","","","","",1831.3,"","","","","","","","","","","","","","",0.7,
1161,"","","","","","","","","","","","","","",1832,"","","","","","","","","","","","","","",0.7,
1162,"","","","","","","","","","","","","","",1832.6,"","","","","","","","","","","","","","",0.7,
1163,"","","","","","","","","","","","","","",1833.3,"","","","","","","","","","","","","","",0.7,
1164,"","","","","","","","","","","","","","",1834,"","","","","","","","","","","","","","",0.7,
1165,"","","","","","","","","","","","","","",1834.7,"","","","","","","","","","","","","","",0.7,
1166,"","","","","","","","","","","","","","",1835.4,"","","","","","","","","","","","","","",0.7,
1167,"","","","","","","","","","","","","","",1836.1,"","","","","","","","","","","","","","",0.7,
1168,"","","","","","","","","","","","","","",1836.8,"","","","","","","","","","","","","","",0.7,
1169,"","","","","","","","","","","","","","",1837.7,"","","","","","","","","","","","","","",0.9,
1170,"","","","","","","","","","","","","","",1839.3,"","","","","","","","","","","","","","",1.6,
1171,"","","","","","","","","","","","","","",1840.8,"","","","","","","","","","","","","","",1.6,
1172,"","","","","","","","","","","","","","",1842.4,"","","","","","","","","","","","","","",1.6,
1173,"","","","","","","","","","","","","","",1844,"","","","","","","","","","","","","","",1.6,
1174,"","","","","","","","","","","","","","",1854.4,"","","","","","","","","","","","","","",10.4,
1175,"","","","","","","","","","","","","","",1858.4,"","","","","","","","","","","","","","",4,
1176,"","","","","","","","","","","","","","",1864.1,"","","","","","","","","","","","","","",5.8,
1177,"","","","","","","","","","","","","","",1867.3,"","","","","","","","","","","","","","",3.2,
1178,"","","","","","","","","","","","","","",1868.6,"","","","","","","","","","","","","","",1.3,
1179,"","","","","","","","","","","","","","",1869.9,"","","","","","","","","","","","","","",1.3,
1180,"","","","","","","","","","","","","","",1871.2,"","","","","","","","","","","","","","",1.3,
1181,"","","","","","","","","","","","","","",1872.4,"","","","","","","","","","","","","","",1.3,
1182,"","","","","","","","","","","","","","",1873.7,"","","","","","","","","","","","","","",1.3,
1183,"","","","","","","","","","","","","","",1874.6,"","","","","","","","","","","","","","",0.8,
1184,"","","","","","","","","","","","","","",1875.4,"","","","","","","","","","","","","","",0.8,
1185,"","","","","","","","","","","","","","",1876.2,"","","","","","","","","","","","","","",0.8,
1186,"","","","","","","","","","","","","","",1877,"","","","","","","","","","","","","","",0.8,
1187,"","","","","","","","","","","","","","",1877.8,"","","","","","","","","","","","","","",0.8,
1188,"","","","","","","","","","","","","","",1878.6,"","","","","","","","","","","","","","",0.8,
1189,"","","","","","","","","","","","","","",1879.4,"","","","","","","","","","","","","","",0.8,
1190,"","","","","","","","","","","","","","",1880.2,"","","","","","","","","","","","","","",0.8,
1191,"","","","","","","","","","","","","","",1881,"","","","","","","","","","","","","","",0.8,
1192,"","","","","","","","","","","","","","",1882.1,"","","","","","","","","","","","","","",1.1,
1193,"","","","","","","","","","","","","","",1883.3,"","","","","","","","","","","","","","",1.2,
1194,"","","","","","","","","","","","","","",1884.5,"","","","","","","","","","","","","","",1.2,
1195,"","","","","","","","","","","","","","",1885.6,"","","","","","","","","","","","","","",1.2,
1196,"","","","","","","","","","","","","","",1886.8,"","","","","","","","","","","","","","",1.2,
1197,"","","","","","","","","","","","","","",1888,"","","","","","","","","","","","","","",1.2,
1198,"","","","","","","","","","","","","","",1904.8,"","","","","","","","","","","","","","",16.8,
1199,"","","","","","","","","","","","","","",1907.6,"","","","","","","","","","","","","","",2.8,
1200,"","","","","","","","","","","","","","",1910.4,"","","","","","","","","","","","","","",2.8,
1201,"","","","","","","","","","","","","","",1912.3,"","","","","","","","","","","","","","",1.9,
1202,"","","","","","","","","","","","","","",1914.2,"","","","","","","","","","","","","","",1.9,
1203,"","","","","","","","","","","","","","",1916.1,"","","","","","","","","","","","","","",1.9,
1204,"","","","","","","","","","","","","","",1917.8,"","","","","","","","","","","","","","",1.7,
1205,"","","","","","","","","","","","","","",1918.4,"","","","","","","","","","","","","","",0.7,
1206,"","","","","","","","","","","","","","",1919.1,"","","","","","","","","","","","","","",0.7,
1207,"","","","","","","","","","","","","","",1919.8,"","","","","","","","","","","","","","",0.7,
1208,"","","","","","","","","","","","","","",1920.5,"","","","","","","","","","","","","","",0.7,
1209,"","","","","","","","","","","","","","",1921.2,"","","","","","","","","","","","","","",0.7,
1210,"","","","","","","","","","","","","","",1921.9,"","","","","","","","","","","","","","",0.7,
1211,"","","","","","","","","","","","","","",1922.6,"","","","","","","","","","","","","","",0.7,
1212,"","","","","","","","","","","","","","",1923.3,"","","","","","","","","","","","","","",0.7,
1213,"","","","","","","","","","","","","","",1924,"","","","","","","","","","","","","","",0.7,
1214,"","","","","","","","","","","","","","",1924.7,"","","","","","","","","","","","","","",0.7,
1215,"","","","","","","","","","","","","","",1925.6,"","","","","","","","","","","","","","",0.9,
1216,"","","","","","","","","","","","","","",1926.7,"","","","","","","","","","","","","","",1,
1217,"","","","","","","","","","","","","","",1927.7,"","","","","","","","","","","","","","",1,
1218,"","","","","","","","","","","","","","",1928.7,"","","","","","","","","","","","","","",1,
1219,"","","","","","","","","","","","","","",1929.7,"","","","","","","","","","","","","","",1,
1220,"","","","","","","","","","","","","","",1930.8,"","","","","","","","","","","","","","",1,
1221,"","","","","","","","","","","","","","",1931.8,"","","","","","","","","","","","","","",1,
1222,"","","","","","","","","","","","","","",1948.6,"","","","","","","","","","","","","","",16.8,
1223,"","","","","","","","","","","","","","",1951.7,"","","","","","","","","","","","","","",3.1,
1224,"","","","","","","","","","","","","","",1954.8,"","","","","","","","","","","","","","",3.1,
1225,"","","","","","","","","","","","","","",1957.8,"","","","","","","","","","","","","","",3,
1226,"","","","","","","","","","","","","","",1960.9,"","","","","","","","","","","","","","",3,
1227,"","","","","","","","","","","","","","",1962.6,"","","","","","","","","","","","","","",1.7,
1228,"","","","","","","","","","","","","","",1964.1,"","","","","","","","","","","","","","",1.5,
1229,"","","","","","","","","","","","","","",1965.6,"","","","","","","","","","","","","","",1.5,
1230,"","","","","","","","","","","","","","",1967.1,"","","","","","","","","","","","","","",1.5,
1231,"","","","","","","","","","","","","","",1968.6,"","","","","","","","","","","","","","",1.5,
1232,"","","","","","","","","","","","","","",1969.6,"","","","","","","","","","","","","","",1,
1233,"","","","","","","","","","","","","","",1970.6,"","","","","","","","","","","","","","",1,
1234,"","","","","","","","","","","","","","",1971.6,"","","","","","","","","","","","","","",1,
1235,"","","","","","","","","","","","","","",1972.6,"","","","","","","","","","","","","","",1,
1236,"","","","","","","","","","","","","","",1973.6,"","","","","","","","","","","","","","",1,
1237,"","","","","","","","","","","","","","",1974.6,"","","","","","","","","","","","","","",1,
1238,"","","","","","","","","","","","","","",1975.5,"","","","","","","","","","","","","","",1,
1239,"","","","","","","","","","","","","","",1976.5,"","","","","","","","","","","","","","",1,
1240,"","","","","","","","","","","","","","",1977.5,"","","","","","","","","","","","","","",1,
1241,"","","","","","","","","","","","","","",1978.5,"","","","","","","","","","","","","","",1,
1242,"","","","","","","","","","","","","","",1979.5,"","","","","","","","","","","","","","",1,
1243,"","","","","","","","","","","","","","",1980.5,"","","","","","","","","","","","","","",1,
1244,"","","","","","","","","","","","","","",1981.5,"","","","","","","","","","","","","","",1,
1245,"","","","","","","","","","","","","","",1982.5,"","","","","","","","","","","","","","",1,
1246,"","","","","","","","","","","","","","",1999.8,"","","","","","","","","","","","","","",17.2,
1247,"","","","","","","","","","","","","","",2003.7,"","","","","","","","","","","","","","",3.9,
1248,"","","","","","","","","","","","","","",2008.8,"","","","","","","","","","","","","","",5.1,
1249,"","","","","","","","","","","","","","",2013.2,"","","","","","","","","","","","","","",4.3,
1250,"","","","","","","","","","","","","","",2016.1,"","","","","","","","","","","","","","",2.9,
1251,"","","","","","","","","","","","","","",2019,"","","","","","","","","","","","","","",2.9,
1252,"","","","","","","","","","","","","","",2020.6,"","","","","","","","","","","","","","",1.7,
1253,"","","","","","","","","","","","","","",2022.3,"","","","","","","","","","","","","","",1.6,
1254,"","","","","","","","","","","","","","",2023.9,"","","","","","","","","","","","","","",1.6,
1255,"","","","","","","","","","","","","","",2025.6,"","","","","","","","","","","","","","",1.6,
1256,"","","","","","","","","","","","","","",2027.3,"","","","","","","","","","","","","","",1.7,
1257,"","","","","","","","","","","","","","",2029,"","","","","","","","","","","","","","",1.7,
1258,"","","","","","","","","","","","","","",2030.7,"","","","","","","","","","","","","","",1.7,
1259,"","","","","","","","","","","","","","",2032.5,"","","","","","","","","","","","","","",1.7,
1260,"","","","","","","","","","","","","","",2034,"","","","","","","","","","","","","","",1.6,
1261,"","","","","","","","","","","","","","",2035.5,"","","","","","","","","","","","","","",1.4,
1262,"","","","","","","","","","","","","","",2036.9,"","","","","","","","","","","","","","",1.4,
1263,"","","","","","","","","","","","","","",2038.3,"","","","","","","","","","","","","","",1.4,
1264,"","","","","","","","","","","","","","",2039.7,"","","","","","","","","","","","","","",1.4,
1265,"","","","","","","","","","","","","","",2041.2,"","","","","","","","","","","","","","",1.5,
1266,"","","","","","","","","","","","","","",2042.7,"","","","","","","","","","","","","","",1.5,
1267,"","","","","","","","","","","","","","",2044.2,"","","","","","","","","","","","","","",1.5,
1268,"","","","","","","","","","","","","","",2045.7,"","","","","","","","","","","","","","",1.5,
1269,"","","","","","","","","","","","","","",2047.2,"","","","","","","","","","","","","","",1.5,
1270,"","","","","","","","","","","","","","",2058.2,"","","","","","","","","","","","","","",11,
1271,"","","","","","","","","","","","","","",2111.8,"","","","","","","","","","","","","","",53.6,
1272,"","","","","","","","","","","","","","",2115.5,"","","","","","","","","","","","","","",3.6,
1273,"","","","","","","","","","","","","","",2115.8,"","","","","","","","","","","","","","",0.3,
1274,"","","","","","","","","","","","","","",2116.1,"","","","","","","","","","","","","","",0.3,
1275,"","","","","","","","","","","","","","",2116.5,"","","","","","","","","","","","","","",0.3,
1276,"","","","","","","","","","","","","","",2116.8,"","","","","","","","","","","","","","",0.3,
1277,"","","","","","","","","","","","","","",2117.1,"","","","","","","","","","","","","","",0.3,
1278,"","","","","","","","","","","","","","",2117.4,"","","","","","","","","","","","","","",0.3,
1279,"","","","","","","","","","","","","","",2117.7,"","","","","","","","","","","","","","",0.3,
1280,"","","","","","","","","","","","","","",2118.1,"","","","","","","","","","","","","","",0.3,
1281,"","","","","","","","","","","","","","",2118.4,"","","","","","","","","","","","","","",0.3,
1282,"","","","","","","","","","","","","","",2118.7,"","","","","","","","","","","","","","",0.3,
1283,"","","","","","","","","","","","","","",2119,"","","","","","","","","","","","","","",0.3,
1284,"","","","","","","","","","","","","","",2119.4,"","","","","","","","","","","","","","",0.3,
1285,"","","","","","","","","","","","","","",2119.7,"","","","","","","","","","","","","","",0.3,
1286,"","","","","","","","","","","","","","",2120,"","","","","","","","","","","","","","",0.3,
1287,"","","","","","","","","","","","","","",2120.3,"","","","","","","","","","","","","","",0.3,
1288,"","","","","","","","","","","","","","",2120.7,"","","","","","","","","","","","","","",0.3,
1289,"","","","","","","","","","","","","","",2121,"","","","","","","","","","","","","","",0.3,
1290,"","","","","","","","","","","","","","",2121.3,"","","","","","","","","","","","","","",0.3,
1291,"","","","","","","","","","","","","","",2121.6,"","","","","","","","","","","","","","",0.3,
1292,"","","","","","","","","","","","","","",2121.9,"","","","","","","","","","","","","","",0.3,
1293,"","","","","","","","","","","","","","",2122.3,"","","","","","","","","","","","","","",0.3,
1294,"","","","","","","","","","","","","","",2131.3,"","","","","","","","","","","","","","",9,
1295,"","","","","","","","","","","","","","",2134.2,"","","","","","","","","","","","","","",2.8,
1296,"","","","","","","","","","","","","","",2137,"","","","","","","","","","","","","","",2.8,
1297,"","","","","","","","","","","","","","",2139.6,"","","","","","","","","","","","","","",2.6,
1298,"","","","","","","","","","","","","","",2142.2,"","","","","","","","","","","","","","",2.6,
1299,"","","","","","","","","","","","","","",2144.5,"","","","","","","","","","","","","","",2.3,
1300,"","","","","","","","","","","","","","",2146.3,"","","","","","","","","","","","","","",1.7,
1301,"","","","","","","","","","","","","","",2148,"","","","","","","","","","","","","","",1.7,
1302,"","","","","","","","","","","","","","",2149.7,"","","","","","","","","","","","","","",1.7,
1303,"","","","","","","","","","","","","","",2151.3,"","","","","","","","","","","","","","",1.6,
1304,"","","","","","","","","","","","","","",2152.4,"","","","","","","","","","","","","","",1.1,
1305,"","","","","","","","","","","","","","",2153.6,"","","","","","","","","","","","","","",1.1,
1306,"","","","","","","","","","","","","","",2154.7,"","","","","","","","","","","","","","",1.1,
1307,"","","","","","","","","","","","","","",2155.8,"","","","","","","","","","","","","","",1.1,
1308,"","","","","","","","","","","","","","",2156.9,"","","","","","","","","","","","","","",1.1,
1309,"","","","","","","","","","","","","","",2158.1,"","","","","","","","","","","","","","",1.1,
1310,"","","","","","","","","","","","","","",2159.8,"","","","","","","","","","","","","","",1.7,
1311,"","","","","","","","","","","","","","",2161.6,"","","","","","","","","","","","","","",1.8,
1312,"","","","","","","","","","","","","","",2163.4,"","","","","","","","","","","","","","",1.8,
1313,"","","","","","","","","","","","","","",2165.2,"","","","","","","","","","","","","","",1.8,
1314,"","","","","","","","","","","","","","",2167,"","","","","","","","","","","","","","",1.7,
1315,"","","","","","","","","","","","","","",2168.7,"","","","","","","","","","","","","","",1.7,
1316,"","","","","","","","","","","","","","",2170.4,"","","","","","","","","","","","","","",1.7,
1317,"","","","","","","","","","","","","","",2172.1,"","","","","","","","","","","","","","",1.7,
1318,"","","","","","","","","","","","","","",2187.5,"","","","","","","","","","","","","","",15.4,
1319,"","","","","","","","","","","","","","",2188,"","","","","","","","","","","","","","",0.5,
1320,"","","","","","","","","","","","","","",2188.6,"","","","","","","","","","","","","","",0.5,
1321,"","","","","","","","","","","","","","",2189.1,"","","","","","","","","","","","","","",0.5,
1322,"","","","","","","","","","","","","","",2189.6,"","","","","","","","","","","","","","",0.5,
1323,"","","","","","","","","","","","","","",2190.1,"","","","","","","","","","","","","","",0.5,
1324,"","","","","","","","","","","","","","",2190.7,"","","","","","","","","","","","","","",0.5,
1325,"","","","","","","","","","","","","","",2191.2,"","","","","","","","","","","","","","",0.5,
1326,"","","","","","","","","","","","","","",2191.7,"","","","","","","","","","","","","","",0.5,
1327,"","","","","","","","","","","","","","",2192.2,"","","","","","","","","","","","","","",0.5,
1328,"","","","","","","","","","","","","","",2192.8,"","","","","","","","","","","","","","",0.5,
1329,"","","","","","","","","","","","","","",2193.3,"","","","","","","","","","","","","","",0.5,
1330,"","","","","","","","","","","","","","",2193.8,"","","","","","","","","","","","","","",0.5,
1331,"","","","","","","","","","","","","","",2194.4,"","","","","","","","","","","","","","",0.5,
1332,"","","","","","","","","","","","","","",2195.1,"","","","","","","","","","","","","","",0.7,
1333,"","","","","","","","","","","","","","",2195.8,"","","","","","","","","","","","","","",0.7,
1334,"","","","","","","","","","","","","","",2196.5,"","","","","","","","","","","","","","",0.7,
1335,"","","","","","","","","","","","","","",2197.2,"","","","","","","","","","","","","","",0.7,
1336,"","","","","","","","","","","","","","",2197.9,"","","","","","","","","","","","","","",0.7,
1337,"","","","","","","","","","","","","","",2198.7,"","","","","","","","","","","","","","",0.7,
1338,"","","","","","","","","","","","","","",2199.4,"","","","","","","","","","","","","","",0.7,
1339,"","","","","","","","","","","","","","",2200.1,"","","","","","","","","","","","","","",0.7,
1340,"","","","","","","","","","","","","","",2200.8,"","","","","","","","","","","","","","",0.7,
1341,"","","","","","","","","","","","","","",2201.5,"","","","","","","","","","","","","","",0.7,
1342,"","","","","","","","","","","","","","",2224.1,"","","","","","","","","","","","","","",22.6,
1343,"","","","","","","","","","","","","","",2224.6,"","","","","","","","","","","","","","",0.5,
1344,"","","","","","","","","","","","","","",2225.1,"","","","","","","","","","","","","","",0.5,
1345,"","","","","","","","","","","","","","",2225.6,"","","","","","","","","","","","","","",0.5,
1346,"","","","","","","","","","","","","","",2226,"","","","","","","","","","","","","","",0.5,
1347,"","","","","","","","","","","","","","",2226.5,"","","","","","","","","","","","","","",0.5,
1348,"","","","","","","","","","","","","","",2227,"","","","","","","","","","","","","","",0.5,
1349,"","","","","","","","","","","","","","",2227.4,"","","","","","","","","","","","","","",0.5,
1350,"","","","","","","","","","","","","","",2227.9,"","","","","","","","","","","","","","",0.5,
1351,"","","","","","","","","","","","","","",2228.4,"","","","","","","","","","","","","","",0.5,
1352,"","","","","","","","","","","","","","",2228.8,"","","","","","","","","","","","","","",0.5,
1353,"","","","","","","","","","","","","","",2229.3,"","","","","","","","","","","","","","",0.5,
1354,"","","","","","","","","","","","","","",2229.8,"","","","","","","","","","","","","","",0.5,
1355,"","","","","","","","","","","","","","",2230.3,"","","","","","","","","","","","","","",0.5,
1356,"","","","","","","","","","","","","","",2230.7,"","","","","","","","","","","","","","",0.5,
1357,"","","","","","","","","","","","","","",2231.2,"","","","","","","","","","","","","","",0.5,
1358,"","","","","","","","","","","","","","",2232.4,"","","","","","","","","","","","","","",1.2,
1359,"","","","","","","","","","","","","","",2233.7,"","","","","","","","","","","","","","",1.2,
1360,"","","","","","","","","","","","","","",2234.9,"","","","","","","","","","","","","","",1.2,
1361,"","","","","","","","","","","","","","",2236.1,"","","","","","","","","","","","","","",1.2,
1362,"","","","","","","","","","","","","","",2237.3,"","","","","","","","","","","","","","",1.2,
1363,"","","","","","","","","","","","","","",2238.5,"","","","","","","","","","","","","","",1.2,
1364,"","","","","","","","","","","","","","",2241.6,"","","","","","","","","","","","","","",3.1,
1365,"","","","","","","","","","","","","","",2244.7,"","","","","","","","","","","","","","",3.1,
1366,"","","","","","","","","","","","","","",2260.8,"","","","","","","","","","","","","","",16.1,
1367,"","","","","","","","","","","","","","",2261.1,"","","","","","","","","","","","","","",0.4,
1368,"","","","","","","","","","","","","","",2261.5,"","","","","","","","","","","","","","",0.4,
1369,"","","","","","","","","","","","","","",2261.9,"","","","","","","","","","","","","","",0.4,
1370,"","","","","","","","","","","","","","",2262.2,"","","","","","","","","","","","","","",0.4,
1371,"","","","","","","","","","","","","","",2262.6,"","","","","","","","","","","","","","",0.4,
1372,"","","","","","","","","","","","","","",2263,"","","","","","","","","","","","","","",0.4,
1373,"","","","","","","","","","","","","","",2263.3,"","","","","","","","","","","","","","",0.4,
1374,"","","","","","","","","","","","","","",2263.7,"","","","","","","","","","","","","","",0.4,
1375,"","","","","","","","","","","","","","",2264.1,"","","","","","","","","","","","","","",0.4,
1376,"","","","","","","","","","","","","","",2264.4,"","","","","","","","","","","","","","",0.4,
1377,"","","","","","","","","","","","","","",2264.8,"","","","","","","","","","","","","","",0.4,
1378,"","","","","","","","","","","","","","",2265.2,"","","","","","","","","","","","","","",0.4,
1379,"","","","","","","","","","","","","","",2265.5,"","","","","","","","","","","","","","",0.4,
1380,"","","","","","","","","","","","","","",2265.9,"","","","","","","","","","","","","","",0.4,
1381,"","","","","","","","","","","","","","",2266.3,"","","","","","","","","","","","","","",0.4,
1382,"","","","","","","","","","","","","","",2266.6,"","","","","","","","","","","","","","",0.4,
1383,"","","","","","","","","","","","","","",2267,"","","","","","","","","","","","","","",0.4,
1384,"","","","","","","","","","","","","","",2267.4,"","","","","","","","","","","","","","",0.4,
1385,"","","","","","","","","","","","","","",2267.7,"","","","","","","","","","","","","","",0.4,
1386,"","","","","","","","","","","","","","",2268.8,"","","","","","","","","","","","","","",1,
1387,"","","","","","","","","","","","","","",2270.7,"","","","","","","","","","","","","","",1.9,
1388,"","","","","","","","","","","","","","",2272.6,"","","","","","","","","","","","","","",1.9,
1389,"","","","","","","","","","","","","","",2274.6,"","","","","","","","","","","","","","",1.9,
1390,"","","","","","","","","","","","","","",2290.3,"","","","","","","","","","","","","","",15.7,
1391,"","","","","","","","","","","","","","",2290.7,"","","","","","","","","","","","","","",0.4,
1392,"","","","","","","","","","","","","","",2291,"","","","","","","","","","","","","","",0.4,
1393,"","","","","","","","","","","","","","",2291.4,"","","","","","","","","","","","","","",0.4,
1394,"","","","","","","","","","","","","","",2291.8,"","","","","","","","","","","","","","",0.4,
1395,"","","","","","","","","","","","","","",2292.1,"","","","","","","","","","","","","","",0.4,
1396,"","","","","","","","","","","","","","",2292.5,"","","","","","","","","","","","","","",0.4,
1397,"","","","","","","","","","","","","","",2292.9,"","","","","","","","","","","","","","",0.4,
1398,"","","","","","","","","","","","","","",2293.2,"","","","","","","","","","","","","","",0.4,
1399,"","","","","","","","","","","","","","",2293.6,"","","","","","","","","","","","","","",0.4,
1400,"","","","","","","","","","","","","","",2293.9,"","","","","","","","","","","","","","",0.4,
1401,"","","","","","","","","","","","","","",2294.3,"","","","","","","","","","","","","","",0.4,
1402,"","","","","","","","","","","","","","",2294.7,"","","","","","","","","","","","","","",0.4,
1403,"","","","","","","","","","","","","","",2295,"","","","","","","","","","","","","","",0.4,
1404,"","","","","","","","","","","","","","",2295.4,"","","","","","","","","","","","","","",0.4,
1405,"","","","","","","","","","","","","","",2295.8,"","","","","","","","","","","","","","",0.4,
1406,"","","","","","","","","","","","","","",2296.1,"","","","","","","","","","","","","","",0.4,
1407,"","","","","","","","","","","","","","",2296.5,"","","","","","","","","","","","","","",0.4,
1408,"","","","","","","","","","","","","","",2296.8,"","","","","","","","","","","","","","",0.4,
1409,"","","","","","","","","","","","","","",2297.2,"","","","","","","","","","","","","","",0.4,
1410,"","","","","","","","","","","","","","",2298.1,"","","","","","","","","","","","","","",0.9,
1411,"","","","","","","","","","","","","","",2300.1,"","","","","","","","","","","","","","",2,
1412,"","","","","","","","","","","","","","",2302.1,"","","","","","","","","","","","","","",2,
1413,"","","","","","","","","","","","","","",2304.1,"","","","","","","","","","","","","","",2,
1414,"","","","","","","","","","","","","","",2319.8,"","","","","","","","","","","","","","",15.7,
1415,"","","","","","","","","","","","","","",2320.1,"","","","","","","","","","","","","","",0.3,
1416,"","","","","","","","","","","","","","",2320.4,"","","","","","","","","","","","","","",0.3,
1417,"","","","","","","","","","","","","","",2320.7,"","","","","","","","","","","","","","",0.3,
1418,"","","","","","","","","","","","","","",2321,"","","","","","","","","","","","","","",0.3,
1419,"","","","","","","","","","","","","","",2321.3,"","","","","","","","","","","","","","",0.3,
1420,"","","","","","","","","","","","","","",2321.6,"","","","","","","","","","","","","","",0.3,
1421,"","","","","","","","","","","","","","",2321.9,"","","","","","","","","","","","","","",0.3,
1422,"","","","","","","","","","","","","","",2322.2,"","","","","","","","","","","","","","",0.3,
1423,"","","","","","","","","","","","","","",2322.5,"","","","","","","","","","","","","","",0.3,
1424,"","","","","","","","","","","","","","",2322.8,"","","","","","","","","","","","","","",0.3,
1425,"","","","","","","","","","","","","","",2323.1,"","","","","","","","","","","","","","",0.3,
1426,"","","","","","","","","","","","","","",2323.5,"","","","","","","","","","","","","","",0.3,
1427,"","","","","","","","","","","","","","",2323.8,"","","","","","","","","","","","","","",0.3,
1428,"","","","","","","","","","","","","","",2324.1,"","","","","","","","","","","","","","",0.3,
1429,"","","","","","","","","","","","","","",2324.4,"","","","","","","","","","","","","","",0.3,
1430,"","","","","","","","","","","","","","",2324.7,"","","","","","","","","","","","","","",0.3,
1431,"","","","","","","","","","","","","","",2325,"","","","","","","","","","","","","","",0.3,
1432,"","","","","","","","","","","","","","",2325.3,"","","","","","","","","","","","","","",0.3,
1433,"","","","","","","","","","","","","","",2325.6,"","","","","","","","","","","","","","",0.3,
1434,"","","","","","","","","","","","","","",2325.9,"","","","","","","","","","","","","","",0.3,
1435,"","","","","","","","","","","","","","",2326.2,"","","","","","","","","","","","","","",0.3,
1436,"","","","","","","","","","","","","","",2326.5,"","","","","","","","","","","","","","",0.3,
1437,"","","","","","","","","","","","","","",2326.8,"","","","","","","","","","","","","","",0.3,
1438,"","","","","","","","","","","","","","",2334.6,"","","","","","","","","","","","","","",7.8,
1439,"","","","","","","","","","","","","","",2335,"","","","","","","","","","","","","","",0.4,
1440,"","","","","","","","","","","","","","",2335.5,"","","","","","","","","","","","","","",0.4,
1441,"","","","","","","","","","","","","","",2335.9,"","","","","","","","","","","","","","",0.4,
1442,"","","","","","","","","","","","","","",2336.3,"","","","","","","","","","","","","","",0.4,
1443,"","","","","","","","","","","","","","",2336.7,"","","","","","","","","","","","","","",0.4,
1444,"","","","","","","","","","","","","","",2337.2,"","","","","","","","","","","","","","",0.4,
1445,"","","","","","","","","","","","","","",2337.6,"","","","","","","","","","","","","","",0.4,
1446,"","","","","","","","","","","","","","",2338,"","","","","","","","","","","","","","",0.4,
1447,"","","","","","","","","","","","","","",2338.4,"","","","","","","","","","","","","","",0.4,
1448,"","","","","","","","","","","","","","",2338.9,"","","","","","","","","","","","","","",0.4,
1449,"","","","","","","","","","","","","","",2339.3,"","","","","","","","","","","","","","",0.4,
1450,"","","","","","","","","","","","","","",2339.7,"","","","","","","","","","","","","","",0.4,
1451,"","","","","","","","","","","","","","",2340.1,"","","","","","","","","","","","","","",0.4,
1452,"","","","","","","","","","","","","","",2340.6,"","","","","","","","","","","","","","",0.4,
1453,"","","","","","","","","","","","","","",2341,"","","","","","","","","","","","","","",0.4,
1454,"","","","","","","","","","","","","","",2341.4,"","","","","","","","","","","","","","",0.4,
1455,"","","","","","","","","","","","","","",2341.8,"","","","","","","","","","","","","","",0.4,
1456,"","","","","","","","","","","","","","",2342.8,"","","","","","","","","","","","","","",0.9,
1457,"","","","","","","","","","","","","","",2344.1,"","","","","","","","","","","","","","",1.3,
1458,"","","","","","","","","","","","","","",2345.3,"","","","","","","","","","","","","","",1.3,
1459,"","","","","","","","","","","","","","",2346.6,"","","","","","","","","","","","","","",1.3,
1460,"","","","","","","","","","","","","","",2347.9,"","","","","","","","","","","","","","",1.3,
1461,"","","","","","","","","","","","","","",2349.2,"","","","","","","","","","","","","","",1.3,
1462,"","","","","","","","","","","","","","",2365.3,"","","","","","","","","","","","","","",16.1,
1463,"","","","","","","","","","","","","","",2365.7,"","","","","","","","","","","","","","",0.4,
1464,"","","","","","","","","","","","","","",2366,"","","","","","","","","","","","","","",0.4,
1465,"","","","","","","","","","","","","","",2366.4,"","","","","","","","","","","","","","",0.4,
1466,"","","","","","","","","","","","","","",2366.8,"","","","","","","","","","","","","","",0.4,
1467,"","","","","","","","","","","","","","",2367.2,"","","","","","","","","","","","","","",0.4,
1468,"","","","","","","","","","","","","","",2367.6,"","","","","","","","","","","","","","",0.4,
1469,"","","","","","","","","","","","","","",2368,"","","","","","","","","","","","","","",0.4,
1470,"","","","","","","","","","","","","","",2368.3,"","","","","","","","","","","","","","",0.4,
1471,"","","","","","","","","","","","","","",2368.7,"","","","","","","","","","","","","","",0.4,
1472,"","","","","","","","","","","","","","",2369.1,"","","","","","","","","","","","","","",0.4,
1473,"","","","","","","","","","","","","","",2369.5,"","","","","","","","","","","","","","",0.4,
1474,"","","","","","","","","","","","","","",2369.9,"","","","","","","","","","","","","","",0.4,
1475,"","","","","","","","","","","","","","",2370.3,"","","","","","","","","","","","","","",0.4,
1476,"","","","","","","","","","","","","","",2370.6,"","","","","","","","","","","","","","",0.4,
1477,"","","","","","","","","","","","","","",2371,"","","","","","","","","","","","","","",0.4,
1478,"","","","","","","","","","","","","","",2371.4,"","","","","","","","","","","","","","",0.4,
1479,"","","","","","","","","","","","","","",2371.8,"","","","","","","","","","","","","","",0.4,
1480,"","","","","","","","","","","","","","",2372.2,"","","","","","","","","","","","","","",0.4,
1481,"","","","","","","","","","","","","","",2372.6,"","","","","","","","","","","","","","",0.4,
1482,"","","","","","","","","","","","","","",2374,"","","","","","","","","","","","","","",1.5,
1483,"","","","","","","","","","","","","","",2375.9,"","","","","","","","","","","","","","",1.9,
1484,"","","","","","","","","","","","","","",2377.8,"","","","","","","","","","","","","","",1.9,
1485,"","","","","","","","","","","","","","",2379.6,"","","","","","","","","","","","","","",1.9,
1486,"","","","","","","","","","","","","","",2395.9,"","","","","","","","","","","","","","",16.2,
1487,"","","","","","","","","","","","","","",2396.2,"","","","","","","","","","","","","","",0.3,
1488,"","","","","","","","","","","","","","",2396.5,"","","","","","","","","","","","","","",0.3,
1489,"","","","","","","","","","","","","","",2396.8,"","","","","","","","","","","","","","",0.3,
1490,"","","","","","","","","","","","","","",2397.1,"","","","","","","","","","","","","","",0.3,
1491,"","","","","","","","","","","","","","",2397.4,"","","","","","","","","","","","","","",0.3,
1492,"","","","","","","","","","","","","","",2397.8,"","","","","","","","","","","","","","",0.3,
1493,"","","","","","","","","","","","","","",2398.1,"","","","","","","","","","","","","","",0.3,
1494,"","","","","","","","","","","","","","",2398.4,"","","","","","","","","","","","","","",0.3,
1495,"","","","","","","","","","","","","","",2398.7,"","","","","","","","","","","","","","",0.3,
1496,"","","","","","","","","","","","","","",2399,"","","","","","","","","","","","","","",0.3,
1497,"","","","","","","","","","","","","","",2399.4,"","","","","","","","","","","","","","",0.3,
1498,"","","","","","","","","","","","","","",2399.7,"","","","","","","","","","","","","","",0.3,
1499,"","","","","","","","","","","","","","",2400,"","","","","","","","","","","","","","",0.3,
1500,"","","","","","","","","","","","","","",2400.3,"","","","","","","","","","","","","","",0.3,
1501,"","","","","","","","","","","","","","",2400.6,"","","","","","","","","","","","","","",0.3,
1502,"","","","","","","","","","","","","","",2400.9,"","","","","","","","","","","","","","",0.3,
1503,"","","","","","","","","","","","","","",2401.3,"","","","","","","","","","","","","","",0.3,
1504,"","","","","","","","","","","","","","",2401.6,"","","","","","","","","","","","","","",0.3,
1505,"","","","","","","","","","","","","","",2401.9,"","","","","","","","","","","","","","",0.3,
1506,"","","","","","","","","","","","","","",2402.2,"","","","","","","","","","","","","","",0.3,
1507,"","","","","","","","","","","","","","",2402.5,"","","","","","","","","","","","","","",0.3,
1508,"","","","","","","","","","","","","","",2402.9,"","","","","","","","","","","","","","",0.3,
1509,"","","","","","","","","","","","","","",2403.2,"","","","","","","","","","","","","","",0.3,
1510,"","","","","","","","","","","","","","",2411.3,"","","","","","","","","","","","","","",8.1,
1511,"","","","","","","","","","","","","","",2411.8,"","","","","","","","","","","","","","",0.5,
1512,"","","","","","","","","","","","","","",2412.3,"","","","","","","","","","","","","","",0.5,
1513,"","","","","","","","","","","","","","",2412.7,"","","","","","","","","","","","","","",0.5,
1514,"","","","","","","","","","","","","","",2413.2,"","","","","","","","","","","","","","",0.5,
1515,"","","","","","","","","","","","","","",2413.7,"","","","","","","","","","","","","","",0.5,
1516,"","","","","","","","","","","","","","",2414.2,"","","","","","","","","","","","","","",0.5,
1517,"","","","","","","","","","","","","","",2414.7,"","","","","","","","","","","","","","",0.5,
1518,"","","","","","","","","","","","","","",2415.2,"","","","","","","","","","","","","","",0.5,
1519,"","","","","","","","","","","","","","",2415.7,"","","","","","","","","","","","","","",0.5,
1520,"","","","","","","","","","","","","","",2416.2,"","","","","","","","","","","","","","",0.5,
1521,"","","","","","","","","","","","","","",2416.6,"","","","","","","","","","","","","","",0.5,
1522,"","","","","","","","","","","","","","",2417.1,"","","","","","","","","","","","","","",0.5,
1523,"","","","","","","","","","","","","","",2417.6,"","","","","","","","","","","","","","",0.5,
1524,"","","","","","","","","","","","","","",2418.1,"","","","","","","","","","","","","","",0.5,
1525,"","","","","","","","","","","","","","",2418.6,"","","","","","","","","","","","","","",0.5,
1526,"","","","","","","","","","","","","","",2419.5,"","","","","","","","","","","","","","",0.9,
1527,"","","","","","","","","","","","","","",2420.4,"","","","","","","","","","","","","","",0.9,
1528,"","","","","","","","","","","","","","",2421.3,"","","","","","","","","","","","","","",0.9,
1529,"","","","","","","","","","","","","","",2422.2,"","","","","","","","","","","","","","",0.9,
1530,"","","","","","","","","","","","","","",2423.2,"","","","","","","","","","","","","","",0.9,
1531,"","","","","","","","","","","","","","",2424.1,"","","","","","","","","","","","","","",0.9,
1532,"","","","","","","","","","","","","","",2425,"","","","","","","","","","","","","","",0.9,
1533,"","","","","","","","","","","","","","",2425.9,"","","","","","","","","","","","","","",0.9,
1534,"","","","","","","","","","","","","","",2441.8,"","","","","","","","","","","","","","",15.9,
1535,"","","","","","","","","","","","","","",2442.2,"","","","","","","","","","","","","","",0.4,
1536,"","","","","","","","","","","","","","",2442.5,"","","","","","","","","","","","","","",0.4,
1537,"","","","","","","","","","","","","","",2442.9,"","","","","","","","","","","","","","",0.4,
1538,"","","","","","","","","","","","","","",2443.3,"","","","","","","","","","","","","","",0.4,
1539,"","","","","","","","","","","","","","",2443.6,"","","","","","","","","","","","","","",0.4,
1540,"","","","","","","","","","","","","","",2444,"","","","","","","","","","","","","","",0.4,
1541,"","","","","","","","","","","","","","",2444.4,"","","","","","","","","","","","","","",0.4,
1542,"","","","","","","","","","","","","","",2444.7,"","","","","","","","","","","","","","",0.4,
1543,"","","","","","","","","","","","","","",2445.1,"","","","","","","","","","","","","","",0.4,
1544,"","","","","","","","","","","","","","",2445.5,"","","","","","","","","","","","","","",0.4,
1545,"","","","","","","","","","","","","","",2445.8,"","","","","","","","","","","","","","",0.4,
1546,"","","","","","","","","","","","","","",2446.2,"","","","","","","","","","","","","","",0.4,
1547,"","","","","","","","","","","","","","",2446.6,"","","","","","","","","","","","","","",0.4,
1548,"","","","","","","","","","","","","","",2446.9,"","","","","","","","","","","","","","",0.4,
1549,"","","","","","","","","","","","","","",2447.3,"","","","","","","","","","","","","","",0.4,
1550,"","","","","","","","","","","","","","",2447.7,"","","","","","","","","","","","","","",0.4,
1551,"","","","","","","","","","","","","","",2448,"","","","","","","","","","","","","","",0.4,
1552,"","","","","","","","","","","","","","",2448.4,"","","","","","","","","","","","","","",0.4,
1553,"","","","","","","","","","","","","","",2448.8,"","","","","","","","","","","","","","",0.4,
1554,"","","","","","","","","","","","","","",2449.1,"","","","","","","","","","","","","","",0.4,
1555,"","","","","","","","","","","","","","",2451.1,"","","","","","","","","","","","","","",2,
1556,"","","","","","","","","","","","","","",2453.6,"","","","","","","","","","","","","","",2.4,
1557,"","","","","","","","","","","","","","",2456,"","","","","","","","","","","","","","",2.4,
1558,"","","","","","","","","","","","","","",2472.4,"","","","","","","","","","","","","","",16.5,
1559,"","","","","","","","","","","","","","",2472.8,"","","","","","","","","","","","","","",0.4,
1560,"","","","","","","","","","","","","","",2473.2,"","","","","","","","","","","","","","",0.4,
1561,"","","","","","","","","","","","","","",2473.6,"","","","","","","","","","","","","","",0.4,
1562,"","","","","","","","","","","","","","",2474,"","","","","","","","","","","","","","",0.4,
1563,"","","","","","","","","","","","","","",2474.4,"","","","","","","","","","","","","","",0.4,
1564,"","","","","","","","","","","","","","",2474.8,"","","","","","","","","","","","","","",0.4,
1565,"","","","","","","","","","","","","","",2475.2,"","","","","","","","","","","","","","",0.4,
1566,"","","","","","","","","","","","","","",2475.6,"","","","","","","","","","","","","","",0.4,
1567,"","","","","","","","","","","","","","",2476,"","","","","","","","","","","","","","",0.4,
1568,"","","","","","","","","","","","","","",2476.4,"","","","","","","","","","","","","","",0.4,
1569,"","","","","","","","","","","","","","",2476.8,"","","","","","","","","","","","","","",0.4,
1570,"","","","","","","","","","","","","","",2477.2,"","","","","","","","","","","","","","",0.4,
1571,"","","","","","","","","","","","","","",2477.6,"","","","","","","","","","","","","","",0.4,
1572,"","","","","","","","","","","","","","",2478,"","","","","","","","","","","","","","",0.4,
1573,"","","","","","","","","","","","","","",2478.4,"","","","","","","","","","","","","","",0.4,
1574,"","","","","","","","","","","","","","",2478.8,"","","","","","","","","","","","","","",0.4,
1575,"","","","","","","","","","","","","","",2479.2,"","","","","","","","","","","","","","",0.4,
1576,"","","","","","","","","","","","","","",2479.6,"","","","","","","","","","","","","","",0.4,
1577,"","","","","","","","","","","","","","",2480.4,"","","","","","","","","","","","","","",0.9,
1578,"","","","","","","","","","","","","","",2482,"","","","","","","","","","","","","","",1.6,
1579,"","","","","","","","","","","","","","",2483.6,"","","","","","","","","","","","","","",1.6,
1580,"","","","","","","","","","","","","","",2485.2,"","","","","","","","","","","","","","",1.6,
1581,"","","","","","","","","","","","","","",2486.8,"","","","","","","","","","","","","","",1.6,
1582,"","","","","","","","","","","","","","",2503,"","","","","","","","","","","","","","",16.2,
1583,"","","","","","","","","","","","","","",2503.5,"","","","","","","","","","","","","","",0.5,
1584,"","","","","","","","","","","","","","",2504,"","","","","","","","","","","","","","",0.5,
1585,"","","","","","","","","","","","","","",2504.5,"","","","","","","","","","","","","","",0.5,
1586,"","","","","","","","","","","","","","",2505,"","","","","","","","","","","","","","",0.5,
1587,"","","","","","","","","","","","","","",2505.4,"","","","","","","","","","","","","","",0.5,
1588,"","","","","","","","","","","","","","",2505.9,"","","","","","","","","","","","","","",0.5,
1589,"","","","","","","","","","","","","","",2506.4,"","","","","","","","","","","","","","",0.5,
1590,"","","","","","","","","","","","","","",2506.9,"","","","","","","","","","","","","","",0.5,
1591,"","","","","","","","","","","","","","",2507.4,"","","","","","","","","","","","","","",0.5,
1592,"","","","","","","","","","","","","","",2507.9,"","","","","","","","","","","","","","",0.5,
1593,"","","","","","","","","","","","","","",2508.4,"","","","","","","","","","","","","","",0.5,
1594,"","","","","","","","","","","","","","",2508.8,"","","","","","","","","","","","","","",0.5,
1595,"","","","","","","","","","","","","","",2509.3,"","","","","","","","","","","","","","",0.5,
1596,"","","","","","","","","","","","","","",2509.8,"","","","","","","","","","","","","","",0.5,
1597,"","","","","","","","","","","","","","",2510.3,"","","","","","","","","","","","","","",0.5,
1598,"","","","","","","","","","","","","","",2511.2,"","","","","","","","","","","","","","",0.9,
1599,"","","","","","","","","","","","","","",2512.1,"","","","","","","","","","","","","","",0.9,
1600,"","","","","","","","","","","","","","",2513,"","","","","","","","","","","","","","",0.9,
1601,"","","","","","","","","","","","","","",2513.9,"","","","","","","","","","","","","","",0.9,
1602,"","","","","","","","","","","","","","",2514.8,"","","","","","","","","","","","","","",0.9,
1603,"","","","","","","","","","","","","","",2515.8,"","","","","","","","","","","","","","",0.9,
1604,"","","","","","","","","","","","","","",2516.7,"","","","","","","","","","","","","","",0.9,
1605,"","","","","","","","","","","","","","",2517.6,"","","","","","","","","","","","","","",0.9,
1606,"","","","","","","","","","","","","","",2525.9,"","","","","","","","","","","","","","",8.3,
1607,"","","","","","","","","","","","","","",2526.5,"","","","","","","","","","","","","","",0.6,
1608,"","","","","","","","","","","","","","",2527,"","","","","","","","","","","","","","",0.6,
1609,"","","","","","","","","","","","","","",2527.6,"","","","","","","","","","","","","","",0.6,
1610,"","","","","","","","","","","","","","",2528.1,"","","","","","","","","","","","","","",0.6,
1611,"","","","","","","","","","","","","","",2528.7,"","","","","","","","","","","","","","",0.6,
1612,"","","","","","","","","","","","","","",2529.2,"","","","","","","","","","","","","","",0.6,
1613,"","","","","","","","","","","","","","",2529.8,"","","","","","","","","","","","","","",0.6,
1614,"","","","","","","","","","","","","","",2530.3,"","","","","","","","","","","","","","",0.6,
1615,"","","","","","","","","","","","","","",2530.9,"","","","","","","","","","","","","","",0.6,
1616,"","","","","","","","","","","","","","",2531.5,"","","","","","","","","","","","","","",0.6,
1617,"","","","","","","","","","","","","","",2532,"","","","","","","","","","","","","","",0.6,
1618,"","","","","","","","","","","","","","",2532.6,"","","","","","","","","","","","","","",0.6,
1619,"","","","","","","","","","","","","","",2533.1,"","","","","","","","","","","","","","",0.6,
1620,"","","","","","","","","","","","","","",2534,"","","","","","","","","","","","","","",0.9,
1621,"","","","","","","","","","","","","","",2534.9,"","","","","","","","","","","","","","",0.9,
1622,"","","","","","","","","","","","","","",2535.9,"","","","","","","","","","","","","","",0.9,
1623,"","","","","","","","","","","","","","",2536.8,"","","","","","","","","","","","","","",0.9,
1624,"","","","","","","","","","","","","","",2537.8,"","","","","","","","","","","","","","",0.9,
1625,"","","","","","","","","","","","","","",2538.7,"","","","","","","","","","","","","","",0.9,
1626,"","","","","","","","","","","","","","",2539.6,"","","","","","","","","","","","","","",0.9,
1627,"","","","","","","","","","","","","","",2540.6,"","","","","","","","","","","","","","",0.9,
1628,"","","","","","","","","","","","","","",2543.5,"","","","","","","","","","","","","","",2.9,
1629,"","","","","","","","","","","","","","",2547.2,"","","","","","","","","","","","","","",3.7,
1630,"","","","","","","","","","","","","","",2564.2,"","","","","","","","","","","","","","",17,
1631,"","","","","","","","","","","","","","",2564.6,"","","","","","","","","","","","","","",0.4,
1632,"","","","","","","","","","","","","","",2565,"","","","","","","","","","","","","","",0.4,
1633,"","","","","","","","","","","","","","",2565.4,"","","","","","","","","","","","","","",0.4,
1634,"","","","","","","","","","","","","","",2565.9,"","","","","","","","","","","","","","",0.4,
1635,"","","","","","","","","","","","","","",2566.3,"","","","","","","","","","","","","","",0.4,
1636,"","","","","","","","","","","","","","",2566.7,"","","","","","","","","","","","","","",0.4,
1637,"","","","","","","","","","","","","","",2567.1,"","","","","","","","","","","","","","",0.4,
1638,"","","","","","","","","","","","","","",2567.6,"","","","","","","","","","","","","","",0.4,
1639,"","","","","","","","","","","","","","",2568,"","","","","","","","","","","","","","",0.4,
1640,"","","","","","","","","","","","","","",2568.4,"","","","","","","","","","","","","","",0.4,
1641,"","","","","","","","","","","","","","",2568.8,"","","","","","","","","","","","","","",0.4,
1642,"","","","","","","","","","","","","","",2569.3,"","","","","","","","","","","","","","",0.4,
1643,"","","","","","","","","","","","","","",2569.7,"","","","","","","","","","","","","","",0.4,
1644,"","","","","","","","","","","","","","",2570.1,"","","","","","","","","","","","","","",0.4,
1645,"","","","","","","","","","","","","","",2570.5,"","","","","","","","","","","","","","",0.4,
1646,"","","","","","","","","","","","","","",2571,"","","","","","","","","","","","","","",0.4,
1647,"","","","","","","","","","","","","","",2571.4,"","","","","","","","","","","","","","",0.4,
1648,"","","","","","","","","","","","","","",2572.3,"","","","","","","","","","","","","","",1,
1649,"","","","","","","","","","","","","","",2573.8,"","","","","","","","","","","","","","",1.5,
1650,"","","","","","","","","","","","","","",2575.3,"","","","","","","","","","","","","","",1.5,
1651,"","","","","","","","","","","","","","",2576.8,"","","","","","","","","","","","","","",1.5,
1652,"","","","","","","","","","","","","","",2578.3,"","","","","","","","","","","","","","",1.5,
1653,"","","","","","","","","","","","","","",2583.2,"","","","","","","","","","","","","","",4.8,
1654,"","","","","","","","","","","","","","",2595.2,"","","","","","","","","","","","","","",12,
1655,"","","","","","","","","","","","","","",2596,"","","","","","","","","","","","","","",0.8,
1656,"","","","","","","","","","","","","","",2596.7,"","","","","","","","","","","","","","",0.8,
1657,"","","","","","","","","","","","","","",2597.5,"","","","","","","","","","","","","","",0.8,
1658,"","","","","","","","","","","","","","",2598.3,"","","","","","","","","","","","","","",0.8,
1659,"","","","","","","","","","","","","","",2599.1,"","","","","","","","","","","","","","",0.8,
1660,"","","","","","","","","","","","","","",2599.8,"","","","","","","","","","","","","","",0.8,
1661,"","","","","","","","","","","","","","",2600.6,"","","","","","","","","","","","","","",0.8,
1662,"","","","","","","","","","","","","","",2601.4,"","","","","","","","","","","","","","",0.8,
1663,"","","","","","","","","","","","","","",2602.2,"","","","","","","","","","","","","","",0.8,
1664,"","","","","","","","","","","","","","",2603,"","","","","","","","","","","","","","",0.8,
1665,"","","","","","","","","","","","","","",2603.8,"","","","","","","","","","","","","","",0.8,
1666,"","","","","","","","","","","","","","",2604.5,"","","","","","","","","","","","","","",0.8,
1667,"","","","","","","","","","","","","","",2605.3,"","","","","","","","","","","","","","",0.8,
1668,"","","","","","","","","","","","","","",2606.1,"","","","","","","","","","","","","","",0.8,
1669,"","","","","","","","","","","","","","",2606.9,"","","","","","","","","","","","","","",0.8,
1670,"","","","","","","","","","","","","","",2607.7,"","","","","","","","","","","","","","",0.8,
1671,"","","","","","","","","","","","","","",2608.5,"","","","","","","","","","","","","","",0.8,
1672,"","","","","","","","","","","","","","",2609.3,"","","","","","","","","","","","","","",0.8,
1673,"","","","","","","","","","","","","","",2610.1,"","","","","","","","","","","","","","",0.8,
1674,"","","","","","","","","","","","","","",2611.9,"","","","","","","","","","","","","","",1.7,
1675,"","","","","","","","","","","","","","",2613.6,"","","","","","","","","","","","","","",1.7,
1676,"","","","","","","","","","","","","","",2615.4,"","","","","","","","","","","","","","",1.7,
1677,"","","","","","","","","","","","","","",2617.1,"","","","","","","","","","","","","","",1.7,
1678,"","","","","","","","","","","","","","",2625.8,"","","","","","","","","","","","","","",8.7,
1679,"","","","","","","","","","","","","","",2626.2,"","","","","","","","","","","","","","",0.5,
1680,"","","","","","","","","","","","","","",2626.7,"","","","","","","","","","","","","","",0.5,
1681,"","","","","","","","","","","","","","",2627.2,"","","","","","","","","","","","","","",0.5,
1682,"","","","","","","","","","","","","","",2627.7,"","","","","","","","","","","","","","",0.5,
1683,"","","","","","","","","","","","","","",2628.1,"","","","","","","","","","","","","","",0.5,
1684,"","","","","","","","","","","","","","",2628.6,"","","","","","","","","","","","","","",0.5,
1685,"","","","","","","","","","","","","","",2629.1,"","","","","","","","","","","","","","",0.5,
1686,"","","","","","","","","","","","","","",2629.6,"","","","","","","","","","","","","","",0.5,
1687,"","","","","","","","","","","","","","",2630,"","","","","","","","","","","","","","",0.5,
1688,"","","","","","","","","","","","","","",2630.5,"","","","","","","","","","","","","","",0.5,
1689,"","","","","","","","","","","","","","",2631,"","","","","","","","","","","","","","",0.5,
1690,"","","","","","","","","","","","","","",2631.5,"","","","","","","","","","","","","","",0.5,
1691,"","","","","","","","","","","","","","",2631.9,"","","","","","","","","","","","","","",0.5,
1692,"","","","","","","","","","","","","","",2632.4,"","","","","","","","","","","","","","",0.5,
1693,"","","","","","","","","","","","","","",2632.9,"","","","","","","","","","","","","","",0.5,
1694,"","","","","","","","","","","","","","",2633.7,"","","","","","","","","","","","","","",0.8,
1695,"","","","","","","","","","","","","","",2635,"","","","","","","","","","","","","","",1.2,
1696,"","","","","","","","","","","","","","",2636.2,"","","","","","","","","","","","","","",1.2,
1697,"","","","","","","","","","","","","","",2637.4,"","","","","","","","","","","","","","",1.2,
1698,"","","","","","","","","","","","","","",2638.7,"","","","","","","","","","","","","","",1.2,
1699,"","","","","","","","","","","","","","",2639.9,"","","","","","","","","","","","","","",1.2,
1700,"","","","","","","","","","","","","","",2642.2,"","","","","","","","","","","","","","",2.3,
1701,"","","","","","","","","","","","","","",2646.8,"","","","","","","","","","","","","","",4.6,
1702,"","","","","","","","","","","","","","",2664.1,"","","","","","","","","","","","","","",17.3,
1703,"","","","","","","","","","","","","","",2664.5,"","","","","","","","","","","","","","",0.4,
1704,"","","","","","","","","","","","","","",2664.8,"","","","","","","","","","","","","","",0.4,
1705,"","","","","","","","","","","","","","",2665.2,"","","","","","","","","","","","","","",0.4,
1706,"","","","","","","","","","","","","","",2665.6,"","","","","","","","","","","","","","",0.4,
1707,"","","","","","","","","","","","","","",2666,"","","","","","","","","","","","","","",0.4,
1708,"","","","","","","","","","","","","","",2666.4,"","","","","","","","","","","","","","",0.4,
1709,"","","","","","","","","","","","","","",2666.8,"","","","","","","","","","","","","","",0.4,
1710,"","","","","","","","","","","","","","",2667.1,"","","","","","","","","","","","","","",0.4,
1711,"","","","","","","","","","","","","","",2667.5,"","","","","","","","","","","","","","",0.4,
1712,"","","","","","","","","","","","","","",2667.9,"","","","","","","","","","","","","","",0.4,
1713,"","","","","","","","","","","","","","",2668.3,"","","","","","","","","","","","","","",0.4,
1714,"","","","","","","","","","","","","","",2668.7,"","","","","","","","","","","","","","",0.4,
1715,"","","","","","","","","","","","","","",2669.1,"","","","","","","","","","","","","","",0.4,
1716,"","","","","","","","","","","","","","",2669.4,"","","","","","","","","","","","","","",0.4,
1717,"","","","","","","","","","","","","","",2669.8,"","","","","","","","","","","","","","",0.4,
1718,"","","","","","","","","","","","","","",2670.2,"","","","","","","","","","","","","","",0.4,
1719,"","","","","","","","","","","","","","",2670.6,"","","","","","","","","","","","","","",0.4,
1720,"","","","","","","","","","","","","","",2671,"","","","","","","","","","","","","","",0.4,
1721,"","","","","","","","","","","","","","",2671.3,"","","","","","","","","","","","","","",0.4,
1722,"","","","","","","","","","","","","","",2672.6,"","","","","","","","","","","","","","",1.3,
1723,"","","","","","","","","","","","","","",2674.6,"","","","","","","","","","","","","","",1.9,
1724,"","","","","","","","","","","","","","",2676.5,"","","","","","","","","","","","","","",1.9,
1725,"","","","","","","","","","","","","","",2678.5,"","","","","","","","","","","","","","",1.9,
1726,"","","","","","","","","","","","","","",2694.7,"","","","","","","","","","","","","","",16.3,
1727,"","","","","","","","","","","","","","",2695.1,"","","","","","","","","","","","","","",0.4,
1728,"","","","","","","","","","","","","","",2695.4,"","","","","","","","","","","","","","",0.4,
1729,"","","","","","","","","","","","","","",2695.8,"","","","","","","","","","","","","","",0.4,
1730,"","","","","","","","","","","","","","",2696.1,"","","","","","","","","","","","","","",0.4,
1731,"","","","","","","","","","","","","","",2696.5,"","","","","","","","","","","","","","",0.4,
1732,"","","","","","","","","","","","","","",2696.9,"","","","","","","","","","","","","","",0.4,
1733,"","","","","","","","","","","","","","",2697.2,"","","","","","","","","","","","","","",0.4,
1734,"","","","","","","","","","","","","","",2697.6,"","","","","","","","","","","","","","",0.4,
1735,"","","","","","","","","","","","","","",2697.9,"","","","","","","","","","","","","","",0.4,
1736,"","","","","","","","","","","","","","",2698.3,"","","","","","","","","","","","","","",0.4,
1737,"","","","","","","","","","","","","","",2698.7,"","","","","","","","","","","","","","",0.4,
1738,"","","","","","","","","","","","","","",2699,"","","","","","","","","","","","","","",0.4,
1739,"","","","","","","","","","","","","","",2699.4,"","","","","","","","","","","","","","",0.4,
1740,"","","","","","","","","","","","","","",2699.7,"","","","","","","","","","","","","","",0.4,
1741,"","","","","","","","","","","","","","",2700.1,"","","","","","","","","","","","","","",0.4,
1742,"","","","","","","","","","","","","","",2700.4,"","","","","","","","","","","","","","",0.4,
1743,"","","","","","","","","","","","","","",2700.8,"","","","","","","","","","","","","","",0.4,
1744,"","","","","","","","","","","","","","",2701.2,"","","","","","","","","","","","","","",0.4,
1745,"","","","","","","","","","","","","","",2701.5,"","","","","","","","","","","","","","",0.4,
1746,"","","","","","","","","","","","","","",2701.9,"","","","","","","","","","","","","","",0.4,
1747,"","","","","","","","","","","","","","",2702.9,"","","","","","","","","","","","","","",1.1,
1748,"","","","","","","","","","","","","","",2705.8,"","","","","","","","","","","","","","",2.9,
1749,"","","","","","","","","","","","","","",2708.7,"","","","","","","","","","","","","","",2.9,
1750,"","","","","","","","","","","","","","",2725.3,"","","","","","","","","","","","","","",16.6,
1751,"","","","","","","","","","","","","","",2725.7,"","","","","","","","","","","","","","",0.3,
1752,"","","","","","","","","","","","","","",2726,"","","","","","","","","","","","","","",0.3,
1753,"","","","","","","","","","","","","","",2726.4,"","","","","","","","","","","","","","",0.3,
1754,"","","","","","","","","","","","","","",2726.7,"","","","","","","","","","","","","","",0.3,
1755,"","","","","","","","","","","","","","",2727,"","","","","","","","","","","","","","",0.3,
1756,"","","","","","","","","","","","","","",2727.4,"","","","","","","","","","","","","","",0.3,
1757,"","","","","","","","","","","","","","",2727.7,"","","","","","","","","","","","","","",0.3,
1758,"","","","","","","","","","","","","","",2728.1,"","","","","","","","","","","","","","",0.3,
1759,"","","","","","","","","","","","","","",2728.4,"","","","","","","","","","","","","","",0.3,
1760,"","","","","","","","","","","","","","",2728.8,"","","","","","","","","","","","","","",0.3,
1761,"","","","","","","","","","","","","","",2729.1,"","","","","","","","","","","","","","",0.3,
1762,"","","","","","","","","","","","","","",2729.5,"","","","","","","","","","","","","","",0.3,
1763,"","","","","","","","","","","","","","",2729.8,"","","","","","","","","","","","","","",0.3,
1764,"","","","","","","","","","","","","","",2730.2,"","","","","","","","","","","","","","",0.3,
1765,"","","","","","","","","","","","","","",2730.5,"","","","","","","","","","","","","","",0.3,
1766,"","","","","","","","","","","","","","",2730.9,"","","","","","","","","","","","","","",0.3,
1767,"","","","","","","","","","","","","","",2731.2,"","","","","","","","","","","","","","",0.3,
1768,"","","","","","","","","","","","","","",2731.6,"","","","","","","","","","","","","","",0.3,
1769,"","","","","","","","","","","","","","",2731.9,"","","","","","","","","","","","","","",0.3,
1770,"","","","","","","","","","","","","","",2732.3,"","","","","","","","","","","","","","",0.3,
1771,"","","","","","","","","","","","","","",2732.6,"","","","","","","","","","","","","","",0.3,
1772,"","","","","","","","","","","","","","",2735,"","","","","","","","","","","","","","",2.4,
1773,"","","","","","","","","","","","","","",2738.9,"","","","","","","","","","","","","","",3.9,
1774,"","","","","","","","","","","","","","",2748.3,"","","","","","","","","","","","","","",9.3,
1775,"","","","","","","","","","","","","","",2748.6,"","","","","","","","","","","","","","",0.3,
1776,"","","","","","","","","","","","","","",2748.9,"","","","","","","","","","","","","","",0.3,
1777,"","","","","","","","","","","","","","",2749.2,"","","","","","","","","","","","","","",0.3,
1778,"","","","","","","","","","","","","","",2749.5,"","","","","","","","","","","","","","",0.3,
1779,"","","","","","","","","","","","","","",2749.9,"","","","","","","","","","","","","","",0.3,
1780,"","","","","","","","","","","","","","",2750.2,"","","","","","","","","","","","","","",0.3,
1781,"","","","","","","","","","","","","","",2750.5,"","","","","","","","","","","","","","",0.3,
1782,"","","","","","","","","","","","","","",2750.8,"","","","","","","","","","","","","","",0.3,
1783,"","","","","","","","","","","","","","",2751.1,"","","","","","","","","","","","","","",0.3,
1784,"","","","","","","","","","","","","","",2751.4,"","","","","","","","","","","","","","",0.3,
1785,"","","","","","","","","","","","","","",2751.8,"","","","","","","","","","","","","","",0.3,
1786,"","","","","","","","","","","","","","",2752.1,"","","","","","","","","","","","","","",0.3,
1787,"","","","","","","","","","","","","","",2752.4,"","","","","","","","","","","","","","",0.3,
1788,"","","","","","","","","","","","","","",2752.7,"","","","","","","","","","","","","","",0.3,
1789,"","","","","","","","","","","","","","",2753,"","","","","","","","","","","","","","",0.3,
1790,"","","","","","","","","","","","","","",2753.4,"","","","","","","","","","","","","","",0.3,
1791,"","","","","","","","","","","","","","",2753.7,"","","","","","","","","","","","","","",0.3,
1792,"","","","","","","","","","","","","","",2754,"","","","","","","","","","","","","","",0.3,
1793,"","","","","","","","","","","","","","",2754.3,"","","","","","","","","","","","","","",0.3,
1794,"","","","","","","","","","","","","","",2754.6,"","","","","","","","","","","","","","",0.3,
1795,"","","","","","","","","","","","","","",2754.9,"","","","","","","","","","","","","","",0.3,
1796,"","","","","","","","","","","","","","",2755.3,"","","","","","","","","","","","","","",0.3,
1797,"","","","","","","","","","","","","","",2755.6,"","","","","","","","","","","","","","",0.3,
1798,"","","","","","","","","","","","","","",2771.2,"","","","","","","","","","","","","","",15.7,
1799,"","","","","","","","","","","","","","",2771.6,"","","","","","","","","","","","","","",0.3,
1800,"","","","","","","","","","","","","","",2771.9,"","","","","","","","","","","","","","",0.3,
1801,"","","","","","","","","","","","","","",2772.2,"","","","","","","","","","","","","","",0.3,
1802,"","","","","","","","","","","","","","",2772.5,"","","","","","","","","","","","","","",0.3,
1803,"","","","","","","","","","","","","","",2772.8,"","","","","","","","","","","","","","",0.3,
1804,"","","","","","","","","","","","","","",2773.1,"","","","","","","","","","","","","","",0.3,
1805,"","","","","","","","","","","","","","",2773.5,"","","","","","","","","","","","","","",0.3,
1806,"","","","","","","","","","","","","","",2773.8,"","","","","","","","","","","","","","",0.3,
1807,"","","","","","","","","","","","","","",2774.1,"","","","","","","","","","","","","","",0.3,
1808,"","","","","","","","","","","","","","",2774.4,"","","","","","","","","","","","","","",0.3,
1809,"","","","","","","","","","","","","","",2774.7,"","","","","","","","","","","","","","",0.3,
1810,"","","","","","","","","","","","","","",2775,"","","","","","","","","","","","","","",0.3,
1811,"","","","","","","","","","","","","","",2775.4,"","","","","","","","","","","","","","",0.3,
1812,"","","","","","","","","","","","","","",2775.7,"","","","","","","","","","","","","","",0.3,
1813,"","","","","","","","","","","","","","",2776,"","","","","","","","","","","","","","",0.3,
1814,"","","","","","","","","","","","","","",2776.3,"","","","","","","","","","","","","","",0.3,
1815,"","","","","","","","","","","","","","",2776.6,"","","","","","","","","","","","","","",0.3,
1816,"","","","","","","","","","","","","","",2776.9,"","","","","","","","","","","","","","",0.3,
1817,"","","","","","","","","","","","","","",2777.3,"","","","","","","","","","","","","","",0.3,
1818,"","","","","","","","","","","","","","",2777.6,"","","","","","","","","","","","","","",0.3,
1819,"","","","","","","","","","","","","","",2777.9,"","","","","","","","","","","","","","",0.3,
1820,"","","","","","","","","","","","","","",2778.2,"","","","","","","","","","","","","","",0.3,
1821,"","","","","","","","","","","","","","",2778.5,"","","","","","","","","","","","","","",0.3,
1822,"","","","","","","","","","","","","","",2794.2,"","","","","","","","","","","","","","",15.7,
1823,"","","","","","","","","","","","","","",2794.7,"","","","","","","","","","","","","","",0.5,
1824,"","","","","","","","","","","","","","",2795.2,"","","","","","","","","","","","","","",0.5,
1825,"","","","","","","","","","","","","","",2795.7,"","","","","","","","","","","","","","",0.5,
1826,"","","","","","","","","","","","","","",2796.1,"","","","","","","","","","","","","","",0.5,
1827,"","","","","","","","","","","","","","",2796.6,"","","","","","","","","","","","","","",0.5,
1828,"","","","","","","","","","","","","","",2797.1,"","","","","","","","","","","","","","",0.5,
1829,"","","","","","","","","","","","","","",2797.6,"","","","","","","","","","","","","","",0.5,
1830,"","","","","","","","","","","","","","",2798.1,"","","","","","","","","","","","","","",0.5,
1831,"","","","","","","","","","","","","","",2798.5,"","","","","","","","","","","","","","",0.5,
1832,"","","","","","","","","","","","","","",2799,"","","","","","","","","","","","","","",0.5,
1833,"","","","","","","","","","","","","","",2799.5,"","","","","","","","","","","","","","",0.5,
1834,"","","","","","","","","","","","","","",2800,"","","","","","","","","","","","","","",0.5,
1835,"","","","","","","","","","","","","","",2800.4,"","","","","","","","","","","","","","",0.5,
1836,"","","","","","","","","","","","","","",2800.9,"","","","","","","","","","","","","","",0.5,
1837,"","","","","","","","","","","","","","",2801.4,"","","","","","","","","","","","","","",0.5,
1838,"","","","","","","","","","","","","","",2802.2,"","","","","","","","","","","","","","",0.8,
1839,"","","","","","","","","","","","","","",2803.2,"","","","","","","","","","","","","","",0.9,
1840,"","","","","","","","","","","","","","",2804.1,"","","","","","","","","","","","","","",0.9,
1841,"","","","","","","","","","","","","","",2805,"","","","","","","","","","","","","","",0.9,
1842,"","","","","","","","","","","","","","",2806,"","","","","","","","","","","","","","",0.9,
1843,"","","","","","","","","","","","","","",2806.9,"","","","","","","","","","","","","","",0.9,
1844,"","","","","","","","","","","","","","",2807.9,"","","","","","","","","","","","","","",0.9,
1845,"","","","","","","","","","","","","","",2808.8,"","","","","","","","","","","","","","",0.9,
1846,"","","","","","","","","","","","","","",2822.5,"","","","","","","","","","","","","","",13.7,
1847,"","","","","","","","","","","","","","",2824.7,"","","","","","","","","","","","","","",2.2,
1848,"","","","","","","","","","","","","","",2825,"","","","","","","","","","","","","","",0.3,
1849,"","","","","","","","","","","","","","",2825.3,"","","","","","","","","","","","","","",0.3,
1850,"","","","","","","","","","","","","","",2825.7,"","","","","","","","","","","","","","",0.3,
1851,"","","","","","","","","","","","","","",2826,"","","","","","","","","","","","","","",0.3,
1852,"","","","","","","","","","","","","","",2826.3,"","","","","","","","","","","","","","",0.3,
1853,"","","","","","","","","","","","","","",2826.7,"","","","","","","","","","","","","","",0.3,
1854,"","","","","","","","","","","","","","",2827,"","","","","","","","","","","","","","",0.3,
1855,"","","","","","","","","","","","","","",2827.3,"","","","","","","","","","","","","","",0.3,
1856,"","","","","","","","","","","","","","",2827.7,"","","","","","","","","","","","","","",0.3,
1857,"","","","","","","","","","","","","","",2828,"","","","","","","","","","","","","","",0.3,
1858,"","","","","","","","","","","","","","",2828.3,"","","","","","","","","","","","","","",0.3,
1859,"","","","","","","","","","","","","","",2828.6,"","","","","","","","","","","","","","",0.3,
1860,"","","","","","","","","","","","","","",2829,"","","","","","","","","","","","","","",0.3,
1861,"","","","","","","","","","","","","","",2829.3,"","","","","","","","","","","","","","",0.3,
1862,"","","","","","","","","","","","","","",2829.6,"","","","","","","","","","","","","","",0.3,
1863,"","","","","","","","","","","","","","",2830,"","","","","","","","","","","","","","",0.3,
1864,"","","","","","","","","","","","","","",2830.3,"","","","","","","","","","","","","","",0.3,
1865,"","","","","","","","","","","","","","",2830.6,"","","","","","","","","","","","","","",0.3,
1866,"","","","","","","","","","","","","","",2831,"","","","","","","","","","","","","","",0.3,
1867,"","","","","","","","","","","","","","",2831.3,"","","","","","","","","","","","","","",0.3,
1868,"","","","","","","","","","","","","","",2831.6,"","","","","","","","","","","","","","",0.3,
1869,"","","","","","","","","","","","","","",2832,"","","","","","","","","","","","","","",0.3,
1870,"","","","","","","","","","","","","","",2832.3,"","","","","","","","","","","","","","",0.3,
1871,"","","","","","","","","","","","","","",2832.6,"","","","","","","","","","","","","","",0.3,
1872,"","","","","","","","","","","","","","",2832.9,"","","","","","","","","","","","","","",0.3,
1873,"","","","","","","","","","","","","","",2833.2,"","","","","","","","","","","","","","",0.3,
1874,"","","","","","","","","","","","","","",2833.6,"","","","","","","","","","","","","","",0.3,
1875,"","","","","","","","","","","","","","",2833.9,"","","","","","","","","","","","","","",0.3,
1876,"","","","","","","","","","","","","","",2834.2,"","","","","","","","","","","","","","",0.3,
1877,"","","","","","","","","","","","","","",2834.5,"","","","","","","","","","","","","","",0.3,
1878,"","","","","","","","","","","","","","",2834.8,"","","","","","","","","","","","","","",0.3,
1879,"","","","","","","","","","","","","","",2835.2,"","","","","","","","","","","","","","",0.3,
1880,"","","","","","","","","","","","","","",2835.5,"","","","","","","","","","","","","","",0.3,
1881,"","","","","","","","","","","","","","",2835.8,"","","","","","","","","","","","","","",0.3,
1882,"","","","","","","","","","","","","","",2836.1,"","","","","","","","","","","","","","",0.3,
1883,"","","","","","","","","","","","","","",2836.5,"","","","","","","","","","","","","","",0.3,
1884,"","","","","","","","","","","","","","",2836.8,"","","","","","","","","","","","","","",0.3,
1885,"","","","","","","","","","","","","","",2837.1,"","","","","","","","","","","","","","",0.3,
1886,"","","","","","","","","","","","","","",2837.4,"","","","","","","","","","","","","","",0.3,
1887,"","","","","","","","","","","","","","",2837.7,"","","","","","","","","","","","","","",0.3,
1888,"","","","","","","","","","","","","","",2838.1,"","","","","","","","","","","","","","",0.3,
1889,"","","","","","","","","","","","","","",2838.4,"","","","","","","","","","","","","","",0.3,
1890,"","","","","","","","","","","","","","",2838.7,"","","","","","","","","","","","","","",0.3,
1891,"","","","","","","","","","","","","","",2839,"","","","","","","","","","","","","","",0.3,
1892,"","","","","","","","","","","","","","",2839.3,"","","","","","","","","","","","","","",0.3,
1893,"","","","","","","","","","","","","","",2839.7,"","","","","","","","","","","","","","",0.3,
1894,"","","","","","","","","","","","","","",2847.7,"","","","","","","","","","","","","","",8.1,
1895,"","","","","","","","","","","","","","",2848.1,"","","","","","","","","","","","","","",0.3,
1896,"","","","","","","","","","","","","","",2848.4,"","","","","","","","","","","","","","",0.3,
1897,"","","","","","","","","","","","","","",2848.7,"","","","","","","","","","","","","","",0.3,
1898,"","","","","","","","","","","","","","",2849.1,"","","","","","","","","","","","","","",0.3,
1899,"","","","","","","","","","","","","","",2849.4,"","","","","","","","","","","","","","",0.3,
1900,"","","","","","","","","","","","","","",2849.8,"","","","","","","","","","","","","","",0.3,
1901,"","","","","","","","","","","","","","",2850.1,"","","","","","","","","","","","","","",0.3,
1902,"","","","","","","","","","","","","","",2850.4,"","","","","","","","","","","","","","",0.3,
1903,"","","","","","","","","","","","","","",2850.8,"","","","","","","","","","","","","","",0.3,
1904,"","","","","","","","","","","","","","",2851.1,"","","","","","","","","","","","","","",0.3,
1905,"","","","","","","","","","","","","","",2851.4,"","","","","","","","","","","","","","",0.3,
1906,"","","","","","","","","","","","","","",2851.8,"","","","","","","","","","","","","","",0.3,
1907,"","","","","","","","","","","","","","",2852.1,"","","","","","","","","","","","","","",0.3,
1908,"","","","","","","","","","","","","","",2852.4,"","","","","","","","","","","","","","",0.3,
1909,"","","","","","","","","","","","","","",2852.8,"","","","","","","","","","","","","","",0.3,
1910,"","","","","","","","","","","","","","",2853.1,"","","","","","","","","","","","","","",0.3,
1911,"","","","","","","","","","","","","","",2853.4,"","","","","","","","","","","","","","",0.3,
1912,"","","","","","","","","","","","","","",2853.8,"","","","","","","","","","","","","","",0.3,
1913,"","","","","","","","","","","","","","",2854.1,"","","","","","","","","","","","","","",0.3,
1914,"","","","","","","","","","","","","","",2854.4,"","","","","","","","","","","","","","",0.3,
1915,"","","","","","","","","","","","","","",2854.8,"","","","","","","","","","","","","","",0.3,
1916,"","","","","","","","","","","","","","",2855.1,"","","","","","","","","","","","","","",0.3,
1917,"","","","","","","","","","","","","","",2860,"","","","","","","","","","","","","","",4.9,
1918,"","","","","","","","","","","","","","",2870.8,"","","","","","","","","","","","","","",10.8,
1919,"","","","","","","","","","","","","","",2871.2,"","","","","","","","","","","","","","",0.4,
1920,"","","","","","","","","","","","","","",2871.5,"","","","","","","","","","","","","","",0.4,
1921,"","","","","","","","","","","","","","",2871.9,"","","","","","","","","","","","","","",0.4,
1922,"","","","","","","","","","","","","","",2872.3,"","","","","","","","","","","","","","",0.4,
1923,"","","","","","","","","","","","","","",2872.6,"","","","","","","","","","","","","","",0.4,
1924,"","","","","","","","","","","","","","",2873,"","","","","","","","","","","","","","",0.4,
1925,"","","","","","","","","","","","","","",2873.3,"","","","","","","","","","","","","","",0.4,
1926,"","","","","","","","","","","","","","",2873.7,"","","","","","","","","","","","","","",0.4,
1927,"","","","","","","","","","","","","","",2874,"","","","","","","","","","","","","","",0.4,
1928,"","","","","","","","","","","","","","",2874.4,"","","","","","","","","","","","","","",0.4,
1929,"","","","","","","","","","","","","","",2874.7,"","","","","","","","","","","","","","",0.4,
1930,"","","","","","","","","","","","","","",2875.1,"","","","","","","","","","","","","","",0.4,
1931,"","","","","","","","","","","","","","",2875.4,"","","","","","","","","","","","","","",0.4,
1932,"","","","","","","","","","","","","","",2875.8,"","","","","","","","","","","","","","",0.4,
1933,"","","","","","","","","","","","","","",2876.2,"","","","","","","","","","","","","","",0.4,
1934,"","","","","","","","","","","","","","",2876.5,"","","","","","","","","","","","","","",0.4,
1935,"","","","","","","","","","","","","","",2876.9,"","","","","","","","","","","","","","",0.4,
1936,"","","","","","","","","","","","","","",2877.2,"","","","","","","","","","","","","","",0.4,
1937,"","","","","","","","","","","","","","",2877.6,"","","","","","","","","","","","","","",0.4,
1938,"","","","","","","","","","","","","","",2877.9,"","","","","","","","","","","","","","",0.4,
1939,"","","","","","","","","","","","","","",2878.5,"","","","","","","","","","","","","","",0.6,
1940,"","","","","","","","","","","","","","",2881.6,"","","","","","","","","","","","","","",3.1,
1941,"","","","","","","","","","","","","","",2884.7,"","","","","","","","","","","","","","",3.1,
1942,"","","","","","","","","","","","","","",2886.1,"","","","","","","","","","","","","","",1.4,
1943,"","","","","","","","","","","","","","",2886.4,"","","","","","","","","","","","","","",0.3,
1944,"","","","","","","","","","","","","","",2886.7,"","","","","","","","","","","","","","",0.3,
1945,"","","","","","","","","","","","","","",2887,"","","","","","","","","","","","","","",0.3,
1946,"","","","","","","","","","","","","","",2887.3,"","","","","","","","","","","","","","",0.3,
1947,"","","","","","","","","","","","","","",2887.7,"","","","","","","","","","","","","","",0.3,
1948,"","","","","","","","","","","","","","",2888,"","","","","","","","","","","","","","",0.3,
1949,"","","","","","","","","","","","","","",2888.3,"","","","","","","","","","","","","","",0.3,
1950,"","","","","","","","","","","","","","",2888.6,"","","","","","","","","","","","","","",0.3,
1951,"","","","","","","","","","","","","","",2888.9,"","","","","","","","","","","","","","",0.3,
1952,"","","","","","","","","","","","","","",2889.2,"","","","","","","","","","","","","","",0.3,
1953,"","","","","","","","","","","","","","",2889.6,"","","","","","","","","","","","","","",0.3,
1954,"","","","","","","","","","","","","","",2889.9,"","","","","","","","","","","","","","",0.3,
1955,"","","","","","","","","","","","","","",2890.2,"","","","","","","","","","","","","","",0.3,
1956,"","","","","","","","","","","","","","",2890.5,"","","","","","","","","","","","","","",0.3,
1957,"","","","","","","","","","","","","","",2890.8,"","","","","","","","","","","","","","",0.3,
1958,"","","","","","","","","","","","","","",2891.1,"","","","","","","","","","","","","","",0.3,
1959,"","","","","","","","","","","","","","",2891.5,"","","","","","","","","","","","","","",0.3,
1960,"","","","","","","","","","","","","","",2891.8,"","","","","","","","","","","","","","",0.3,
1961,"","","","","","","","","","","","","","",2892.1,"","","","","","","","","","","","","","",0.3,
1962,"","","","","","","","","","","","","","",2892.4,"","","","","","","","","","","","","","",0.3,
1963,"","","","","","","","","","","","","","",2892.7,"","","","","","","","","","","","","","",0.3,
1964,"","","","","","","","","","","","","","",2893,"","","","","","","","","","","","","","",0.3,
1965,"","","","","","","","","","","","","","",2893.4,"","","","","","","","","","","","","","",0.3,
1966,"","","","","","","","","","","","","","",2894.8,"","","","","","","","","","","","","","",1.5,
1967,"","","","","","","","","","","","","","",2897,"","","","","","","","","","","","","","",2.2,
1968,"","","","","","","","","","","","","","",2899.2,"","","","","","","","","","","","","","",2.2,
1969,"","","","","","","","","","","","","","",2901.4,"","","","","","","","","","","","","","",2.2,
1970,"","","","","","","","","","","","","","",2903.9,"","","","","","","","","","","","","","",2.5,
1971,"","","","","","","","","","","","","","",2906.4,"","","","","","","","","","","","","","",2.5,
1972,"","","","","","","","","","","","","","",2908.7,"","","","","","","","","","","","","","",2.3,
1973,"","","","","","","","","","","","","","",2909.1,"","","","","","","","","","","","","","",0.4,
1974,"","","","","","","","","","","","","","",2909.5,"","","","","","","","","","","","","","",0.4,
1975,"","","","","","","","","","","","","","",2910,"","","","","","","","","","","","","","",0.4,
1976,"","","","","","","","","","","","","","",2910.4,"","","","","","","","","","","","","","",0.4,
1977,"","","","","","","","","","","","","","",2910.9,"","","","","","","","","","","","","","",0.4,
1978,"","","","","","","","","","","","","","",2911.3,"","","","","","","","","","","","","","",0.4,
1979,"","","","","","","","","","","","","","",2911.7,"","","","","","","","","","","","","","",0.4,
1980,"","","","","","","","","","","","","","",2912.2,"","","","","","","","","","","","","","",0.4,
1981,"","","","","","","","","","","","","","",2912.6,"","","","","","","","","","","","","","",0.4,
1982,"","","","","","","","","","","","","","",2913,"","","","","","","","","","","","","","",0.4,
1983,"","","","","","","","","","","","","","",2913.5,"","","","","","","","","","","","","","",0.4,
1984,"","","","","","","","","","","","","","",2913.9,"","","","","","","","","","","","","","",0.4,
1985,"","","","","","","","","","","","","","",2914.4,"","","","","","","","","","","","","","",0.4,
1986,"","","","","","","","","","","","","","",2914.8,"","","","","","","","","","","","","","",0.4,
1987,"","","","","","","","","","","","","","",2915.2,"","","","","","","","","","","","","","",0.4,
1988,"","","","","","","","","","","","","","",2915.7,"","","","","","","","","","","","","","",0.4,
1989,"","","","","","","","","","","","","","",2916.1,"","","","","","","","","","","","","","",0.4,
1990,"","","","","","","","","","","","","","",2931.9,"","","","","","","","","","","","","","",15.8,
1991,"","","","","","","","","","","","","","",2932.3,"","","","","","","","","","","","","","",0.4,
1992,"","","","","","","","","","","","","","",2932.6,"","","","","","","","","","","","","","",0.4,
1993,"","","","","","","","","","","","","","",2933,"","","","","","","","","","","","","","",0.4,
1994,"","","","","","","","","","","","","","",2933.4,"","","","","","","","","","","","","","",0.4,
1995,"","","","","","","","","","","","","","",2933.8,"","","","","","","","","","","","","","",0.4,
1996,"","","","","","","","","","","","","","",2934.2,"","","","","","","","","","","","","","",0.4,
1997,"","","","","","","","","","","","","","",2934.6,"","","","","","","","","","","","","","",0.4,
1998,"","","","","","","","","","","","","","",2935,"","","","","","","","","","","","","","",0.4,
1999,"","","","","","","","","","","","","","",2935.3,"","","","","","","","","","","","","","",0.4,
2000,"","","","","","","","","","","","","","",2935.7,"","","","","","","","","","","","","","",0.4,
2001,"","","","","","","","","","","","","","",2936.1,"","","","","","","","","","","","","","",0.4,
2002,"","","","","","","","","","","","","","",2936.5,"","","","","","","","","","","","","","",0.4,
2003,"","","","","","","","","","","","","","",2936.9,"","","","","","","","","","","","","","",0.4,
2004,"","","","","","","","","","","","","","",2937.3,"","","","","","","","","","","","","","",0.4,
2005,"","","","","","","","","","","","","","",2937.7,"","","","","","","","","","","","","","",0.4,
2006,"","","","","","","","","","","","","","",2938,"","","","","","","","","","","","","","",0.4,
2007,"","","","","","","","","","","","","","",2938.4,"","","","","","","","","","","","","","",0.4,
2008,"","","","","","","","","","","","","","",2938.8,"","","","","","","","","","","","","","",0.4,
2009,"","","","","","","","","","","","","","",2939.2,"","","","","","","","","","","","","","",0.4,
2010,"","","","","","","","","","","","","","",2940.7,"","","","","","","","","","","","","","",1.5,
2011,"","","","","","","","","","","","","","",2942.6,"","","","","","","","","","","","","","",1.9,
2012,"","","","","","","","","","","","","","",2944.4,"","","","","","","","","","","","","","",1.9,
2013,"","","","","","","","","","","","","","",2946.3,"","","","","","","","","","","","","","",1.9,
2014,"","","","","","","","","","","","","","",2962.6,"","","","","","","","","","","","","","",16.3,
2015,"","","","","","","","","","","","","","",2963,"","","","","","","","","","","","","","",0.4,
2016,"","","","","","","","","","","","","","",2963.4,"","","","","","","","","","","","","","",0.4,
2017,"","","","","","","","","","","","","","",2963.8,"","","","","","","","","","","","","","",0.4,
2018,"","","","","","","","","","","","","","",2964.2,"","","","","","","","","","","","","","",0.4,
2019,"","","","","","","","","","","","","","",2964.6,"","","","","","","","","","","","","","",0.4,
2020,"","","","","","","","","","","","","","",2965,"","","","","","","","","","","","","","",0.4,
2021,"","","","","","","","","","","","","","",2965.3,"","","","","","","","","","","","","","",0.4,
2022,"","","","","","","","","","","","","","",2965.7,"","","","","","","","","","","","","","",0.4,
2023,"","","","","","","","","","","","","","",2966.1,"","","","","","","","","","","","","","",0.4,
2024,"","","","","","","","","","","","","","",2966.5,"","","","","","","","","","","","","","",0.4,
2025,"","","","","","","","","","","","","","",2966.9,"","","","","","","","","","","","","","",0.4,
2026,"","","","","","","","","","","","","","",2967.3,"","","","","","","","","","","","","","",0.4,
2027,"","","","","","","","","","","","","","",2967.7,"","","","","","","","","","","","","","",0.4,
2028,"","","","","","","","","","","","","","",2968.1,"","","","","","","","","","","","","","",0.4,
2029,"","","","","","","","","","","","","","",2968.5,"","","","","","","","","","","","","","",0.4,
2030,"","","","","","","","","","","","","","",2968.9,"","","","","","","","","","","","","","",0.4,
2031,"","","","","","","","","","","","","","",2969.3,"","","","","","","","","","","","","","",0.4,
2032,"","","","","","","","","","","","","","",2969.7,"","","","","","","","","","","","","","",0.4,
2033,"","","","","","","","","","","","","","",2970.3,"","","","","","","","","","","","","","",0.6,
2034,"","","","","","","","","","","","","","",2972,"","","","","","","","","","","","","","",1.7,
2035,"","","","","","","","","","","","","","",2973.7,"","","","","","","","","","","","","","",1.7,
2036,"","","","","","","","","","","","","","",2975.4,"","","","","","","","","","","","","","",1.7,
2037,"","","","","","","","","","","","","","",2977.1,"","","","","","","","","","","","","","",1.7,
2038,"","","","","","","","","","","","","","",2993.3,"","","","","","","","","","","","","","",16.3,
2039,"","","","","","","","","","","","","","",2993.8,"","","","","","","","","","","","","","",0.5,
2040,"","","","","","","","","","","","","","",2994.2,"","","","","","","","","","","","","","",0.5,
2041,"","","","","","","","","","","","","","",2994.7,"","","","","","","","","","","","","","",0.5,
2042,"","","","","","","","","","","","","","",2995.1,"","","","","","","","","","","","","","",0.5,
2043,"","","","","","","","","","","","","","",2995.6,"","","","","","","","","","","","","","",0.5,
2044,"","","","","","","","","","","","","","",2996.1,"","","","","","","","","","","","","","",0.5,
2045,"","","","","","","","","","","","","","",2996.5,"","","","","","","","","","","","","","",0.5,
2046,"","","","","","","","","","","","","","",2997,"","","","","","","","","","","","","","",0.5,
2047,"","","","","","","","","","","","","","",2997.4,"","","","","","","","","","","","","","",0.5,
2048,"","","","","","","","","","","","","","",2997.9,"","","","","","","","","","","","","","",0.5,
2049,"","","","","","","","","","","","","","",2998.3,"","","","","","","","","","","","","","",0.5,
2050,"","","","","","","","","","","","","","",2998.8,"","","","","","","","","","","","","","",0.5,
2051,"","","","","","","","","","","","","","",2999.3,"","","","","","","","","","","","","","",0.5,
2052,"","","","","","","","","","","","","","",2999.7,"","","","","","","","","","","","","","",0.5,
2053,"","","","","","","","","","","","","","",3000.2,"","","","","","","","","","","","","","",0.5,
2054,"","","","","","","","","","","","","","",3000.6,"","","","","","","","","","","","","","",0.5,
2055,"","","","","","","","","","","","","","",3001.6,"","","","","","","","","","","","","","",1,
2056,"","","","","","","","","","","","","","",3002.7,"","","","","","","","","","","","","","",1.1,
2057,"","","","","","","","","","","","","","",3003.7,"","","","","","","","","","","","","","",1.1,
2058,"","","","","","","","","","","","","","",3004.8,"","","","","","","","","","","","","","",1.1,
2059,"","","","","","","","","","","","","","",3005.9,"","","","","","","","","","","","","","",1.1,
2060,"","","","","","","","","","","","","","",3006.9,"","","","","","","","","","","","","","",1.1,
2061,"","","","","","","","","","","","","","",3008,"","","","","","","","","","","","","","",1.1,
2062,"","","","","","","","","","","","","","",3024.2,"","","","","","","","","","","","","","",16.2,
2063,"","","","","","","","","","","","","","",3025,"","","","","","","","","","","","","","",0.7,
2064,"","","","","","","","","","","","","","",3025.7,"","","","","","","","","","","","","","",0.7,
2065,"","","","","","","","","","","","","","",3026.4,"","","","","","","","","","","","","","",0.7,
2066,"","","","","","","","","","","","","","",3027.2,"","","","","","","","","","","","","","",0.7,
2067,"","","","","","","","","","","","","","",3027.9,"","","","","","","","","","","","","","",0.7,
2068,"","","","","","","","","","","","","","",3028.7,"","","","","","","","","","","","","","",0.7,
2069,"","","","","","","","","","","","","","",3029.4,"","","","","","","","","","","","","","",0.7,
2070,"","","","","","","","","","","","","","",3030.1,"","","","","","","","","","","","","","",0.7,
2071,"","","","","","","","","","","","","","",3030.9,"","","","","","","","","","","","","","",0.7,
2072,"","","","","","","","","","","","","","",3031.6,"","","","","","","","","","","","","","",0.7,
2073,"","","","","","","","","","","","","","",3032.1,"","","","","","","","","","","","","","",0.6,
2074,"","","","","","","","","","","","","","",3032.7,"","","","","","","","","","","","","","",0.6,
2075,"","","","","","","","","","","","","","",3033.3,"","","","","","","","","","","","","","",0.6,
2076,"","","","","","","","","","","","","","",3033.9,"","","","","","","","","","","","","","",0.6,
2077,"","","","","","","","","","","","","","",3034.5,"","","","","","","","","","","","","","",0.6,
2078,"","","","","","","","","","","","","","",3035.1,"","","","","","","","","","","","","","",0.6,
2079,"","","","","","","","","","","","","","",3035.6,"","","","","","","","","","","","","","",0.6,
2080,"","","","","","","","","","","","","","",3036.2,"","","","","","","","","","","","","","",0.6,
2081,"","","","","","","","","","","","","","",3036.8,"","","","","","","","","","","","","","",0.6,
2082,"","","","","","","","","","","","","","",3037.4,"","","","","","","","","","","","","","",0.6,
2083,"","","","","","","","","","","","","","",3038,"","","","","","","","","","","","","","",0.6,
2084,"","","","","","","","","","","","","","",3038.6,"","","","","","","","","","","","","","",0.6,
2085,"","","","","","","","","","","","","","",3041.7,"","","","","","","","","","","","","","",3.2,
2086,"","","","","","","","","","","","","","",3062.4,"","","","","","","","","","","","","","",20.6,
2087,"","","","","","","","","","","","","","",3062.8,"","","","","","","","","","","","","","",0.4,
2088,"","","","","","","","","","","","","","",3063.2,"","","","","","","","","","","","","","",0.4,
2089,"","","","","","","","","","","","","","",3063.6,"","","","","","","","","","","","","","",0.4,
2090,"","","","","","","","","","","","","","",3064,"","","","","","","","","","","","","","",0.4,
2091,"","","","","","","","","","","","","","",3064.4,"","","","","","","","","","","","","","",0.4,
2092,"","","","","","","","","","","","","","",3064.8,"","","","","","","","","","","","","","",0.4,
2093,"","","","","","","","","","","","","","",3065.2,"","","","","","","","","","","","","","",0.4,
2094,"","","","","","","","","","","","","","",3065.6,"","","","","","","","","","","","","","",0.4,
2095,"","","","","","","","","","","","","","",3066,"","","","","","","","","","","","","","",0.4,
2096,"","","","","","","","","","","","","","",3066.4,"","","","","","","","","","","","","","",0.4,
2097,"","","","","","","","","","","","","","",3066.8,"","","","","","","","","","","","","","",0.4,
2098,"","","","","","","","","","","","","","",3067.2,"","","","","","","","","","","","","","",0.4,
2099,"","","","","","","","","","","","","","",3067.6,"","","","","","","","","","","","","","",0.4,
2100,"","","","","","","","","","","","","","",3068,"","","","","","","","","","","","","","",0.4,
2101,"","","","","","","","","","","","","","",3068.4,"","","","","","","","","","","","","","",0.4,
2102,"","","","","","","","","","","","","","",3068.9,"","","","","","","","","","","","","","",0.4,
2103,"","","","","","","","","","","","","","",3069.3,"","","","","","","","","","","","","","",0.4,
2104,"","","","","","","","","","","","","","",3069.7,"","","","","","","","","","","","","","",0.4,
2105,"","","","","","","","","","","","","","",3070.9,"","","","","","","","","","","","","","",1.3,
2106,"","","","","","","","","","","","","","",3072.4,"","","","","","","","","","","","","","",1.5,
2107,"","","","","","","","","","","","","","",3073.9,"","","","","","","","","","","","","","",1.5,
2108,"","","","","","","","","","","","","","",3075.4,"","","","","","","","","","","","","","",1.5,
2109,"","","","","","","","","","","","","","",3076.8,"","","","","","","","","","","","","","",1.5,
2110,"","","","","","","","","","","","","","",3093,"","","","","","","","","","","","","","",16.2,
2111,"","","","","","","","","","","","","","",3093.7,"","","","","","","","","","","","","","",0.7,
2112,"","","","","","","","","","","","","","",3094.4,"","","","","","","","","","","","","","",0.7,
2113,"","","","","","","","","","","","","","",3095.1,"","","","","","","","","","","","","","",0.7,
2114,"","","","","","","","","","","","","","",3095.7,"","","","","","","","","","","","","","",0.7,
2115,"","","","","","","","","","","","","","",3096.4,"","","","","","","","","","","","","","",0.7,
2116,"","","","","","","","","","","","","","",3097.1,"","","","","","","","","","","","","","",0.7,
2117,"","","","","","","","","","","","","","",3097.8,"","","","","","","","","","","","","","",0.7,
2118,"","","","","","","","","","","","","","",3098.4,"","","","","","","","","","","","","","",0.7,
2119,"","","","","","","","","","","","","","",3099.1,"","","","","","","","","","","","","","",0.7,
2120,"","","","","","","","","","","","","","",3099.8,"","","","","","","","","","","","","","",0.7,
2121,"","","","","","","","","","","","","","",3100.4,"","","","","","","","","","","","","","",0.6,
2122,"","","","","","","","","","","","","","",3101,"","","","","","","","","","","","","","",0.6,
2123,"","","","","","","","","","","","","","",3101.6,"","","","","","","","","","","","","","",0.6,
2124,"","","","","","","","","","","","","","",3102.2,"","","","","","","","","","","","","","",0.6,
2125,"","","","","","","","","","","","","","",3102.8,"","","","","","","","","","","","","","",0.6,
2126,"","","","","","","","","","","","","","",3103.4,"","","","","","","","","","","","","","",0.6,
2127,"","","","","","","","","","","","","","",3104,"","","","","","","","","","","","","","",0.6,
2128,"","","","","","","","","","","","","","",3104.6,"","","","","","","","","","","","","","",0.6,
2129,"","","","","","","","","","","","","","",3105.2,"","","","","","","","","","","","","","",0.6,
2130,"","","","","","","","","","","","","","",3105.8,"","","","","","","","","","","","","","",0.6,
2131,"","","","","","","","","","","","","","",3106.3,"","","","","","","","","","","","","","",0.6,
2132,"","","","","","","","","","","","","","",3106.9,"","","","","","","","","","","","","","",0.6,
2133,"","","","","","","","","","","","","","",3107.5,"","","","","","","","","","","","","","",0.6,
2134,"","","","","","","","","","","","","","",3123.2,"","","","","","","","","","","","","","",15.7,
2135,"","","","","","","","","","","","","","",3123.6,"","","","","","","","","","","","","","",0.4,
2136,"","","","","","","","","","","","","","",3124,"","","","","","","","","","","","","","",0.4,
2137,"","","","","","","","","","","","","","",3124.4,"","","","","","","","","","","","","","",0.4,
2138,"","","","","","","","","","","","","","",3124.8,"","","","","","","","","","","","","","",0.4,
2139,"","","","","","","","","","","","","","",3125.1,"","","","","","","","","","","","","","",0.4,
2140,"","","","","","","","","","","","","","",3125.5,"","","","","","","","","","","","","","",0.4,
2141,"","","","","","","","","","","","","","",3125.9,"","","","","","","","","","","","","","",0.4,
2142,"","","","","","","","","","","","","","",3126.3,"","","","","","","","","","","","","","",0.4,
2143,"","","","","","","","","","","","","","",3126.7,"","","","","","","","","","","","","","",0.4,
2144,"","","","","","","","","","","","","","",3127,"","","","","","","","","","","","","","",0.4,
2145,"","","","","","","","","","","","","","",3127.4,"","","","","","","","","","","","","","",0.4,
2146,"","","","","","","","","","","","","","",3127.8,"","","","","","","","","","","","","","",0.4,
2147,"","","","","","","","","","","","","","",3128.2,"","","","","","","","","","","","","","",0.4,
2148,"","","","","","","","","","","","","","",3128.6,"","","","","","","","","","","","","","",0.4,
2149,"","","","","","","","","","","","","","",3128.9,"","","","","","","","","","","","","","",0.4,
2150,"","","","","","","","","","","","","","",3129.3,"","","","","","","","","","","","","","",0.4,
2151,"","","","","","","","","","","","","","",3129.7,"","","","","","","","","","","","","","",0.4,
2152,"","","","","","","","","","","","","","",3130.1,"","","","","","","","","","","","","","",0.4,
2153,"","","","","","","","","","","","","","",3130.5,"","","","","","","","","","","","","","",0.4,
2154,"","","","","","","","","","","","","","",3131.8,"","","","","","","","","","","","","","",1.3,
2155,"","","","","","","","","","","","","","",3133.7,"","","","","","","","","","","","","","",1.9,
2156,"","","","","","","","","","","","","","",3135.6,"","","","","","","","","","","","","","",1.9,
2157,"","","","","","","","","","","","","","",3137.6,"","","","","","","","","","","","","","",1.9,
2158,"","","","","","","","","","","","","","",3153.8,"","","","","","","","","","","","","","",16.2,
2159,"","","","","","","","","","","","","","",3154.1,"","","","","","","","","","","","","","",0.3,
2160,"","","","","","","","","","","","","","",3154.4,"","","","","","","","","","","","","","",0.3,
2161,"","","","","","","","","","","","","","",3154.7,"","","","","","","","","","","","","","",0.3,
2162,"","","","","","","","","","","","","","",3155,"","","","","","","","","","","","","","",0.3,
2163,"","","","","","","","","","","","","","",3155.3,"","","","","","","","","","","","","","",0.3,
2164,"","","","","","","","","","","","","","",3155.7,"","","","","","","","","","","","","","",0.3,
2165,"","","","","","","","","","","","","","",3156,"","","","","","","","","","","","","","",0.3,
2166,"","","","","","","","","","","","","","",3156.3,"","","","","","","","","","","","","","",0.3,
2167,"","","","","","","","","","","","","","",3156.6,"","","","","","","","","","","","","","",0.3,
2168,"","","","","","","","","","","","","","",3156.9,"","","","","","","","","","","","","","",0.3,
2169,"","","","","","","","","","","","","","",3157.2,"","","","","","","","","","","","","","",0.3,
2170,"","","","","","","","","","","","","","",3157.6,"","","","","","","","","","","","","","",0.3,
2171,"","","","","","","","","","","","","","",3157.9,"","","","","","","","","","","","","","",0.3,
2172,"","","","","","","","","","","","","","",3158.2,"","","","","","","","","","","","","","",0.3,
2173,"","","","","","","","","","","","","","",3158.5,"","","","","","","","","","","","","","",0.3,
2174,"","","","","","","","","","","","","","",3158.8,"","","","","","","","","","","","","","",0.3,
2175,"","","","","","","","","","","","","","",3159.2,"","","","","","","","","","","","","","",0.3,
2176,"","","","","","","","","","","","","","",3159.5,"","","","","","","","","","","","","","",0.3,
2177,"","","","","","","","","","","","","","",3159.8,"","","","","","","","","","","","","","",0.3,
2178,"","","","","","","","","","","","","","",3160.1,"","","","","","","","","","","","","","",0.3,
2179,"","","","","","","","","","","","","","",3160.4,"","","","","","","","","","","","","","",0.3,
2180,"","","","","","","","","","","","","","",3160.7,"","","","","","","","","","","","","","",0.3,
2181,"","","","","","","","","","","","","","",3161.1,"","","","","","","","","","","","","","",0.3,
2182,"","","","","","","","","","","","","","",3169.1,"","","","","","","","","","","","","","",8,
2183,"","","","","","","","","","","","","","",3169.4,"","","","","","","","","","","","","","",0.3,
2184,"","","","","","","","","","","","","","",3169.7,"","","","","","","","","","","","","","",0.3,
2185,"","","","","","","","","","","","","","",3170,"","","","","","","","","","","","","","",0.3,
2186,"","","","","","","","","","","","","","",3170.3,"","","","","","","","","","","","","","",0.3,
2187,"","","","","","","","","","","","","","",3170.6,"","","","","","","","","","","","","","",0.3,
2188,"","","","","","","","","","","","","","",3171,"","","","","","","","","","","","","","",0.3,
2189,"","","","","","","","","","","","","","",3171.3,"","","","","","","","","","","","","","",0.3,
2190,"","","","","","","","","","","","","","",3171.6,"","","","","","","","","","","","","","",0.3,
2191,"","","","","","","","","","","","","","",3171.9,"","","","","","","","","","","","","","",0.3,
2192,"","","","","","","","","","","","","","",3172.2,"","","","","","","","","","","","","","",0.3,
2193,"","","","","","","","","","","","","","",3172.5,"","","","","","","","","","","","","","",0.3,
2194,"","","","","","","","","","","","","","",3172.9,"","","","","","","","","","","","","","",0.3,
2195,"","","","","","","","","","","","","","",3173.2,"","","","","","","","","","","","","","",0.3,
2196,"","","","","","","","","","","","","","",3173.5,"","","","","","","","","","","","","","",0.3,
2197,"","","","","","","","","","","","","","",3173.8,"","","","","","","","","","","","","","",0.3,
2198,"","","","","","","","","","","","","","",3174.1,"","","","","","","","","","","","","","",0.3,
2199,"","","","","","","","","","","","","","",3174.4,"","","","","","","","","","","","","","",0.3,
2200,"","","","","","","","","","","","","","",3174.8,"","","","","","","","","","","","","","",0.3,
2201,"","","","","","","","","","","","","","",3175.1,"","","","","","","","","","","","","","",0.3,
2202,"","","","","","","","","","","","","","",3175.4,"","","","","","","","","","","","","","",0.3,
2203,"","","","","","","","","","","","","","",3175.7,"","","","","","","","","","","","","","",0.3,
2204,"","","","","","","","","","","","","","",3176,"","","","","","","","","","","","","","",0.3,
2205,"","","","","","","","","","","","","","",3176.3,"","","","","","","","","","","","","","",0.3,
2206,"","","","","","","","","","","","","","",3192,"","","","","","","","","","","","","","",15.6,
2207,"","","","","","","","","","","","","","",3192.3,"","","","","","","","","","","","","","",0.3,
2208,"","","","","","","","","","","","","","",3192.6,"","","","","","","","","","","","","","",0.3,
2209,"","","","","","","","","","","","","","",3192.9,"","","","","","","","","","","","","","",0.3,
2210,"","","","","","","","","","","","","","",3193.2,"","","","","","","","","","","","","","",0.3,
2211,"","","","","","","","","","","","","","",3193.6,"","","","","","","","","","","","","","",0.3,
2212,"","","","","","","","","","","","","","",3193.9,"","","","","","","","","","","","","","",0.3,
2213,"","","","","","","","","","","","","","",3194.2,"","","","","","","","","","","","","","",0.3,
2214,"","","","","","","","","","","","","","",3194.5,"","","","","","","","","","","","","","",0.3,
2215,"","","","","","","","","","","","","","",3194.8,"","","","","","","","","","","","","","",0.3,
2216,"","","","","","","","","","","","","","",3195.1,"","","","","","","","","","","","","","",0.3,
2217,"","","","","","","","","","","","","","",3195.5,"","","","","","","","","","","","","","",0.3,
2218,"","","","","","","","","","","","","","",3195.8,"","","","","","","","","","","","","","",0.3,
2219,"","","","","","","","","","","","","","",3196.1,"","","","","","","","","","","","","","",0.3,
2220,"","","","","","","","","","","","","","",3196.4,"","","","","","","","","","","","","","",0.3,
2221,"","","","","","","","","","","","","","",3196.7,"","","","","","","","","","","","","","",0.3,
2222,"","","","","","","","","","","","","","",3197,"","","","","","","","","","","","","","",0.3,
2223,"","","","","","","","","","","","","","",3197.3,"","","","","","","","","","","","","","",0.3,
2224,"","","","","","","","","","","","","","",3197.7,"","","","","","","","","","","","","","",0.3,
2225,"","","","","","","","","","","","","","",3198,"","","","","","","","","","","","","","",0.3,
2226,"","","","","","","","","","","","","","",3198.3,"","","","","","","","","","","","","","",0.3,
2227,"","","","","","","","","","","","","","",3198.6,"","","","","","","","","","","","","","",0.3,
2228,"","","","","","","","","","","","","","",3198.9,"","","","","","","","","","","","","","",0.3,
2229,"","","","","","","","","","","","","","",3199.2,"","","","","","","","","","","","","","",0.3,
2230,"","","","","","","","","","","","","","",3207.2,"","","","","","","","","","","","","","",7.9,
2231,"","","","","","","","","","","","","","",3207.5,"","","","","","","","","","","","","","",0.3,
2232,"","","","","","","","","","","","","","",3207.8,"","","","","","","","","","","","","","",0.3,
2233,"","","","","","","","","","","","","","",3208.1,"","","","","","","","","","","","","","",0.3,
2234,"","","","","","","","","","","","","","",3208.4,"","","","","","","","","","","","","","",0.3,
2235,"","","","","","","","","","","","","","",3208.7,"","","","","","","","","","","","","","",0.3,
2236,"","","","","","","","","","","","","","",3209.1,"","","","","","","","","","","","","","",0.3,
2237,"","","","","","","","","","","","","","",3209.4,"","","","","","","","","","","","","","",0.3,
2238,"","","","","","","","","","","","","","",3209.7,"","","","","","","","","","","","","","",0.3,
2239,"","","","","","","","","","","","","","",3210,"","","","","","","","","","","","","","",0.3,
2240,"","","","","","","","","","","","","","",3210.3,"","","","","","","","","","","","","","",0.3,
2241,"","","","","","","","","","","","","","",3210.6,"","","","","","","","","","","","","","",0.3,
2242,"","","","","","","","","","","","","","",3211,"","","","","","","","","","","","","","",0.3,
2243,"","","","","","","","","","","","","","",3211.3,"","","","","","","","","","","","","","",0.3,
2244,"","","","","","","","","","","","","","",3211.6,"","","","","","","","","","","","","","",0.3,
2245,"","","","","","","","","","","","","","",3211.9,"","","","","","","","","","","","","","",0.3,
2246,"","","","","","","","","","","","","","",3212.2,"","","","","","","","","","","","","","",0.3,
2247,"","","","","","","","","","","","","","",3212.5,"","","","","","","","","","","","","","",0.3,
2248,"","","","","","","","","","","","","","",3212.8,"","","","","","","","","","","","","","",0.3,
2249,"","","","","","","","","","","","","","",3213.2,"","","","","","","","","","","","","","",0.3,
2250,"","","","","","","","","","","","","","",3213.5,"","","","","","","","","","","","","","",0.3,
2251,"","","","","","","","","","","","","","",3213.8,"","","","","","","","","","","","","","",0.3,
2252,"","","","","","","","","","","","","","",3214.1,"","","","","","","","","","","","","","",0.3,
2253,"","","","","","","","","","","","","","",3214.4,"","","","","","","","","","","","","","",0.3,
2254,"","","","","","","","","","","","","","",3222.4,"","","","","","","","","","","","","","",8,
2255,"","","","","","","","","","","","","","",3222.7,"","","","","","","","","","","","","","",0.3,
2256,"","","","","","","","","","","","","","",3223,"","","","","","","","","","","","","","",0.3,
2257,"","","","","","","","","","","","","","",3223.3,"","","","","","","","","","","","","","",0.3,
2258,"","","","","","","","","","","","","","",3223.7,"","","","","","","","","","","","","","",0.3,
2259,"","","","","","","","","","","","","","",3224,"","","","","","","","","","","","","","",0.3,
2260,"","","","","","","","","","","","","","",3224.3,"","","","","","","","","","","","","","",0.3,
2261,"","","","","","","","","","","","","","",3224.6,"","","","","","","","","","","","","","",0.3,
2262,"","","","","","","","","","","","","","",3224.9,"","","","","","","","","","","","","","",0.3,
2263,"","","","","","","","","","","","","","",3225.2,"","","","","","","","","","","","","","",0.3,
2264,"","","","","","","","","","","","","","",3225.6,"","","","","","","","","","","","","","",0.3,
2265,"","","","","","","","","","","","","","",3225.9,"","","","","","","","","","","","","","",0.3,
2266,"","","","","","","","","","","","","","",3226.2,"","","","","","","","","","","","","","",0.3,
2267,"","","","","","","","","","","","","","",3226.5,"","","","","","","","","","","","","","",0.3,
2268,"","","","","","","","","","","","","","",3226.8,"","","","","","","","","","","","","","",0.3,
2269,"","","","","","","","","","","","","","",3227.2,"","","","","","","","","","","","","","",0.3,
2270,"","","","","","","","","","","","","","",3227.5,"","","","","","","","","","","","","","",0.3,
2271,"","","","","","","","","","","","","","",3227.8,"","","","","","","","","","","","","","",0.3,
2272,"","","","","","","","","","","","","","",3228.1,"","","","","","","","","","","","","","",0.3,
2273,"","","","","","","","","","","","","","",3228.4,"","","","","","","","","","","","","","",0.3,
2274,"","","","","","","","","","","","","","",3228.7,"","","","","","","","","","","","","","",0.3,
2275,"","","","","","","","","","","","","","",3229.1,"","","","","","","","","","","","","","",0.3,
2276,"","","","","","","","","","","","","","",3229.4,"","","","","","","","","","","","","","",0.3,
2277,"","","","","","","","","","","","","","",3229.7,"","","","","","","","","","","","","","",0.3,
2278,"","","","","","","","","","","","","","",3237.7,"","","","","","","","","","","","","","",8,
2279,"","","","","","","","","","","","","","",3238,"","","","","","","","","","","","","","",0.3,
2280,"","","","","","","","","","","","","","",3238.4,"","","","","","","","","","","","","","",0.3,
2281,"","","","","","","","","","","","","","",3238.7,"","","","","","","","","","","","","","",0.3,
2282,"","","","","","","","","","","","","","",3239,"","","","","","","","","","","","","","",0.3,
2283,"","","","","","","","","","","","","","",3239.3,"","","","","","","","","","","","","","",0.3,
2284,"","","","","","","","","","","","","","",3239.6,"","","","","","","","","","","","","","",0.3,
2285,"","","","","","","","","","","","","","",3240,"","","","","","","","","","","","","","",0.3,
2286,"","","","","","","","","","","","","","",3240.3,"","","","","","","","","","","","","","",0.3,
2287,"","","","","","","","","","","","","","",3240.6,"","","","","","","","","","","","","","",0.3,
2288,"","","","","","","","","","","","","","",3240.9,"","","","","","","","","","","","","","",0.3,
2289,"","","","","","","","","","","","","","",3241.2,"","","","","","","","","","","","","","",0.3,
2290,"","","","","","","","","","","","","","",3241.6,"","","","","","","","","","","","","","",0.3,
2291,"","","","","","","","","","","","","","",3241.9,"","","","","","","","","","","","","","",0.3,
2292,"","","","","","","","","","","","","","",3242.2,"","","","","","","","","","","","","","",0.3,
2293,"","","","","","","","","","","","","","",3242.5,"","","","","","","","","","","","","","",0.3,
2294,"","","","","","","","","","","","","","",3242.8,"","","","","","","","","","","","","","",0.3,
2295,"","","","","","","","","","","","","","",3243.2,"","","","","","","","","","","","","","",0.3,
2296,"","","","","","","","","","","","","","",3243.5,"","","","","","","","","","","","","","",0.3,
2297,"","","","","","","","","","","","","","",3243.8,"","","","","","","","","","","","","","",0.3,
2298,"","","","","","","","","","","","","","",3244.1,"","","","","","","","","","","","","","",0.3,
2299,"","","","","","","","","","","","","","",3244.4,"","","","","","","","","","","","","","",0.3,
2300,"","","","","","","","","","","","","","",3244.7,"","","","","","","","","","","","","","",0.3,
2301,"","","","","","","","","","","","","","",3245.1,"","","","","","","","","","","","","","",0.3,
2302,"","","","","","","","","","","","","","",3253.1,"","","","","","","","","","","","","","",8,
2303,"","","","","","","","","","","","","","",3253.4,"","","","","","","","","","","","","","",0.3,
2304,"","","","","","","","","","","","","","",3253.7,"","","","","","","","","","","","","","",0.3,
2305,"","","","","","","","","","","","","","",3254.1,"","","","","","","","","","","","","","",0.3,
2306,"","","","","","","","","","","","","","",3254.4,"","","","","","","","","","","","","","",0.3,
2307,"","","","","","","","","","","","","","",3254.7,"","","","","","","","","","","","","","",0.3,
2308,"","","","","","","","","","","","","","",3255,"","","","","","","","","","","","","","",0.3,
2309,"","","","","","","","","","","","","","",3255.3,"","","","","","","","","","","","","","",0.3,
2310,"","","","","","","","","","","","","","",3255.7,"","","","","","","","","","","","","","",0.3,
2311,"","","","","","","","","","","","","","",3256,"","","","","","","","","","","","","","",0.3,
2312,"","","","","","","","","","","","","","",3256.3,"","","","","","","","","","","","","","",0.3,
2313,"","","","","","","","","","","","","","",3256.6,"","","","","","","","","","","","","","",0.3,
2314,"","","","","","","","","","","","","","",3256.9,"","","","","","","","","","","","","","",0.3,
2315,"","","","","","","","","","","","","","",3257.3,"","","","","","","","","","","","","","",0.3,
2316,"","","","","","","","","","","","","","",3257.6,"","","","","","","","","","","","","","",0.3,
2317,"","","","","","","","","","","","","","",3257.9,"","","","","","","","","","","","","","",0.3,
2318,"","","","","","","","","","","","","","",3258.2,"","","","","","","","","","","","","","",0.3,
2319,"","","","","","","","","","","","","","",3258.5,"","","","","","","","","","","","","","",0.3,
2320,"","","","","","","","","","","","","","",3258.9,"","","","","","","","","","","","","","",0.3,
2321,"","","","","","","","","","","","","","",3259.2,"","","","","","","","","","","","","","",0.3,
2322,"","","","","","","","","","","","","","",3259.5,"","","","","","","","","","","","","","",0.3,
2323,"","","","","","","","","","","","","","",3259.8,"","","","","","","","","","","","","","",0.3,
2324,"","","","","","","","","","","","","","",3260.2,"","","","","","","","","","","","","","",0.3,
2325,"","","","","","","","","","","","","","",3260.5,"","","","","","","","","","","","","","",0.3,
2326,"","","","","","","","","","","","","","",3276.1,"","","","","","","","","","","","","","",40.6,
